loss,tick,population,n_active,median,q10,q90
0,0,Predators,30,10,10,10
0,0,Prey,30,100,100,100
0,10,Predators,30,10,10,10
0,10,Prey,30,109,105,113.10000000000001
0,20,Predators,30,10,10,11
0,20,Prey,30,140.5,131.9,149.4
0,30,Predators,30,10,10,11
0,30,Prey,30,199.5,181.9,210.70000000000002
0,40,Predators,30,10,10,11
0,40,Prey,30,285,260.4,307.3
0,50,Predators,30,10,10,11.100000000000001
0,50,Prey,30,406,374.4,446.1
0,60,Predators,30,10,10,11.100000000000001
0,60,Prey,30,579.5,532.8000000000001,635.4000000000001
0,70,Predators,30,10.5,10,12
0,70,Prey,30,824,744,904.4
0,80,Predators,30,8,6,10.100000000000001
0,80,Prey,30,1164.5,1039.7,1256.1000000000001
0,90,Predators,30,8,6,10.100000000000001
0,90,Prey,30,1603,1428.3000000000002,1717.9
0,100,Predators,30,8,6,10.100000000000001
0,100,Prey,30,2200,2006.6000000000001,2359.4
0,110,Predators,30,9,6,11
0,110,Prey,30,2956,2744,3182.6000000000004
0,120,Predators,30,9,6.9,11.100000000000001
0,120,Prey,30,3924,3585.8,4200.4000000000005
0,130,Predators,30,9,6.9,12.300000000000004
0,130,Prey,30,5079,4649.6,5414.3
0,140,Predators,30,9.5,7.9,13.200000000000003
0,140,Prey,30,6390,5915.5,6719.8
0,150,Predators,30,10,7.9,16
0,150,Prey,30,7747.5,7252,8163.4
0,160,Predators,30,11,7.9,16.1
0,160,Prey,30,9087,8555.1,9555
0,170,Predators,30,11,7,17
0,170,Prey,30,10317.5,9829.1,10891.300000000001
0,180,Predators,30,11,7,17.1
0,180,Prey,30,11462.5,10994.4,11955.6
0,190,Predators,30,12.5,7.9,17.1
0,190,Prey,30,12322,11868.4,12695
0,200,Predators,30,13,7.9,18
0,200,Prey,30,12872,12591.5,13183.9
0,210,Predators,30,13,7.9,19
0,210,Prey,30,13177,12895.6,13396.2
0,220,Predators,30,13,7.9,20
0,220,Prey,30,13219.5,13009.9,13414.599999999999
0,230,Predators,30,13.5,8,20.1
0,230,Prey,30,13092,12920.9,13314.699999999999
0,240,Predators,30,14,8.9,20.300000000000004
0,240,Prey,30,12879.5,12573.8,13073.3
0,250,Predators,30,14.5,9,21.300000000000004
0,250,Prey,30,12564,12256.4,12743.1
0,260,Predators,30,15,9,24
0,260,Prey,30,12150,11847.300000000001,12357
0,270,Predators,30,15,9.9,24.200000000000003
0,270,Prey,30,11673.5,11434.3,11901.5
0,280,Predators,30,16,10,26
0,280,Prey,30,11211,10951.300000000001,11421.9
0,290,Predators,30,16.5,10,25.200000000000003
0,290,Prey,30,10658.5,10440.6,10897.4
0,300,Predators,30,16.5,10.9,25.300000000000004
0,300,Prey,30,10103.5,9847.1,10354.6
0,310,Predators,30,16.5,10.8,26.200000000000003
0,310,Prey,30,9524,9288.1,9772.4
0,320,Predators,30,17,10.9,27.300000000000004
0,320,Prey,30,8930,8700.1,9248.300000000001
0,330,Predators,30,18,10.9,30
0,330,Prey,30,8384.5,8185,8604
0,340,Predators,30,19,11,31
0,340,Prey,30,7834.5,7613.4000000000005,8075.4
0,350,Predators,30,19,12,32.1
0,350,Prey,30,7285,7053.1,7478
0,360,Predators,30,20,11.9,33
0,360,Prey,30,6751,6504.6,6946.1
0,370,Predators,30,20,12,34
0,370,Prey,30,6204,5970.1,6442.5
0,380,Predators,30,20,12.9,34.1
0,380,Prey,30,5703,5455.8,5914.2
0,390,Predators,30,21.5,13.8,33.1
0,390,Prey,30,5217.5,5002.3,5446
0,400,Predators,30,22,13.8,34.2
0,400,Prey,30,4771.5,4531.3,4944.1
0,410,Predators,30,21,13.8,34.300000000000004
0,410,Prey,30,4314.5,4143.6,4476.8
0,420,Predators,30,22,13.8,36.1
0,420,Prey,30,3916.5,3751.2,4125.4000000000005
0,430,Predators,30,22.5,13.8,36.1
0,430,Prey,30,3539,3370.6,3712.1
0,440,Predators,30,23,14.8,36.2
0,440,Prey,30,3197.5,3006.9,3334.2
0,450,Predators,30,23.5,14.8,36.300000000000004
0,450,Prey,30,2884,2726.1000000000004,3018.3999999999996
0,460,Predators,30,23,14,37.2
0,460,Prey,30,2589.5,2452.3,2751.4
0,470,Predators,30,24,13.9,37
0,470,Prey,30,2328.5,2163.8,2460.7
0,480,Predators,30,24.5,14,37
0,480,Prey,30,2103.5,1927.2,2209.4
0,490,Predators,30,25.5,14,38.1
0,490,Prey,30,1904,1734.4,1983.5
0,500,Predators,30,25.5,14,38.2
0,500,Prey,30,1733,1551.2,1822.1000000000001
0,510,Predators,30,27,14.9,40.1
0,510,Prey,30,1558.5,1373.7,1646.8000000000002
0,520,Predators,30,28,15.9,41.1
0,520,Prey,30,1415.5,1260,1501.5
0,530,Predators,30,28,15.8,41
0,530,Prey,30,1298.5,1151.5,1379.6000000000001
0,540,Predators,30,28.5,15,41.1
0,540,Prey,30,1182.5,1050.5,1286.1000000000001
0,550,Predators,30,29.5,14.9,42.1
0,550,Prey,30,1088.5,967.4,1185.3000000000002
0,560,Predators,30,31.5,14.9,43
0,560,Prey,30,997,874.6,1103.6000000000001
0,570,Predators,30,31.5,15.8,44.1
0,570,Prey,30,926.5,823.6,1041
0,580,Predators,30,31.5,16.700000000000003,45
0,580,Prey,30,867,770.3000000000001,959.9000000000001
0,590,Predators,30,32,15.700000000000001,45.1
0,590,Prey,30,813.5,735.2,917.7
0,600,Predators,30,32,16.700000000000003,46
0,600,Prey,30,769,703.4,874.4000000000001
0,610,Predators,30,31.5,15.8,48
0,610,Prey,30,736,670.8,828.1000000000001
0,620,Predators,30,31.5,14.9,48.1
0,620,Prey,30,705,649.3,816.6
0,630,Predators,30,31.5,15.9,49
0,630,Prey,30,680.5,617.8000000000001,793.8000000000001
0,640,Predators,30,32.5,16.8,51.1
0,640,Prey,30,668,602.6999999999999,769.9
0,650,Predators,30,33.5,16.9,50
0,650,Prey,30,663,603.8000000000001,762.1
0,660,Predators,30,33.5,17.9,51.1
0,660,Prey,30,657.5,606.8000000000001,748.7
0,670,Predators,30,32.5,17.8,50.2
0,670,Prey,30,663.5,615.8000000000001,753.5
0,680,Predators,30,32,16.9,51.300000000000004
0,680,Prey,30,691,626.5,761.4
0,690,Predators,30,32.5,16,51.2
0,690,Prey,30,714.5,644.7,781.2
0,700,Predators,30,32.5,16,54
0,700,Prey,30,762,691.9,813.0000000000001
0,710,Predators,30,33,17,55
0,710,Prey,30,817,725.5,878.5
0,720,Predators,30,34,17,54.1
0,720,Prey,30,874,789.7,946.2
0,730,Predators,30,33.5,17.9,55
0,730,Prey,30,963,858.6999999999999,1045.4
0,740,Predators,30,34,18.900000000000002,56.1
0,740,Prey,30,1075,971.5,1179.1
0,750,Predators,30,35,19,57.1
0,750,Prey,30,1194.5,1077.7,1325
0,760,Predators,30,34.5,19.9,56.1
0,760,Prey,30,1363.5,1193.7,1488.6000000000001
0,770,Predators,30,35,19.9,58.1
0,770,Prey,30,1540,1331.8,1686.1000000000001
0,780,Predators,30,36.5,20.9,58.300000000000004
0,780,Prey,30,1746,1519.9,1922.3000000000002
0,790,Predators,30,38,20.9,60.60000000000001
0,790,Prey,30,1991.5,1728.8,2171.1000000000004
0,800,Predators,30,39,21.8,61.70000000000001
0,800,Prey,30,2222.5,1958.3,2479.4000000000005
0,810,Predators,30,40,21.8,65.70000000000002
0,810,Prey,30,2498,2205.6,2791.0000000000005
0,820,Predators,30,42.5,22.700000000000003,66.80000000000001
0,820,Prey,30,2784,2466.9,3122.4000000000005
0,830,Predators,30,43,23.9,67.9
0,830,Prey,30,3074.5,2746,3452.6000000000004
0,840,Predators,30,46,25.700000000000003,68.80000000000001
0,840,Prey,30,3388.5,3102.3999999999996,3769.1000000000004
0,850,Predators,30,47.5,26.6,71.60000000000001
0,850,Prey,30,3669,3435,4112.8
0,860,Predators,30,49,26.700000000000003,72.70000000000002
0,860,Prey,30,3939.5,3728.5,4435.9000000000005
0,870,Predators,30,50,27.700000000000003,72.9
0,870,Prey,30,4195,3972.8,4699.200000000001
0,880,Predators,30,50.5,27.700000000000003,74.80000000000001
0,880,Prey,30,4468.5,4138.9,4866
0,890,Predators,30,53,27.8,76.80000000000001
0,890,Prey,30,4647,4274.8,4967.5
0,900,Predators,30,54,29.700000000000003,79.4
0,900,Prey,30,4738.5,4418.8,5024.9
0,910,Predators,30,54,29,78.5
0,910,Prey,30,4771.5,4394.7,5028.7
0,920,Predators,30,53,29.9,76.60000000000001
0,920,Prey,30,4745.5,4371.9000000000005,4958.9000000000005
0,930,Predators,30,53.5,31,78.9
0,930,Prey,30,4646.5,4346.6,4868.700000000001
0,940,Predators,30,54.5,34.900000000000006,80.70000000000002
0,940,Prey,30,4548.5,4280.2,4702.1
0,950,Predators,30,58,34,79.10000000000002
0,950,Prey,30,4369,4087.7999999999997,4547.3
0,960,Predators,30,58,34.800000000000004,82.70000000000002
0,960,Prey,30,4174,3886.6,4390
0,970,Predators,30,59.5,35.8,81.90000000000002
0,970,Prey,30,3952,3673.9,4195.8
0,980,Predators,30,62,35,82.80000000000001
0,980,Prey,30,3728.5,3467.2,3946.9
0,990,Predators,30,63,34.900000000000006,86.70000000000002
0,990,Prey,30,3465,3209.5,3699.8999999999996
0,1000,Predators,30,65,36.9,86.60000000000001
0,1000,Prey,30,3234,2993.2,3478.8
0,1010,Predators,30,65,37.900000000000006,84.80000000000001
0,1010,Prey,30,3017.5,2793.7,3225
0,1020,Predators,30,64,37.7,86.5
0,1020,Prey,30,2839,2613,3018.4
0,1030,Predators,30,65.5,38.6,85.80000000000001
0,1030,Prey,30,2655,2431.2000000000003,2826
0,1040,Predators,30,66.5,40.6,89.60000000000002
0,1040,Prey,30,2457,2223,2656
0,1050,Predators,30,67,41.599999999999994,89.60000000000002
0,1050,Prey,30,2274.5,2036.5,2478.6
0,1060,Predators,30,66.5,41.699999999999996,88.70000000000002
0,1060,Prey,30,2109,1873.6,2314.3
0,1070,Predators,30,67.5,44.2,89.70000000000002
0,1070,Prey,30,1953,1742,2163.7
0,1080,Predators,30,69.5,46.400000000000006,92
0,1080,Prey,30,1821,1605.6000000000001,2023.2
0,1090,Predators,30,71,46.400000000000006,92.4
0,1090,Prey,30,1692.5,1475.1,1890.1
0,1100,Predators,30,73,45.400000000000006,94.4
0,1100,Prey,30,1578.5,1376.6000000000001,1779.3
0,1110,Predators,30,73,46.5,94.80000000000001
0,1110,Prey,30,1475,1273.1999999999998,1690.3
0,1120,Predators,30,74,47.300000000000004,97.60000000000002
0,1120,Prey,30,1388.5,1175.8999999999999,1584.3
0,1130,Predators,30,74,48.4,98.80000000000001
0,1130,Prey,30,1305.5,1107.6000000000001,1500.0000000000002
0,1140,Predators,30,74.5,49.5,98.80000000000001
0,1140,Prey,30,1241,1030.2,1431.2000000000003
0,1150,Predators,30,76,49.5,97.10000000000002
0,1150,Prey,30,1186,1002.1,1359.2000000000003
0,1160,Predators,30,78,50.2,98.80000000000001
0,1160,Prey,30,1139.5,955.2,1318
0,1170,Predators,30,77,52.1,106.2
0,1170,Prey,30,1084.5,939.3,1279.6
0,1180,Predators,30,76.5,53.00000000000001,106.4
0,1180,Prey,30,1051.5,937.2,1232.7
0,1190,Predators,30,76.5,53.10000000000001,106.1
0,1190,Prey,30,1017,908.7,1206.8999999999999
0,1200,Predators,30,76.5,53.10000000000001,107.1
0,1200,Prey,30,997.5,900,1185.1000000000001
0,1210,Predators,30,77,53.10000000000001,109
0,1210,Prey,30,987,892.5999999999999,1164.1000000000001
0,1220,Predators,30,78.5,54.10000000000001,107.4
0,1220,Prey,30,981,884,1159.3999999999999
0,1230,Predators,30,79.5,54.10000000000001,108.60000000000001
0,1230,Prey,30,987,881.0999999999999,1174.3000000000002
0,1240,Predators,30,78.5,54.300000000000004,111.19999999999999
0,1240,Prey,30,1003,883.2,1179.3000000000002
0,1250,Predators,30,79.5,56.2,109.70000000000002
0,1250,Prey,30,1015.5,910.1,1201.4
0,1260,Predators,30,81,55.6,112.4
0,1260,Prey,30,1047.5,941.5,1224.9
0,1270,Predators,30,82.5,56.6,113.50000000000001
0,1270,Prey,30,1093.5,960.5,1256.8000000000002
0,1280,Predators,30,84.5,56.9,114.60000000000001
0,1280,Prey,30,1141,1040.2,1317
0,1290,Predators,30,84.5,56.8,116.30000000000001
0,1290,Prey,30,1217.5,1080.4,1405.8
0,1300,Predators,30,85.5,58.7,118.2
0,1300,Prey,30,1287.5,1131.9,1492.4
0,1310,Predators,30,88,58.800000000000004,119.19999999999999
0,1310,Prey,30,1373,1233.2,1576.1
0,1320,Predators,30,89,59,119.6
0,1320,Prey,30,1490.5,1301.1,1685.4
0,1330,Predators,30,90.5,58.900000000000006,118.70000000000002
0,1330,Prey,30,1616.5,1421.3999999999999,1791.4
0,1340,Predators,30,91.5,59.7,123.3
0,1340,Prey,30,1768,1549.3,1963.6
0,1350,Predators,30,94,60.7,123.4
0,1350,Prey,30,1897,1669.4,2104.8
0,1360,Predators,30,97,64.3,125.20000000000002
0,1360,Prey,30,2063,1817.3000000000002,2284.6000000000004
0,1370,Predators,30,98,63.6,126.30000000000001
0,1370,Prey,30,2218.5,1986.7,2495.8
0,1380,Predators,30,100.5,68.1,125.60000000000002
0,1380,Prey,30,2406.5,2122.5,2744.3999999999996
0,1390,Predators,30,102.5,68.7,124.9
0,1390,Prey,30,2576,2263.5,2995.2000000000003
0,1400,Predators,30,104,70.7,128.8
0,1400,Prey,30,2754.5,2450.4,3174
0,1410,Predators,30,105.5,75.30000000000001,132.60000000000002
0,1410,Prey,30,2926,2614.5,3413
0,1420,Predators,30,107.5,76.1,135.2
0,1420,Prey,30,3103,2766.2000000000003,3587.3
0,1430,Predators,30,109.5,80.7,138.3
0,1430,Prey,30,3282.5,2917.7999999999997,3806.6
0,1440,Predators,30,112,85.2,143
0,1440,Prey,30,3449,3062.6000000000004,3990.9
0,1450,Predators,30,114,86.5,146.10000000000002
0,1450,Prey,30,3590.5,3173.2000000000003,4105.700000000001
0,1460,Predators,30,115.5,88.3,148.1
0,1460,Prey,30,3665.5,3254.7999999999997,4143.3
0,1470,Predators,30,113.5,90.10000000000001,145.8
0,1470,Prey,30,3748,3351.7,4129.200000000001
0,1480,Predators,30,117.5,90.9,144.9
0,1480,Prey,30,3777.5,3385.7000000000003,4104.6
0,1490,Predators,30,118.5,91.9,149.20000000000002
0,1490,Prey,30,3779.5,3375.6,4024.1
0,1500,Predators,30,120,92.10000000000001,151.6
0,1500,Prey,30,3769,3431.9,4001.3999999999996
0,1510,Predators,30,120.5,96,150.9
0,1510,Prey,30,3755,3387.5,3895.2
0,1520,Predators,30,122,95.20000000000002,151.6
0,1520,Prey,30,3700.5,3329.5,3854.6000000000004
0,1530,Predators,30,122.5,92.50000000000001,153.4
0,1530,Prey,30,3594,3257.1,3806.3
0,1540,Predators,30,124,93.6,153.3
0,1540,Prey,30,3476,3148.1,3731.5
0,1550,Predators,30,127,97.9,156.1
0,1550,Prey,30,3341.5,3042.5,3627.7
0,1560,Predators,30,126,96.70000000000002,157.20000000000002
0,1560,Prey,30,3213,2921.7,3508.1
0,1570,Predators,30,125.5,95.80000000000001,155.5
0,1570,Prey,30,3040.5,2801.5,3391.3
0,1580,Predators,30,126.5,96.80000000000001,157.60000000000002
0,1580,Prey,30,2881,2657.8999999999996,3259.2999999999997
0,1590,Predators,30,127,95.80000000000001,160.5
0,1590,Prey,30,2752.5,2522.9,3119.8
0,1600,Predators,30,128,97.6,158.7
0,1600,Prey,30,2612.5,2383,3005.6
0,1610,Predators,30,131,97.5,160.4
0,1610,Prey,30,2497,2253,2906
0,1620,Predators,30,130.5,96.50000000000001,162.3
0,1620,Prey,30,2380.5,2136.2,2781.1
0,1630,Predators,30,130,98.7,159.6
0,1630,Prey,30,2277,2028.2,2652.8999999999996
0,1640,Predators,30,132,96,159.7
0,1640,Prey,30,2168.5,1906.2,2509.9
0,1650,Predators,30,132.5,95.20000000000002,159.4
0,1650,Prey,30,2070.5,1822.8,2388.5
0,1660,Predators,30,134,94.5,162.10000000000002
0,1660,Prey,30,1995.5,1750.1,2278.4
0,1670,Predators,30,134.5,95.50000000000001,162
0,1670,Prey,30,1944,1648.3000000000002,2160.2000000000003
0,1680,Predators,30,134,96.4,161.3
0,1680,Prey,30,1861,1538.7,2101
0,1690,Predators,30,133,97.4,157.70000000000002
0,1690,Prey,30,1757.5,1437.7,2047.5
0,1700,Predators,30,136,96.4,156.4
0,1700,Prey,30,1659.5,1355.8000000000002,1963
0,1710,Predators,30,132.5,101,158.5
0,1710,Prey,30,1594.5,1306.7,1904.6
0,1720,Predators,30,133,101.1,158
0,1720,Prey,30,1533,1259.8,1838.5
0,1730,Predators,30,134.5,103.00000000000001,160.1
0,1730,Prey,30,1466.5,1218.1,1807.4
0,1740,Predators,30,134.5,102.10000000000001,160
0,1740,Prey,30,1426,1189,1769.6
0,1750,Predators,30,137,99.2,162
0,1750,Prey,30,1391.5,1178.9,1714.8
0,1760,Predators,30,138,100.4,163.2
0,1760,Prey,30,1366,1154.3000000000002,1658.4
0,1770,Predators,30,137.5,102.60000000000001,163.1
0,1770,Prey,30,1345.5,1122.2,1620
0,1780,Predators,30,137.5,102.80000000000001,165
0,1780,Prey,30,1332.5,1128.3,1586.6
0,1790,Predators,30,139,103.9,164.2
0,1790,Prey,30,1319,1132.8000000000002,1566.7
0,1800,Predators,30,140,105,165
0,1800,Prey,30,1341,1123.2,1547.3000000000002
0,1810,Predators,30,138.5,104.2,164.2
0,1810,Prey,30,1343.5,1159.3999999999999,1546.7
0,1820,Predators,30,140.5,103.6,162.40000000000003
0,1820,Prey,30,1376.5,1186.3000000000002,1550.6999999999998
0,1830,Predators,30,140.5,101,165.20000000000002
0,1830,Prey,30,1396.5,1211.4,1542.2
0,1840,Predators,30,140,101,162.90000000000003
0,1840,Prey,30,1429.5,1224,1550.1
0,1850,Predators,30,142.5,101,163.9
0,1850,Prey,30,1456.5,1264.6,1570.3
0,1860,Predators,30,142,100,162.60000000000002
0,1860,Prey,30,1528,1268.8,1611.6000000000001
0,1870,Predators,30,142.5,102.89999999999999,162.60000000000002
0,1870,Prey,30,1548,1321.1,1671.7
0,1880,Predators,30,143.5,105.89999999999999,164.60000000000002
0,1880,Prey,30,1596,1373.1,1738.8000000000002
0,1890,Predators,30,146,112.30000000000001,164.70000000000002
0,1890,Prey,30,1647,1440.3,1843.2000000000003
0,1900,Predators,30,149.5,113.4,167.7
0,1900,Prey,30,1721,1520.9,2011.4
0,1910,Predators,30,148.5,115.5,171.4
0,1910,Prey,30,1787,1600.3000000000002,2126.2000000000003
0,1920,Predators,30,151,113.8,174.5
0,1920,Prey,30,1874.5,1654.8999999999999,2214.8
0,1930,Predators,30,153.5,113.8,172.5
0,1930,Prey,30,1938,1751.8000000000002,2292.5000000000005
0,1940,Predators,30,152,111.8,172.3
0,1940,Prey,30,2030,1799.9,2376.1000000000004
0,1950,Predators,30,153,113.8,171.1
0,1950,Prey,30,2142,1899.6,2470.3
0,1960,Predators,30,154.5,118.69999999999999,170.50000000000003
0,1960,Prey,30,2241.5,2020.8000000000002,2587.3
0,1970,Predators,30,159,119.6,174.2
0,1970,Prey,30,2336,2100.8,2709
0,1980,Predators,30,160.5,119.8,174.5
0,1980,Prey,30,2439,2162.4,2844.3
0,1990,Predators,30,158.5,121.7,176.60000000000002
0,1990,Prey,30,2527.5,2269.3,2997.1000000000004
0,2000,Predators,30,159.5,123.7,182.1
0,2000,Prey,30,2629,2379.7,3143.4
0,2010,Predators,30,161,123.9,182.1
0,2010,Prey,30,2722,2446.3,3232
0,2020,Predators,30,163.5,126.89999999999999,186
0,2020,Prey,30,2840.5,2525.7,3358.1
0,2030,Predators,30,163,125.80000000000001,188.1
0,2030,Prey,30,2924,2598.4,3476.3
0,2040,Predators,30,162,127.6,190
0,2040,Prey,30,3003,2656.1000000000004,3544.4
0,2050,Predators,30,162.5,131.2,193.10000000000002
0,2050,Prey,30,3045.5,2766.7,3595.6000000000004
0,2060,Predators,30,163,129,195.3
0,2060,Prey,30,3095.5,2847.4,3585.6000000000004
0,2070,Predators,30,164.5,129.7,198.2
0,2070,Prey,30,3155,2858.4,3562.8
0,2080,Predators,30,164.5,127.5,199.1
0,2080,Prey,30,3195,2915,3573.7000000000003
0,2090,Predators,30,168,130.3,201
0,2090,Prey,30,3142,2905.5,3603.9
0,2100,Predators,30,168,129.4,200.3
0,2100,Prey,30,3168.5,2868.4,3568.4
0,2110,Predators,30,168.5,131.4,203.2
0,2110,Prey,30,3130.5,2898.1,3556
0,2120,Predators,30,170,133,200.2
0,2120,Prey,30,3080.5,2806.9,3490.7
0,2130,Predators,30,172.5,129.5,195.10000000000002
0,2130,Prey,30,3025,2782.7,3378.3
0,2140,Predators,30,171.5,128.70000000000002,194.3
0,2140,Prey,30,2967.5,2730.3,3310
0,2150,Predators,30,169,127.7,196.20000000000002
0,2150,Prey,30,2913.5,2636.3,3228.2999999999997
0,2160,Predators,30,164.5,127.8,201.5
0,2160,Prey,30,2893,2557.3999999999996,3153.1000000000004
0,2170,Predators,30,163,128.9,201.3
0,2170,Prey,30,2827,2474.4,3088.6
0,2180,Predators,30,168,129.7,201
0,2180,Prey,30,2745,2448.7000000000003,2959.5
0,2190,Predators,30,167,130.6,200
0,2190,Prey,30,2652.5,2423.7000000000003,2882.7
0,2200,Predators,30,169,133.70000000000002,201
0,2200,Prey,30,2559.5,2355.3999999999996,2794.4
0,2210,Predators,30,168,134.5,197.5
0,2210,Prey,30,2458.5,2256.3,2757.6
0,2220,Predators,30,167,134.9,195.2
0,2220,Prey,30,2399.5,2160.3,2685.7
0,2230,Predators,30,169,138.5,195.4
0,2230,Prey,30,2312,2092.6,2616.5
0,2240,Predators,30,170,137.2,195.1
0,2240,Prey,30,2249.5,2024.9,2585.4
0,2250,Predators,30,167,134.9,198.2
0,2250,Prey,30,2196,1928.7,2519.2999999999997
0,2260,Predators,30,164,136.70000000000002,196.2
0,2260,Prey,30,2126,1844,2467.8
0,2270,Predators,30,166.5,139.3,195
0,2270,Prey,30,2070.5,1770.1999999999998,2363
0,2280,Predators,30,167.5,142,196.2
0,2280,Prey,30,2021,1731.3999999999999,2277.1
0,2290,Predators,30,167.5,140.2,194.50000000000003
0,2290,Prey,30,1959.5,1659,2211.3
0,2300,Predators,30,166,141.3,196
0,2300,Prey,30,1881.5,1582.2,2145.6000000000004
0,2310,Predators,30,166.5,138.7,196.70000000000002
0,2310,Prey,30,1838,1542.8,2092.8
0,2320,Predators,30,166.5,138.6,196.3
0,2320,Prey,30,1823,1513.7,2079.2000000000003
0,2330,Predators,30,167.5,140.8,199.1
0,2330,Prey,30,1786.5,1479.5,2062.2999999999997
0,2340,Predators,30,166,142.79999999999998,195.9
0,2340,Prey,30,1763,1440.6,1981.7000000000003
0,2350,Predators,30,166.5,141.9,194.40000000000003
0,2350,Prey,30,1736,1431,1932.8000000000002
0,2360,Predators,30,168.5,143.7,193.4
0,2360,Prey,30,1701,1396.5,1895.5
0,2370,Predators,30,169.5,145.70000000000002,198.39999999999998
0,2370,Prey,30,1694.5,1415,1881.7
0,2380,Predators,30,169,144.9,198.2
0,2380,Prey,30,1690.5,1428.9,1869.9
0,2390,Predators,30,168.5,147,195.3
0,2390,Prey,30,1700.5,1380.8000000000002,1879.2
0,2400,Predators,30,171.5,148,196.2
0,2400,Prey,30,1694.5,1366.3,1841.3999999999999
0,2410,Predators,30,169.5,148,192.3
0,2410,Prey,30,1698,1403.3,1835
0,2420,Predators,30,171,150.5,191.7
0,2420,Prey,30,1686,1387.7,1848.8
0,2430,Predators,30,169,152.29999999999998,192
0,2430,Prey,30,1707,1413.1,1895.7
0,2440,Predators,30,170,150.70000000000002,192.10000000000002
0,2440,Prey,30,1695,1438.5,1913.9
0,2450,Predators,30,170,147.9,194.00000000000003
0,2450,Prey,30,1698.5,1483.3,1942.5000000000002
0,2460,Predators,30,169.5,148.8,202
0,2460,Prey,30,1721.5,1540.6000000000001,1980.6000000000001
0,2470,Predators,30,171,149.9,198.2
0,2470,Prey,30,1760,1589.5,2021.5000000000002
0,2480,Predators,30,170,150.8,196.4
0,2480,Prey,30,1790,1609.5,2039.8000000000002
0,2490,Predators,30,169.5,154.9,195.1
0,2490,Prey,30,1840,1640.9,2077.9000000000005
0,2500,Predators,30,171.5,157.6,194.10000000000002
0,2500,Prey,30,1900,1665.2,2118.4
0,2510,Predators,30,172,155.9,195.1
0,2510,Prey,30,1948.5,1696.1,2158.3
0,2520,Predators,30,176.5,157.89999999999998,199.1
0,2520,Prey,30,2018.5,1770.5,2225.5
0,2530,Predators,30,178.5,160.8,201
0,2530,Prey,30,2086.5,1806.8,2353.4
0,2540,Predators,30,180,160.9,198.6
0,2540,Prey,30,2126,1800.1,2425.3
0,2550,Predators,30,182,164.9,202.8
0,2550,Prey,30,2191.5,1822,2457.2
0,2560,Predators,30,182,161,206.2
0,2560,Prey,30,2242,1879,2517.4
0,2570,Predators,30,186.5,161.9,208.2
0,2570,Prey,30,2293,1940.3,2556.8
0,2580,Predators,30,186,164.5,207.7
0,2580,Prey,30,2361.5,1985.8,2618.6000000000004
0,2590,Predators,30,188,164.7,211.1
0,2590,Prey,30,2412,2020.3,2697.5
0,2600,Predators,30,189,161.9,212.1
0,2600,Prey,30,2467,2062.7,2772.7
0,2610,Predators,30,190.5,163.79999999999998,213.20000000000002
0,2610,Prey,30,2550,2127.1,2812.1
0,2620,Predators,30,191.5,165.8,210.50000000000003
0,2620,Prey,30,2605,2230,2895.2
0,2630,Predators,30,194.5,165,213.3
0,2630,Prey,30,2672,2279.8,2932.5
0,2640,Predators,30,197,165.9,211.6
0,2640,Prey,30,2703.5,2345.1000000000004,2983.2000000000003
0,2650,Predators,30,195.5,168.89999999999998,211.8
0,2650,Prey,30,2717.5,2395.9,3048.9
0,2660,Predators,30,194.5,168.89999999999998,211.9
0,2660,Prey,30,2715,2408.5,3098.7000000000003
0,2670,Predators,30,195,171.8,212.9
0,2670,Prey,30,2755,2447.2,3124.5
0,2680,Predators,30,195.5,171.70000000000002,215.9
0,2680,Prey,30,2785.5,2475.7,3153.1
0,2690,Predators,30,198.5,171.8,216.5
0,2690,Prey,30,2812,2514.3,3074.4
0,2700,Predators,30,194,171.70000000000002,223.1
0,2700,Prey,30,2799.5,2556.6,3046.2
0,2710,Predators,30,194.5,171,219.1
0,2710,Prey,30,2815.5,2626.7999999999997,3004.5
0,2720,Predators,30,197.5,167.89999999999998,219.1
0,2720,Prey,30,2808,2624.7999999999997,3013.2000000000003
0,2730,Predators,30,196.5,171.5,219.3
0,2730,Prey,30,2772.5,2587.2,3056.8
0,2740,Predators,30,197.5,168.89999999999998,221.10000000000002
0,2740,Prey,30,2757,2521.7,3060.2999999999997
0,2750,Predators,30,197,169.6,221
0,2750,Prey,30,2720,2487.9,3026.7000000000003
0,2760,Predators,30,198.5,169.8,220.1
0,2760,Prey,30,2694,2438.6,3008.7
0,2770,Predators,30,197.5,171.8,218
0,2770,Prey,30,2636,2416.3999999999996,2965.3999999999996
0,2780,Predators,30,195.5,173.7,217.70000000000002
0,2780,Prey,30,2613.5,2374.7000000000003,2926.5
0,2790,Predators,30,194,171,216.3
0,2790,Prey,30,2585,2356.9,2897.4
0,2800,Predators,30,194.5,171,216.2
0,2800,Prey,30,2534.5,2314.1,2852.1
0,2810,Predators,30,194.5,171.9,211.6
0,2810,Prey,30,2500,2268.9,2820.4
0,2820,Predators,30,192,170.8,212.2
0,2820,Prey,30,2476,2217.1,2812.1
0,2830,Predators,30,193.5,169.8,212.1
0,2830,Prey,30,2445.5,2181.9,2790.7
0,2840,Predators,30,192.5,169.8,211.6
0,2840,Prey,30,2386,2161.5,2755.4
0,2850,Predators,30,193.5,170.6,212.60000000000002
0,2850,Prey,30,2359.5,2120.8,2712.6000000000004
0,2860,Predators,30,191,167,210.60000000000002
0,2860,Prey,30,2312.5,2074.7999999999997,2646
0,2870,Predators,30,192.5,167.89999999999998,210.10000000000002
0,2870,Prey,30,2293.5,2024.9,2593.7000000000003
0,2880,Predators,30,193,168.89999999999998,209.20000000000002
0,2880,Prey,30,2246,1961.4,2527.4
0,2890,Predators,30,190.5,167.6,212.8
0,2890,Prey,30,2185,1915.1,2499.6
0,2900,Predators,30,191.5,165.6,211.10000000000002
0,2900,Prey,30,2129.5,1859.1,2432.5
0,2910,Predators,30,191,161,213.5
0,2910,Prey,30,2080,1793.8999999999999,2395.2000000000003
0,2920,Predators,30,190.5,162.7,214
0,2920,Prey,30,2056,1794,2345.6
0,2930,Predators,30,188.5,164.5,215.1
0,2930,Prey,30,2025.5,1756.1000000000001,2299.2999999999997
0,2940,Predators,30,189,164.6,214
0,2940,Prey,30,1971,1736.8,2254.9
0,2950,Predators,30,188.5,163.6,213
0,2950,Prey,30,1949.5,1726.7,2224.8
0,2960,Predators,30,188,158.7,214.29999999999998
0,2960,Prey,30,1941.5,1699.3,2190.6
0,2970,Predators,30,187.5,159,212.70000000000002
0,2970,Prey,30,1945.5,1695.5,2170.5
0,2980,Predators,30,186,161.60000000000002,209
0,2980,Prey,30,1938.5,1674.9,2143.9
0,2990,Predators,30,185.5,162.7,208.60000000000002
0,2990,Prey,30,1934.5,1661.3,2120
0,3000,Predators,30,186.5,159.8,209.4
0,3000,Prey,30,1929,1636.9,2131.9
5,0,Predators,30,10,10,10
5,0,Prey,30,100,100,100
5,10,Predators,30,10,10,10
5,10,Prey,30,109,105,113.10000000000001
5,20,Predators,30,10,10,11
5,20,Prey,30,140.5,131.9,149.4
5,30,Predators,30,10,10,11
5,30,Prey,30,199.5,181.9,210.70000000000002
5,40,Predators,30,10,10,11
5,40,Prey,30,285,260.4,307.3
5,50,Predators,30,10,10,11.100000000000001
5,50,Prey,30,406,374.4,446.1
5,60,Predators,30,10,10,11.100000000000001
5,60,Prey,30,579.5,532.8000000000001,635.4000000000001
5,70,Predators,30,10.5,10,12
5,70,Prey,30,824,744,904.4
5,80,Predators,30,8,6,10.100000000000001
5,80,Prey,30,1164.5,1039.7,1256.1000000000001
5,90,Predators,30,8,6,10.100000000000001
5,90,Prey,30,1603,1428.3000000000002,1717.9
5,100,Predators,30,8,6,10.100000000000001
5,100,Prey,30,2200,2006.6000000000001,2359.4
5,110,Predators,30,9,6,11
5,110,Prey,30,2956,2744,3182.6000000000004
5,120,Predators,30,9,6.9,11.100000000000001
5,120,Prey,30,3924,3585.8,4200.4000000000005
5,130,Predators,30,9,6.9,12.300000000000004
5,130,Prey,30,5079,4649.6,5414.3
5,140,Predators,30,9.5,7.9,13.200000000000003
5,140,Prey,30,6390,5915.5,6719.8
5,150,Predators,30,10,7.9,16
5,150,Prey,30,7747.5,7252,8163.4
5,160,Predators,30,11,7.9,16.1
5,160,Prey,30,9087,8555.1,9555
5,170,Predators,30,11,7,17
5,170,Prey,30,10317.5,9829.1,10891.300000000001
5,180,Predators,30,11,7,17.1
5,180,Prey,30,11462.5,10994.4,11955.6
5,190,Predators,30,12.5,7.9,17.1
5,190,Prey,30,12322,11868.4,12695
5,200,Predators,30,13,7.9,18
5,200,Prey,30,12872,12591.5,13183.9
5,210,Predators,30,13,7.9,19
5,210,Prey,30,13177,12895.6,13396.2
5,220,Predators,30,13,7.9,20
5,220,Prey,30,13219.5,13009.9,13414.599999999999
5,230,Predators,30,13.5,8,20.1
5,230,Prey,30,13092,12920.9,13314.699999999999
5,240,Predators,30,14,8.9,20.300000000000004
5,240,Prey,30,12879.5,12573.8,13073.3
5,250,Predators,30,14.5,9,21.300000000000004
5,250,Prey,30,12564,12256.4,12743.1
5,260,Predators,30,15,9,24
5,260,Prey,30,12150,11847.300000000001,12357
5,270,Predators,30,15,9.9,24.200000000000003
5,270,Prey,30,11673.5,11434.3,11901.5
5,280,Predators,30,16,10,26
5,280,Prey,30,11211,10951.300000000001,11421.9
5,290,Predators,30,16.5,10,25.200000000000003
5,290,Prey,30,10658.5,10440.6,10897.4
5,300,Predators,30,16.5,10.9,25.300000000000004
5,300,Prey,30,10103.5,9847.1,10354.6
5,310,Predators,30,16.5,10.8,26.200000000000003
5,310,Prey,30,9524,9288.1,9772.4
5,320,Predators,30,17,10.9,27.300000000000004
5,320,Prey,30,8930,8700.1,9248.300000000001
5,330,Predators,30,18,10.9,30
5,330,Prey,30,8384.5,8185,8604
5,340,Predators,30,19,11,31
5,340,Prey,30,7834.5,7613.4000000000005,8075.4
5,350,Predators,30,19,12,32.1
5,350,Prey,30,7285,7053.1,7478
5,360,Predators,30,20,11.9,33
5,360,Prey,30,6751,6504.6,6946.1
5,370,Predators,30,20,12,34
5,370,Prey,30,6204,5970.1,6442.5
5,380,Predators,30,20,12.9,34.1
5,380,Prey,30,5703,5455.8,5914.2
5,390,Predators,30,21.5,13.8,33.1
5,390,Prey,30,5217.5,5002.3,5446
5,400,Predators,30,22,13.8,34.2
5,400,Prey,30,4771.5,4531.3,4944.1
5,410,Predators,30,21,13.8,34.300000000000004
5,410,Prey,30,4314.5,4143.6,4476.8
5,420,Predators,30,22,13.8,36.1
5,420,Prey,30,3916.5,3751.2,4125.4000000000005
5,430,Predators,30,22.5,13.8,36.1
5,430,Prey,30,3539,3370.6,3712.1
5,440,Predators,30,23,14.8,36.2
5,440,Prey,30,3197.5,3006.9,3334.2
5,450,Predators,30,23.5,14.8,36.300000000000004
5,450,Prey,30,2884,2726.1000000000004,3018.3999999999996
5,460,Predators,30,23,14,37.2
5,460,Prey,30,2589.5,2452.3,2751.4
5,470,Predators,30,24,13.9,37
5,470,Prey,30,2328.5,2163.8,2460.7
5,480,Predators,30,24.5,14,37
5,480,Prey,30,2103.5,1927.2,2209.4
5,490,Predators,30,25.5,14,38.1
5,490,Prey,30,1904,1734.4,1983.5
5,500,Predators,30,25.5,14,38.2
5,500,Prey,30,1733,1551.2,1822.1000000000001
5,510,Predators,30,27,14.9,40.1
5,510,Prey,30,1558.5,1373.7,1646.8000000000002
5,520,Predators,30,28,15.9,41.1
5,520,Prey,30,1415.5,1260,1501.5
5,530,Predators,30,28,15.8,41
5,530,Prey,30,1298.5,1151.5,1379.6000000000001
5,540,Predators,30,28.5,15,41.1
5,540,Prey,30,1182.5,1050.5,1286.1000000000001
5,550,Predators,30,29.5,14.9,42.1
5,550,Prey,30,1088.5,967.4,1185.3000000000002
5,560,Predators,30,31.5,14.9,43
5,560,Prey,30,997,874.6,1103.6000000000001
5,570,Predators,30,31.5,15.8,44.1
5,570,Prey,30,926.5,823.6,1041
5,580,Predators,30,31.5,16.700000000000003,45
5,580,Prey,30,867,770.3000000000001,959.9000000000001
5,590,Predators,30,32,15.700000000000001,45.1
5,590,Prey,30,813.5,735.2,917.7
5,600,Predators,30,32,16.700000000000003,46
5,600,Prey,30,769,703.4,874.4000000000001
5,610,Predators,30,31.5,15.8,48
5,610,Prey,30,736,670.8,828.1000000000001
5,620,Predators,30,31.5,14.9,48.1
5,620,Prey,30,705,649.3,816.6
5,630,Predators,30,31.5,15.9,49
5,630,Prey,30,680.5,617.8000000000001,793.8000000000001
5,640,Predators,30,32.5,16.8,51.1
5,640,Prey,30,668,602.6999999999999,769.9
5,650,Predators,30,33.5,16.9,50
5,650,Prey,30,663,603.8000000000001,762.1
5,660,Predators,30,33.5,17.9,51.1
5,660,Prey,30,657.5,606.8000000000001,748.7
5,670,Predators,30,32.5,17.8,50.2
5,670,Prey,30,663.5,615.8000000000001,753.5
5,680,Predators,30,32,16.9,51.300000000000004
5,680,Prey,30,691,626.5,761.4
5,690,Predators,30,32.5,16,51.2
5,690,Prey,30,714.5,644.7,781.2
5,700,Predators,30,32.5,16,54
5,700,Prey,30,762,691.9,813.0000000000001
5,710,Predators,30,33,17,55
5,710,Prey,30,817,725.5,878.5
5,720,Predators,30,34,17,54.1
5,720,Prey,30,874,789.7,946.2
5,730,Predators,30,33.5,17.9,55
5,730,Prey,30,963,858.6999999999999,1045.4
5,740,Predators,30,34,18.900000000000002,56.1
5,740,Prey,30,1075,971.5,1179.1
5,750,Predators,30,35,19,57.1
5,750,Prey,30,1194.5,1077.7,1325
5,760,Predators,30,34.5,19.9,56.1
5,760,Prey,30,1363.5,1193.7,1488.6000000000001
5,770,Predators,30,35,19.9,58.1
5,770,Prey,30,1540,1331.8,1686.1000000000001
5,780,Predators,30,36.5,20.9,58.300000000000004
5,780,Prey,30,1746,1519.9,1922.3000000000002
5,790,Predators,30,38,20.9,60.60000000000001
5,790,Prey,30,1991.5,1728.8,2171.1000000000004
5,800,Predators,30,39,21.8,61.70000000000001
5,800,Prey,30,2222.5,1958.3,2479.4000000000005
5,810,Predators,30,40,21.8,65.70000000000002
5,810,Prey,30,2498,2205.6,2791.0000000000005
5,820,Predators,30,42.5,22.700000000000003,66.80000000000001
5,820,Prey,30,2784,2466.9,3122.4000000000005
5,830,Predators,30,43,23.9,67.9
5,830,Prey,30,3074.5,2746,3452.6000000000004
5,840,Predators,30,46,25.700000000000003,68.80000000000001
5,840,Prey,30,3388.5,3102.3999999999996,3769.1000000000004
5,850,Predators,30,47.5,26.6,71.60000000000001
5,850,Prey,30,3669,3435,4112.8
5,860,Predators,30,49,26.700000000000003,72.70000000000002
5,860,Prey,30,3939.5,3728.5,4435.9000000000005
5,870,Predators,30,50,27.700000000000003,72.9
5,870,Prey,30,4195,3972.8,4699.200000000001
5,880,Predators,30,50.5,27.700000000000003,74.80000000000001
5,880,Prey,30,4468.5,4138.9,4866
5,890,Predators,30,53,27.8,76.80000000000001
5,890,Prey,30,4647,4274.8,4967.5
5,900,Predators,30,54,29.700000000000003,79.4
5,900,Prey,30,4738.5,4418.8,5024.9
5,910,Predators,30,54,29,78.5
5,910,Prey,30,4771.5,4394.7,5028.7
5,920,Predators,30,53,29.9,76.60000000000001
5,920,Prey,30,4745.5,4371.9000000000005,4958.9000000000005
5,930,Predators,30,53.5,31,78.9
5,930,Prey,30,4646.5,4346.6,4868.700000000001
5,940,Predators,30,54.5,34.900000000000006,80.70000000000002
5,940,Prey,30,4548.5,4280.2,4702.1
5,950,Predators,30,58,34,79.10000000000002
5,950,Prey,30,4369,4087.7999999999997,4547.3
5,960,Predators,30,58,34.800000000000004,82.70000000000002
5,960,Prey,30,4174,3886.6,4390
5,970,Predators,30,59.5,35.8,81.90000000000002
5,970,Prey,30,3952,3673.9,4195.8
5,980,Predators,30,62,35,82.80000000000001
5,980,Prey,30,3728.5,3467.2,3946.9
5,990,Predators,30,63,34.900000000000006,86.70000000000002
5,990,Prey,30,3465,3209.5,3699.8999999999996
5,1000,Predators,30,65,36.9,86.60000000000001
5,1000,Prey,30,3234,2993.2,3478.8
5,1010,Predators,30,65,37.900000000000006,84.80000000000001
5,1010,Prey,30,3017.5,2793.7,3225
5,1020,Predators,30,64,37.7,86.5
5,1020,Prey,30,2839,2613,3018.4
5,1030,Predators,30,65.5,38.6,85.80000000000001
5,1030,Prey,30,2655,2431.2000000000003,2826
5,1040,Predators,30,66.5,40.6,89.60000000000002
5,1040,Prey,30,2457,2223,2656
5,1050,Predators,30,67,41.599999999999994,89.60000000000002
5,1050,Prey,30,2274.5,2036.5,2478.6
5,1060,Predators,30,66.5,41.699999999999996,88.70000000000002
5,1060,Prey,30,2109,1873.6,2314.3
5,1070,Predators,30,67.5,44.2,89.70000000000002
5,1070,Prey,30,1953,1742,2163.7
5,1080,Predators,30,69.5,46.400000000000006,92
5,1080,Prey,30,1821,1605.6000000000001,2023.2
5,1090,Predators,30,71,46.400000000000006,92.4
5,1090,Prey,30,1692.5,1475.1,1890.1
5,1100,Predators,30,73,45.400000000000006,94.4
5,1100,Prey,30,1578.5,1376.6000000000001,1779.3
5,1110,Predators,30,73,46.5,94.80000000000001
5,1110,Prey,30,1475,1273.1999999999998,1690.3
5,1120,Predators,30,74,47.300000000000004,97.60000000000002
5,1120,Prey,30,1388.5,1175.8999999999999,1584.3
5,1130,Predators,30,74,48.4,98.80000000000001
5,1130,Prey,30,1305.5,1107.6000000000001,1500.0000000000002
5,1140,Predators,30,74.5,49.5,98.80000000000001
5,1140,Prey,30,1241,1030.2,1431.2000000000003
5,1150,Predators,30,76,49.5,97.10000000000002
5,1150,Prey,30,1186,1002.1,1359.2000000000003
5,1160,Predators,30,78,50.2,98.80000000000001
5,1160,Prey,30,1139.5,955.2,1318
5,1170,Predators,30,77,52.1,106.2
5,1170,Prey,30,1084.5,939.3,1279.6
5,1180,Predators,30,76.5,53.00000000000001,106.4
5,1180,Prey,30,1051.5,937.2,1232.7
5,1190,Predators,30,76.5,53.10000000000001,106.1
5,1190,Prey,30,1017,908.7,1206.8999999999999
5,1200,Predators,30,76.5,53.10000000000001,107.1
5,1200,Prey,30,997.5,900,1185.1000000000001
5,1210,Predators,30,77,53.10000000000001,109
5,1210,Prey,30,987,892.5999999999999,1164.1000000000001
5,1220,Predators,30,78.5,54.10000000000001,107.4
5,1220,Prey,30,981,884,1159.3999999999999
5,1230,Predators,30,79.5,54.10000000000001,108.60000000000001
5,1230,Prey,30,987,881.0999999999999,1174.3000000000002
5,1240,Predators,30,78.5,54.300000000000004,111.19999999999999
5,1240,Prey,30,1003,883.2,1179.3000000000002
5,1250,Predators,30,79.5,56.2,109.70000000000002
5,1250,Prey,30,1015.5,910.1,1201.4
5,1260,Predators,30,81,55.6,112.4
5,1260,Prey,30,1047.5,941.5,1224.9
5,1270,Predators,30,82.5,56.6,113.50000000000001
5,1270,Prey,30,1093.5,960.5,1256.8000000000002
5,1280,Predators,30,84.5,56.9,114.60000000000001
5,1280,Prey,30,1141,1040.2,1317
5,1290,Predators,30,84.5,56.8,116.30000000000001
5,1290,Prey,30,1217.5,1080.4,1405.8
5,1300,Predators,30,85.5,58.7,118.2
5,1300,Prey,30,1287.5,1131.9,1492.4
5,1310,Predators,30,88,58.800000000000004,119.19999999999999
5,1310,Prey,30,1373,1233.2,1576.1
5,1320,Predators,30,89,59,119.6
5,1320,Prey,30,1490.5,1301.1,1685.4
5,1330,Predators,30,90.5,58.900000000000006,118.70000000000002
5,1330,Prey,30,1616.5,1421.3999999999999,1791.4
5,1340,Predators,30,91.5,59.7,123.3
5,1340,Prey,30,1768,1549.3,1963.6
5,1350,Predators,30,94,60.7,123.4
5,1350,Prey,30,1897,1669.4,2104.8
5,1360,Predators,30,97,64.3,125.20000000000002
5,1360,Prey,30,2063,1817.3000000000002,2284.6000000000004
5,1370,Predators,30,98,63.6,126.30000000000001
5,1370,Prey,30,2218.5,1986.7,2495.8
5,1380,Predators,30,100.5,68.1,125.60000000000002
5,1380,Prey,30,2406.5,2122.5,2744.3999999999996
5,1390,Predators,30,102.5,68.7,124.9
5,1390,Prey,30,2576,2263.5,2995.2000000000003
5,1400,Predators,30,104,70.7,128.8
5,1400,Prey,30,2754.5,2450.4,3174
5,1410,Predators,30,105.5,75.30000000000001,132.60000000000002
5,1410,Prey,30,2926,2614.5,3413
5,1420,Predators,30,107.5,76.1,135.2
5,1420,Prey,30,3103,2766.2000000000003,3587.3
5,1430,Predators,30,109.5,80.7,138.3
5,1430,Prey,30,3282.5,2917.7999999999997,3806.6
5,1440,Predators,30,112,85.2,143
5,1440,Prey,30,3449,3062.6000000000004,3990.9
5,1450,Predators,30,114,86.5,146.10000000000002
5,1450,Prey,30,3590.5,3173.2000000000003,4105.700000000001
5,1460,Predators,30,115.5,88.3,148.1
5,1460,Prey,30,3665.5,3254.7999999999997,4143.3
5,1470,Predators,30,113.5,90.10000000000001,145.8
5,1470,Prey,30,3748,3351.7,4129.200000000001
5,1480,Predators,30,117.5,90.9,144.9
5,1480,Prey,30,3777.5,3385.7000000000003,4104.6
5,1490,Predators,30,118.5,91.9,149.20000000000002
5,1490,Prey,30,3779.5,3375.6,4024.1
5,1500,Predators,30,120,92.10000000000001,151.6
5,1500,Prey,30,3769,3431.9,4001.3999999999996
5,1510,Predators,30,120.5,96,150.9
5,1510,Prey,30,3755,3387.5,3895.2
5,1520,Predators,30,122,95.20000000000002,151.6
5,1520,Prey,30,3700.5,3329.5,3854.6000000000004
5,1530,Predators,30,122.5,92.50000000000001,153.4
5,1530,Prey,30,3594,3257.1,3806.3
5,1540,Predators,30,124,93.6,153.3
5,1540,Prey,30,3476,3148.1,3731.5
5,1550,Predators,30,127,97.9,156.1
5,1550,Prey,30,3341.5,3042.5,3627.7
5,1560,Predators,30,126,96.70000000000002,157.20000000000002
5,1560,Prey,30,3213,2921.7,3508.1
5,1570,Predators,30,125.5,95.80000000000001,155.5
5,1570,Prey,30,3040.5,2801.5,3391.3
5,1580,Predators,30,126.5,96.80000000000001,157.60000000000002
5,1580,Prey,30,2881,2657.8999999999996,3259.2999999999997
5,1590,Predators,30,127,95.80000000000001,160.5
5,1590,Prey,30,2752.5,2522.9,3119.8
5,1600,Predators,30,128,97.6,158.7
5,1600,Prey,30,2612.5,2383,3005.6
5,1610,Predators,30,131,97.5,160.4
5,1610,Prey,30,2497,2253,2906
5,1620,Predators,30,130.5,96.50000000000001,162.3
5,1620,Prey,30,2380.5,2136.2,2781.1
5,1630,Predators,30,130,98.7,159.6
5,1630,Prey,30,2277,2028.2,2652.8999999999996
5,1640,Predators,30,132,96,159.7
5,1640,Prey,30,2168.5,1906.2,2509.9
5,1650,Predators,30,132.5,95.20000000000002,159.4
5,1650,Prey,30,2070.5,1822.8,2388.5
5,1660,Predators,30,134,94.5,162.10000000000002
5,1660,Prey,30,1995.5,1750.1,2278.4
5,1670,Predators,30,134.5,95.50000000000001,162
5,1670,Prey,30,1944,1648.3000000000002,2160.2000000000003
5,1680,Predators,30,134,96.4,161.3
5,1680,Prey,30,1861,1538.7,2101
5,1690,Predators,30,133,97.4,157.70000000000002
5,1690,Prey,30,1757.5,1437.7,2047.5
5,1700,Predators,30,136,96.4,156.4
5,1700,Prey,30,1659.5,1355.8000000000002,1963
5,1710,Predators,30,132.5,101,158.5
5,1710,Prey,30,1594.5,1306.7,1904.6
5,1720,Predators,30,133,101.1,158
5,1720,Prey,30,1533,1259.8,1838.5
5,1730,Predators,30,134.5,103.00000000000001,160.1
5,1730,Prey,30,1466.5,1218.1,1807.4
5,1740,Predators,30,134.5,102.10000000000001,160
5,1740,Prey,30,1426,1189,1769.6
5,1750,Predators,30,137,99.2,162
5,1750,Prey,30,1391.5,1178.9,1714.8
5,1760,Predators,30,138,100.4,163.2
5,1760,Prey,30,1366,1154.3000000000002,1658.4
5,1770,Predators,30,137.5,102.60000000000001,163.1
5,1770,Prey,30,1345.5,1122.2,1620
5,1780,Predators,30,137.5,102.80000000000001,165
5,1780,Prey,30,1332.5,1128.3,1586.6
5,1790,Predators,30,139,103.9,164.2
5,1790,Prey,30,1319,1132.8000000000002,1566.7
5,1800,Predators,30,140,105,165
5,1800,Prey,30,1341,1123.2,1547.3000000000002
5,1810,Predators,30,138.5,104.2,164.2
5,1810,Prey,30,1343.5,1159.3999999999999,1546.7
5,1820,Predators,30,140.5,103.6,162.40000000000003
5,1820,Prey,30,1376.5,1186.3000000000002,1550.6999999999998
5,1830,Predators,30,140.5,101,165.20000000000002
5,1830,Prey,30,1396.5,1211.4,1542.2
5,1840,Predators,30,140,101,162.90000000000003
5,1840,Prey,30,1429.5,1224,1550.1
5,1850,Predators,30,142.5,101,163.9
5,1850,Prey,30,1456.5,1264.6,1570.3
5,1860,Predators,30,142,100,162.60000000000002
5,1860,Prey,30,1528,1268.8,1611.6000000000001
5,1870,Predators,30,142.5,102.89999999999999,162.60000000000002
5,1870,Prey,30,1548,1321.1,1671.7
5,1880,Predators,30,143.5,105.89999999999999,164.60000000000002
5,1880,Prey,30,1596,1373.1,1738.8000000000002
5,1890,Predators,30,146,112.30000000000001,164.70000000000002
5,1890,Prey,30,1647,1440.3,1843.2000000000003
5,1900,Predators,30,149.5,113.4,167.7
5,1900,Prey,30,1721,1520.9,2011.4
5,1910,Predators,30,148.5,115.5,171.4
5,1910,Prey,30,1787,1600.3000000000002,2126.2000000000003
5,1920,Predators,30,151,113.8,174.5
5,1920,Prey,30,1874.5,1654.8999999999999,2214.8
5,1930,Predators,30,153.5,113.8,172.5
5,1930,Prey,30,1938,1751.8000000000002,2292.5000000000005
5,1940,Predators,30,152,111.8,172.3
5,1940,Prey,30,2030,1799.9,2376.1000000000004
5,1950,Predators,30,153,113.8,171.1
5,1950,Prey,30,2142,1899.6,2470.3
5,1960,Predators,30,154.5,118.69999999999999,170.50000000000003
5,1960,Prey,30,2241.5,2020.8000000000002,2587.3
5,1970,Predators,30,159,119.6,174.2
5,1970,Prey,30,2336,2100.8,2709
5,1980,Predators,30,160.5,119.8,174.5
5,1980,Prey,30,2439,2162.4,2844.3
5,1990,Predators,30,158.5,121.7,176.60000000000002
5,1990,Prey,30,2527.5,2269.3,2997.1000000000004
5,2000,Predators,30,159.5,123.7,182.1
5,2000,Prey,30,2629,2379.7,3143.4
5,2010,Predators,30,158.5,124.8,182.1
5,2010,Prey,30,2693.5,2412.4,3157.2000000000003
5,2020,Predators,30,159.5,126.69999999999999,182.6
5,2020,Prey,30,2768,2476.7999999999997,3272.2000000000003
5,2030,Predators,30,161,129,186.60000000000002
5,2030,Prey,30,2835,2509.9,3307.1
5,2040,Predators,30,163.5,129.9,188.8
5,2040,Prey,30,2868.5,2583.2999999999997,3393.6000000000004
5,2050,Predators,30,166.5,130,194.20000000000002
5,2050,Prey,30,2880.5,2643.4,3450.5
5,2060,Predators,30,166.5,128.9,195.1
5,2060,Prey,30,2929,2637,3415.3
5,2070,Predators,30,170.5,127.9,193.60000000000002
5,2070,Prey,30,2978,2656.5,3367.5
5,2080,Predators,30,171,133.5,197.3
5,2080,Prey,30,2989,2658.8,3252.0000000000005
5,2090,Predators,30,169.5,133.9,199.2
5,2090,Prey,30,2915,2653.5,3245.2000000000003
5,2100,Predators,30,171,136.8,197.3
5,2100,Prey,30,2943.5,2652.8999999999996,3224.3
5,2110,Predators,30,172.5,138.9,198.39999999999998
5,2110,Prey,30,2921.5,2569.9,3210.7999999999997
5,2120,Predators,30,173.5,138.8,199.4
5,2120,Prey,30,2852,2600,3118.9
5,2130,Predators,30,172.5,139.9,200.4
5,2130,Prey,30,2822.5,2564.2999999999997,3027.1
5,2140,Predators,30,172.5,141.8,203.1
5,2140,Prey,30,2774,2500,2962.4000000000005
5,2150,Predators,30,172.5,143.6,205
5,2150,Prey,30,2705.5,2383.5,2955.1000000000004
5,2160,Predators,30,174.5,142.9,203.6
5,2160,Prey,30,2676,2304.9,2905.7000000000003
5,2170,Predators,30,171.5,143.6,207.2
5,2170,Prey,30,2572,2298.1000000000004,2847.9
5,2180,Predators,30,171,143.6,205.3
5,2180,Prey,30,2499,2256.4,2750.9
5,2190,Predators,30,175,142.9,209.4
5,2190,Prey,30,2424.5,2150.5,2699.8
5,2200,Predators,30,174.5,142.9,207.6
5,2200,Prey,30,2355,2060.6,2652.1
5,2210,Predators,30,175,143.6,208.9
5,2210,Prey,30,2269.5,1959.2,2586.1
5,2220,Predators,30,172,147.4,204.00000000000006
5,2220,Prey,30,2180,1881.7,2533.4
5,2230,Predators,30,172,142.79999999999998,206.60000000000002
5,2230,Prey,30,2124.5,1847.1,2455.6
5,2240,Predators,30,173.5,145.70000000000002,209.60000000000002
5,2240,Prey,30,2075,1814.6000000000001,2384.2
5,2250,Predators,30,172.5,146.5,206.90000000000003
5,2250,Prey,30,2024,1764,2284.7999999999997
5,2260,Predators,30,176,142.9,207.5
5,2260,Prey,30,1973.5,1688.9,2204.2
5,2270,Predators,30,181,143.6,208.4
5,2270,Prey,30,1928.5,1642.6999999999998,2145.9
5,2280,Predators,30,179.5,143.8,211.40000000000003
5,2280,Prey,30,1863.5,1603.7,2087.4
5,2290,Predators,30,179.5,143,211.70000000000005
5,2290,Prey,30,1834,1541.5,2048
5,2300,Predators,30,181,144.8,217
5,2300,Prey,30,1785,1500,2009.5
5,2310,Predators,30,180,144.8,218.90000000000003
5,2310,Prey,30,1749,1421.3,1919
5,2320,Predators,30,180.5,143.9,221.70000000000002
5,2320,Prey,30,1694,1369.7,1851.8000000000002
5,2330,Predators,30,179,148.7,222.39999999999998
5,2330,Prey,30,1657,1312.9,1805.7
5,2340,Predators,30,178,147.6,220.3
5,2340,Prey,30,1615,1290.3000000000002,1808.5
5,2350,Predators,30,178.5,147.9,216.5
5,2350,Prey,30,1590.5,1280.1000000000001,1781.7
5,2360,Predators,30,178,145.70000000000002,215
5,2360,Prey,30,1549.5,1266.2,1768.7
5,2370,Predators,30,181,147.5,214.8
5,2370,Prey,30,1512,1233.9,1751.2
5,2380,Predators,30,180,148.7,217.10000000000002
5,2380,Prey,30,1506.5,1223.6,1759.4
5,2390,Predators,30,181,148.8,217.10000000000002
5,2390,Prey,30,1490,1235.3000000000002,1763.9
5,2400,Predators,30,182.5,148.7,215.3
5,2400,Prey,30,1494,1261.1999999999998,1768
5,2410,Predators,30,182.5,148.8,214.8
5,2410,Prey,30,1511.5,1277.5,1781.4
5,2420,Predators,30,183,148.9,216.60000000000002
5,2420,Prey,30,1506.5,1274,1812.8
5,2430,Predators,30,184.5,146.89999999999998,219.00000000000003
5,2430,Prey,30,1505,1262.8999999999999,1776.9
5,2440,Predators,30,186,149.8,218.20000000000002
5,2440,Prey,30,1527.5,1299.5,1837.9
5,2450,Predators,30,188,148.7,216.70000000000002
5,2450,Prey,30,1556,1334.4,1893.8
5,2460,Predators,30,189.5,152.1,225
5,2460,Prey,30,1582.5,1356.8,1912.1000000000001
5,2470,Predators,30,189,152.29999999999998,222.2
5,2470,Prey,30,1600.5,1384.1000000000001,1924.8
5,2480,Predators,30,188.5,157,219.4
5,2480,Prey,30,1577.5,1438,1925.6000000000001
5,2490,Predators,30,191.5,162.8,220.4
5,2490,Prey,30,1593.5,1476.4,1973.2
5,2500,Predators,30,187,165.8,221
5,2500,Prey,30,1616,1505.1,2029.9
5,2510,Predators,30,187.5,169.70000000000002,217.90000000000003
5,2510,Prey,30,1653.5,1545.3,2070.9
5,2520,Predators,30,189.5,166.3,211.9
5,2520,Prey,30,1722,1564.6999999999998,2136.3
5,2530,Predators,30,193.5,166.5,214.7
5,2530,Prey,30,1784,1619.4,2230.8
5,2540,Predators,30,193.5,167.89999999999998,219
5,2540,Prey,30,1847.5,1669.9,2317.7999999999997
5,2550,Predators,30,193.5,173,220.1
5,2550,Prey,30,1926.5,1732,2383.4
5,2560,Predators,30,192.5,177,220.3
5,2560,Prey,30,1986.5,1774.7,2437.1
5,2570,Predators,30,194.5,175.9,219.20000000000005
5,2570,Prey,30,2065.5,1874.1000000000001,2497
5,2580,Predators,30,196.5,175.8,223.4
5,2580,Prey,30,2126,1927.5,2597.7000000000003
5,2590,Predators,30,197.5,177.9,223.70000000000002
5,2590,Prey,30,2184,1984.7,2744.9
5,2600,Predators,30,199.5,179,224.8
5,2600,Prey,30,2256.5,2038.9,2858.8
5,2610,Predators,30,204.5,185.3,225.60000000000002
5,2610,Prey,30,2327.5,2112.5,2910.7
5,2620,Predators,30,205.5,184.7,227.50000000000003
5,2620,Prey,30,2349.5,2174.5,2908.7
5,2630,Predators,30,204,186.5,229.40000000000003
5,2630,Prey,30,2433.5,2193,2978.1
5,2640,Predators,30,203.5,188.3,230.39999999999998
5,2640,Prey,30,2506,2244.7,2998.7
5,2650,Predators,30,205,184.6,234.3
5,2650,Prey,30,2546.5,2273,3004.3
5,2660,Predators,30,205.5,186.7,237
5,2660,Prey,30,2624,2322,3046.9000000000005
5,2670,Predators,30,206.5,187.5,239.5
5,2670,Prey,30,2638.5,2328.7000000000003,3097.3
5,2680,Predators,30,207,190.2,244.1
5,2680,Prey,30,2692,2392.9,3100.8
5,2690,Predators,30,207.5,192.5,241.60000000000002
5,2690,Prey,30,2729.5,2414.7,3076.3
5,2700,Predators,30,210.5,193.9,241.5
5,2700,Prey,30,2735.5,2433.5,3085.2000000000003
5,2710,Predators,30,212,193.70000000000002,243.2
5,2710,Prey,30,2761,2444.3,3143.2000000000003
5,2720,Predators,30,213.5,189.7,243.2
5,2720,Prey,30,2772.5,2411.7999999999997,3141.4
5,2730,Predators,30,217.5,187.9,241.8
5,2730,Prey,30,2751,2380.6000000000004,3106.3
5,2740,Predators,30,217.5,190.9,244.1
5,2740,Prey,30,2708.5,2376,3054.3
5,2750,Predators,30,217.5,193.8,240.20000000000002
5,2750,Prey,30,2648.5,2361.5,3018.5
5,2760,Predators,30,217,194.5,248.4
5,2760,Prey,30,2614,2322.5,2978.7000000000003
5,2770,Predators,30,218.5,194.89999999999998,250.3
5,2770,Prey,30,2611.5,2275.6,2961
5,2780,Predators,30,218,196.8,250.50000000000003
5,2780,Prey,30,2599.5,2236.5,2916.7
5,2790,Predators,30,216.5,197.5,249
5,2790,Prey,30,2523,2156.7000000000003,2876.4
5,2800,Predators,30,218.5,198,249.4
5,2800,Prey,30,2480,2082.4,2852.2999999999997
5,2810,Predators,30,219.5,192.9,246.7
5,2810,Prey,30,2402.5,2012.9,2796.2999999999997
5,2820,Predators,30,217.5,195.7,246.5
5,2820,Prey,30,2383,1958.4,2760.7999999999997
5,2830,Predators,30,217,193.9,242.50000000000003
5,2830,Prey,30,2348,1933,2693
5,2840,Predators,30,219,192.8,243.3
5,2840,Prey,30,2288,1915.5,2631
5,2850,Predators,30,221.5,192.8,239.7
5,2850,Prey,30,2220.5,1861.2,2580.2
5,2860,Predators,30,223,192.70000000000002,243.4
5,2860,Prey,30,2145.5,1790.3000000000002,2524.2000000000003
5,2870,Predators,30,227.5,191.7,241.5
5,2870,Prey,30,2098.5,1726.7,2470.5
5,2880,Predators,30,223.5,188.70000000000002,243.1
5,2880,Prey,30,2065,1675.5,2425
5,2890,Predators,30,223,188.9,241.60000000000002
5,2890,Prey,30,2020,1631.5,2363.5
5,2900,Predators,30,223.5,189.89999999999998,246.29999999999998
5,2900,Prey,30,1979.5,1613.6,2326.7
5,2910,Predators,30,221,188.8,249.4
5,2910,Prey,30,1947.5,1577.7,2270.2
5,2920,Predators,30,219,190.9,246.29999999999998
5,2920,Prey,30,1918.5,1569.5,2215.5
5,2930,Predators,30,220,188.9,247.1
5,2930,Prey,30,1910,1529.5,2182.1
5,2940,Predators,30,222.5,188,245.10000000000002
5,2940,Prey,30,1877,1517,2141.5
5,2950,Predators,30,224,191.7,245.10000000000002
5,2950,Prey,30,1852.5,1503.4,2118.5
5,2960,Predators,30,219.5,188.9,245.20000000000002
5,2960,Prey,30,1841,1470.6000000000001,2084.9
5,2970,Predators,30,220.5,188,242.3
5,2970,Prey,30,1785.5,1418.4,2066.9
5,2980,Predators,30,222,190.9,239.2
5,2980,Prey,30,1775,1406.8999999999999,2020.1999999999998
5,2990,Predators,30,222.5,195.5,239.2
5,2990,Prey,30,1752,1396,1953.7
5,3000,Predators,30,223,196.5,240.5
5,3000,Prey,30,1712.5,1395.8000000000002,1945.2
10,0,Predators,30,10,10,10
10,0,Prey,30,100,100,100
10,10,Predators,30,10,10,10
10,10,Prey,30,109,105,113.10000000000001
10,20,Predators,30,10,10,11
10,20,Prey,30,140.5,131.9,149.4
10,30,Predators,30,10,10,11
10,30,Prey,30,199.5,181.9,210.70000000000002
10,40,Predators,30,10,10,11
10,40,Prey,30,285,260.4,307.3
10,50,Predators,30,10,10,11.100000000000001
10,50,Prey,30,406,374.4,446.1
10,60,Predators,30,10,10,11.100000000000001
10,60,Prey,30,579.5,532.8000000000001,635.4000000000001
10,70,Predators,30,10.5,10,12
10,70,Prey,30,824,744,904.4
10,80,Predators,30,8,6,10.100000000000001
10,80,Prey,30,1164.5,1039.7,1256.1000000000001
10,90,Predators,30,8,6,10.100000000000001
10,90,Prey,30,1603,1428.3000000000002,1717.9
10,100,Predators,30,8,6,10.100000000000001
10,100,Prey,30,2200,2006.6000000000001,2359.4
10,110,Predators,30,9,6,11
10,110,Prey,30,2956,2744,3182.6000000000004
10,120,Predators,30,9,6.9,11.100000000000001
10,120,Prey,30,3924,3585.8,4200.4000000000005
10,130,Predators,30,9,6.9,12.300000000000004
10,130,Prey,30,5079,4649.6,5414.3
10,140,Predators,30,9.5,7.9,13.200000000000003
10,140,Prey,30,6390,5915.5,6719.8
10,150,Predators,30,10,7.9,16
10,150,Prey,30,7747.5,7252,8163.4
10,160,Predators,30,11,7.9,16.1
10,160,Prey,30,9087,8555.1,9555
10,170,Predators,30,11,7,17
10,170,Prey,30,10317.5,9829.1,10891.300000000001
10,180,Predators,30,11,7,17.1
10,180,Prey,30,11462.5,10994.4,11955.6
10,190,Predators,30,12.5,7.9,17.1
10,190,Prey,30,12322,11868.4,12695
10,200,Predators,30,13,7.9,18
10,200,Prey,30,12872,12591.5,13183.9
10,210,Predators,30,13,7.9,19
10,210,Prey,30,13177,12895.6,13396.2
10,220,Predators,30,13,7.9,20
10,220,Prey,30,13219.5,13009.9,13414.599999999999
10,230,Predators,30,13.5,8,20.1
10,230,Prey,30,13092,12920.9,13314.699999999999
10,240,Predators,30,14,8.9,20.300000000000004
10,240,Prey,30,12879.5,12573.8,13073.3
10,250,Predators,30,14.5,9,21.300000000000004
10,250,Prey,30,12564,12256.4,12743.1
10,260,Predators,30,15,9,24
10,260,Prey,30,12150,11847.300000000001,12357
10,270,Predators,30,15,9.9,24.200000000000003
10,270,Prey,30,11673.5,11434.3,11901.5
10,280,Predators,30,16,10,26
10,280,Prey,30,11211,10951.300000000001,11421.9
10,290,Predators,30,16.5,10,25.200000000000003
10,290,Prey,30,10658.5,10440.6,10897.4
10,300,Predators,30,16.5,10.9,25.300000000000004
10,300,Prey,30,10103.5,9847.1,10354.6
10,310,Predators,30,16.5,10.8,26.200000000000003
10,310,Prey,30,9524,9288.1,9772.4
10,320,Predators,30,17,10.9,27.300000000000004
10,320,Prey,30,8930,8700.1,9248.300000000001
10,330,Predators,30,18,10.9,30
10,330,Prey,30,8384.5,8185,8604
10,340,Predators,30,19,11,31
10,340,Prey,30,7834.5,7613.4000000000005,8075.4
10,350,Predators,30,19,12,32.1
10,350,Prey,30,7285,7053.1,7478
10,360,Predators,30,20,11.9,33
10,360,Prey,30,6751,6504.6,6946.1
10,370,Predators,30,20,12,34
10,370,Prey,30,6204,5970.1,6442.5
10,380,Predators,30,20,12.9,34.1
10,380,Prey,30,5703,5455.8,5914.2
10,390,Predators,30,21.5,13.8,33.1
10,390,Prey,30,5217.5,5002.3,5446
10,400,Predators,30,22,13.8,34.2
10,400,Prey,30,4771.5,4531.3,4944.1
10,410,Predators,30,21,13.8,34.300000000000004
10,410,Prey,30,4314.5,4143.6,4476.8
10,420,Predators,30,22,13.8,36.1
10,420,Prey,30,3916.5,3751.2,4125.4000000000005
10,430,Predators,30,22.5,13.8,36.1
10,430,Prey,30,3539,3370.6,3712.1
10,440,Predators,30,23,14.8,36.2
10,440,Prey,30,3197.5,3006.9,3334.2
10,450,Predators,30,23.5,14.8,36.300000000000004
10,450,Prey,30,2884,2726.1000000000004,3018.3999999999996
10,460,Predators,30,23,14,37.2
10,460,Prey,30,2589.5,2452.3,2751.4
10,470,Predators,30,24,13.9,37
10,470,Prey,30,2328.5,2163.8,2460.7
10,480,Predators,30,24.5,14,37
10,480,Prey,30,2103.5,1927.2,2209.4
10,490,Predators,30,25.5,14,38.1
10,490,Prey,30,1904,1734.4,1983.5
10,500,Predators,30,25.5,14,38.2
10,500,Prey,30,1733,1551.2,1822.1000000000001
10,510,Predators,30,27,14.9,40.1
10,510,Prey,30,1558.5,1373.7,1646.8000000000002
10,520,Predators,30,28,15.9,41.1
10,520,Prey,30,1415.5,1260,1501.5
10,530,Predators,30,28,15.8,41
10,530,Prey,30,1298.5,1151.5,1379.6000000000001
10,540,Predators,30,28.5,15,41.1
10,540,Prey,30,1182.5,1050.5,1286.1000000000001
10,550,Predators,30,29.5,14.9,42.1
10,550,Prey,30,1088.5,967.4,1185.3000000000002
10,560,Predators,30,31.5,14.9,43
10,560,Prey,30,997,874.6,1103.6000000000001
10,570,Predators,30,31.5,15.8,44.1
10,570,Prey,30,926.5,823.6,1041
10,580,Predators,30,31.5,16.700000000000003,45
10,580,Prey,30,867,770.3000000000001,959.9000000000001
10,590,Predators,30,32,15.700000000000001,45.1
10,590,Prey,30,813.5,735.2,917.7
10,600,Predators,30,32,16.700000000000003,46
10,600,Prey,30,769,703.4,874.4000000000001
10,610,Predators,30,31.5,15.8,48
10,610,Prey,30,736,670.8,828.1000000000001
10,620,Predators,30,31.5,14.9,48.1
10,620,Prey,30,705,649.3,816.6
10,630,Predators,30,31.5,15.9,49
10,630,Prey,30,680.5,617.8000000000001,793.8000000000001
10,640,Predators,30,32.5,16.8,51.1
10,640,Prey,30,668,602.6999999999999,769.9
10,650,Predators,30,33.5,16.9,50
10,650,Prey,30,663,603.8000000000001,762.1
10,660,Predators,30,33.5,17.9,51.1
10,660,Prey,30,657.5,606.8000000000001,748.7
10,670,Predators,30,32.5,17.8,50.2
10,670,Prey,30,663.5,615.8000000000001,753.5
10,680,Predators,30,32,16.9,51.300000000000004
10,680,Prey,30,691,626.5,761.4
10,690,Predators,30,32.5,16,51.2
10,690,Prey,30,714.5,644.7,781.2
10,700,Predators,30,32.5,16,54
10,700,Prey,30,762,691.9,813.0000000000001
10,710,Predators,30,33,17,55
10,710,Prey,30,817,725.5,878.5
10,720,Predators,30,34,17,54.1
10,720,Prey,30,874,789.7,946.2
10,730,Predators,30,33.5,17.9,55
10,730,Prey,30,963,858.6999999999999,1045.4
10,740,Predators,30,34,18.900000000000002,56.1
10,740,Prey,30,1075,971.5,1179.1
10,750,Predators,30,35,19,57.1
10,750,Prey,30,1194.5,1077.7,1325
10,760,Predators,30,34.5,19.9,56.1
10,760,Prey,30,1363.5,1193.7,1488.6000000000001
10,770,Predators,30,35,19.9,58.1
10,770,Prey,30,1540,1331.8,1686.1000000000001
10,780,Predators,30,36.5,20.9,58.300000000000004
10,780,Prey,30,1746,1519.9,1922.3000000000002
10,790,Predators,30,38,20.9,60.60000000000001
10,790,Prey,30,1991.5,1728.8,2171.1000000000004
10,800,Predators,30,39,21.8,61.70000000000001
10,800,Prey,30,2222.5,1958.3,2479.4000000000005
10,810,Predators,30,40,21.8,65.70000000000002
10,810,Prey,30,2498,2205.6,2791.0000000000005
10,820,Predators,30,42.5,22.700000000000003,66.80000000000001
10,820,Prey,30,2784,2466.9,3122.4000000000005
10,830,Predators,30,43,23.9,67.9
10,830,Prey,30,3074.5,2746,3452.6000000000004
10,840,Predators,30,46,25.700000000000003,68.80000000000001
10,840,Prey,30,3388.5,3102.3999999999996,3769.1000000000004
10,850,Predators,30,47.5,26.6,71.60000000000001
10,850,Prey,30,3669,3435,4112.8
10,860,Predators,30,49,26.700000000000003,72.70000000000002
10,860,Prey,30,3939.5,3728.5,4435.9000000000005
10,870,Predators,30,50,27.700000000000003,72.9
10,870,Prey,30,4195,3972.8,4699.200000000001
10,880,Predators,30,50.5,27.700000000000003,74.80000000000001
10,880,Prey,30,4468.5,4138.9,4866
10,890,Predators,30,53,27.8,76.80000000000001
10,890,Prey,30,4647,4274.8,4967.5
10,900,Predators,30,54,29.700000000000003,79.4
10,900,Prey,30,4738.5,4418.8,5024.9
10,910,Predators,30,54,29,78.5
10,910,Prey,30,4771.5,4394.7,5028.7
10,920,Predators,30,53,29.9,76.60000000000001
10,920,Prey,30,4745.5,4371.9000000000005,4958.9000000000005
10,930,Predators,30,53.5,31,78.9
10,930,Prey,30,4646.5,4346.6,4868.700000000001
10,940,Predators,30,54.5,34.900000000000006,80.70000000000002
10,940,Prey,30,4548.5,4280.2,4702.1
10,950,Predators,30,58,34,79.10000000000002
10,950,Prey,30,4369,4087.7999999999997,4547.3
10,960,Predators,30,58,34.800000000000004,82.70000000000002
10,960,Prey,30,4174,3886.6,4390
10,970,Predators,30,59.5,35.8,81.90000000000002
10,970,Prey,30,3952,3673.9,4195.8
10,980,Predators,30,62,35,82.80000000000001
10,980,Prey,30,3728.5,3467.2,3946.9
10,990,Predators,30,63,34.900000000000006,86.70000000000002
10,990,Prey,30,3465,3209.5,3699.8999999999996
10,1000,Predators,30,65,36.9,86.60000000000001
10,1000,Prey,30,3234,2993.2,3478.8
10,1010,Predators,30,65,37.900000000000006,84.80000000000001
10,1010,Prey,30,3017.5,2793.7,3225
10,1020,Predators,30,64,37.7,86.5
10,1020,Prey,30,2839,2613,3018.4
10,1030,Predators,30,65.5,38.6,85.80000000000001
10,1030,Prey,30,2655,2431.2000000000003,2826
10,1040,Predators,30,66.5,40.6,89.60000000000002
10,1040,Prey,30,2457,2223,2656
10,1050,Predators,30,67,41.599999999999994,89.60000000000002
10,1050,Prey,30,2274.5,2036.5,2478.6
10,1060,Predators,30,66.5,41.699999999999996,88.70000000000002
10,1060,Prey,30,2109,1873.6,2314.3
10,1070,Predators,30,67.5,44.2,89.70000000000002
10,1070,Prey,30,1953,1742,2163.7
10,1080,Predators,30,69.5,46.400000000000006,92
10,1080,Prey,30,1821,1605.6000000000001,2023.2
10,1090,Predators,30,71,46.400000000000006,92.4
10,1090,Prey,30,1692.5,1475.1,1890.1
10,1100,Predators,30,73,45.400000000000006,94.4
10,1100,Prey,30,1578.5,1376.6000000000001,1779.3
10,1110,Predators,30,73,46.5,94.80000000000001
10,1110,Prey,30,1475,1273.1999999999998,1690.3
10,1120,Predators,30,74,47.300000000000004,97.60000000000002
10,1120,Prey,30,1388.5,1175.8999999999999,1584.3
10,1130,Predators,30,74,48.4,98.80000000000001
10,1130,Prey,30,1305.5,1107.6000000000001,1500.0000000000002
10,1140,Predators,30,74.5,49.5,98.80000000000001
10,1140,Prey,30,1241,1030.2,1431.2000000000003
10,1150,Predators,30,76,49.5,97.10000000000002
10,1150,Prey,30,1186,1002.1,1359.2000000000003
10,1160,Predators,30,78,50.2,98.80000000000001
10,1160,Prey,30,1139.5,955.2,1318
10,1170,Predators,30,77,52.1,106.2
10,1170,Prey,30,1084.5,939.3,1279.6
10,1180,Predators,30,76.5,53.00000000000001,106.4
10,1180,Prey,30,1051.5,937.2,1232.7
10,1190,Predators,30,76.5,53.10000000000001,106.1
10,1190,Prey,30,1017,908.7,1206.8999999999999
10,1200,Predators,30,76.5,53.10000000000001,107.1
10,1200,Prey,30,997.5,900,1185.1000000000001
10,1210,Predators,30,77,53.10000000000001,109
10,1210,Prey,30,987,892.5999999999999,1164.1000000000001
10,1220,Predators,30,78.5,54.10000000000001,107.4
10,1220,Prey,30,981,884,1159.3999999999999
10,1230,Predators,30,79.5,54.10000000000001,108.60000000000001
10,1230,Prey,30,987,881.0999999999999,1174.3000000000002
10,1240,Predators,30,78.5,54.300000000000004,111.19999999999999
10,1240,Prey,30,1003,883.2,1179.3000000000002
10,1250,Predators,30,79.5,56.2,109.70000000000002
10,1250,Prey,30,1015.5,910.1,1201.4
10,1260,Predators,30,81,55.6,112.4
10,1260,Prey,30,1047.5,941.5,1224.9
10,1270,Predators,30,82.5,56.6,113.50000000000001
10,1270,Prey,30,1093.5,960.5,1256.8000000000002
10,1280,Predators,30,84.5,56.9,114.60000000000001
10,1280,Prey,30,1141,1040.2,1317
10,1290,Predators,30,84.5,56.8,116.30000000000001
10,1290,Prey,30,1217.5,1080.4,1405.8
10,1300,Predators,30,85.5,58.7,118.2
10,1300,Prey,30,1287.5,1131.9,1492.4
10,1310,Predators,30,88,58.800000000000004,119.19999999999999
10,1310,Prey,30,1373,1233.2,1576.1
10,1320,Predators,30,89,59,119.6
10,1320,Prey,30,1490.5,1301.1,1685.4
10,1330,Predators,30,90.5,58.900000000000006,118.70000000000002
10,1330,Prey,30,1616.5,1421.3999999999999,1791.4
10,1340,Predators,30,91.5,59.7,123.3
10,1340,Prey,30,1768,1549.3,1963.6
10,1350,Predators,30,94,60.7,123.4
10,1350,Prey,30,1897,1669.4,2104.8
10,1360,Predators,30,97,64.3,125.20000000000002
10,1360,Prey,30,2063,1817.3000000000002,2284.6000000000004
10,1370,Predators,30,98,63.6,126.30000000000001
10,1370,Prey,30,2218.5,1986.7,2495.8
10,1380,Predators,30,100.5,68.1,125.60000000000002
10,1380,Prey,30,2406.5,2122.5,2744.3999999999996
10,1390,Predators,30,102.5,68.7,124.9
10,1390,Prey,30,2576,2263.5,2995.2000000000003
10,1400,Predators,30,104,70.7,128.8
10,1400,Prey,30,2754.5,2450.4,3174
10,1410,Predators,30,105.5,75.30000000000001,132.60000000000002
10,1410,Prey,30,2926,2614.5,3413
10,1420,Predators,30,107.5,76.1,135.2
10,1420,Prey,30,3103,2766.2000000000003,3587.3
10,1430,Predators,30,109.5,80.7,138.3
10,1430,Prey,30,3282.5,2917.7999999999997,3806.6
10,1440,Predators,30,112,85.2,143
10,1440,Prey,30,3449,3062.6000000000004,3990.9
10,1450,Predators,30,114,86.5,146.10000000000002
10,1450,Prey,30,3590.5,3173.2000000000003,4105.700000000001
10,1460,Predators,30,115.5,88.3,148.1
10,1460,Prey,30,3665.5,3254.7999999999997,4143.3
10,1470,Predators,30,113.5,90.10000000000001,145.8
10,1470,Prey,30,3748,3351.7,4129.200000000001
10,1480,Predators,30,117.5,90.9,144.9
10,1480,Prey,30,3777.5,3385.7000000000003,4104.6
10,1490,Predators,30,118.5,91.9,149.20000000000002
10,1490,Prey,30,3779.5,3375.6,4024.1
10,1500,Predators,30,120,92.10000000000001,151.6
10,1500,Prey,30,3769,3431.9,4001.3999999999996
10,1510,Predators,30,120.5,96,150.9
10,1510,Prey,30,3755,3387.5,3895.2
10,1520,Predators,30,122,95.20000000000002,151.6
10,1520,Prey,30,3700.5,3329.5,3854.6000000000004
10,1530,Predators,30,122.5,92.50000000000001,153.4
10,1530,Prey,30,3594,3257.1,3806.3
10,1540,Predators,30,124,93.6,153.3
10,1540,Prey,30,3476,3148.1,3731.5
10,1550,Predators,30,127,97.9,156.1
10,1550,Prey,30,3341.5,3042.5,3627.7
10,1560,Predators,30,126,96.70000000000002,157.20000000000002
10,1560,Prey,30,3213,2921.7,3508.1
10,1570,Predators,30,125.5,95.80000000000001,155.5
10,1570,Prey,30,3040.5,2801.5,3391.3
10,1580,Predators,30,126.5,96.80000000000001,157.60000000000002
10,1580,Prey,30,2881,2657.8999999999996,3259.2999999999997
10,1590,Predators,30,127,95.80000000000001,160.5
10,1590,Prey,30,2752.5,2522.9,3119.8
10,1600,Predators,30,128,97.6,158.7
10,1600,Prey,30,2612.5,2383,3005.6
10,1610,Predators,30,131,97.5,160.4
10,1610,Prey,30,2497,2253,2906
10,1620,Predators,30,130.5,96.50000000000001,162.3
10,1620,Prey,30,2380.5,2136.2,2781.1
10,1630,Predators,30,130,98.7,159.6
10,1630,Prey,30,2277,2028.2,2652.8999999999996
10,1640,Predators,30,132,96,159.7
10,1640,Prey,30,2168.5,1906.2,2509.9
10,1650,Predators,30,132.5,95.20000000000002,159.4
10,1650,Prey,30,2070.5,1822.8,2388.5
10,1660,Predators,30,134,94.5,162.10000000000002
10,1660,Prey,30,1995.5,1750.1,2278.4
10,1670,Predators,30,134.5,95.50000000000001,162
10,1670,Prey,30,1944,1648.3000000000002,2160.2000000000003
10,1680,Predators,30,134,96.4,161.3
10,1680,Prey,30,1861,1538.7,2101
10,1690,Predators,30,133,97.4,157.70000000000002
10,1690,Prey,30,1757.5,1437.7,2047.5
10,1700,Predators,30,136,96.4,156.4
10,1700,Prey,30,1659.5,1355.8000000000002,1963
10,1710,Predators,30,132.5,101,158.5
10,1710,Prey,30,1594.5,1306.7,1904.6
10,1720,Predators,30,133,101.1,158
10,1720,Prey,30,1533,1259.8,1838.5
10,1730,Predators,30,134.5,103.00000000000001,160.1
10,1730,Prey,30,1466.5,1218.1,1807.4
10,1740,Predators,30,134.5,102.10000000000001,160
10,1740,Prey,30,1426,1189,1769.6
10,1750,Predators,30,137,99.2,162
10,1750,Prey,30,1391.5,1178.9,1714.8
10,1760,Predators,30,138,100.4,163.2
10,1760,Prey,30,1366,1154.3000000000002,1658.4
10,1770,Predators,30,137.5,102.60000000000001,163.1
10,1770,Prey,30,1345.5,1122.2,1620
10,1780,Predators,30,137.5,102.80000000000001,165
10,1780,Prey,30,1332.5,1128.3,1586.6
10,1790,Predators,30,139,103.9,164.2
10,1790,Prey,30,1319,1132.8000000000002,1566.7
10,1800,Predators,30,140,105,165
10,1800,Prey,30,1341,1123.2,1547.3000000000002
10,1810,Predators,30,138.5,104.2,164.2
10,1810,Prey,30,1343.5,1159.3999999999999,1546.7
10,1820,Predators,30,140.5,103.6,162.40000000000003
10,1820,Prey,30,1376.5,1186.3000000000002,1550.6999999999998
10,1830,Predators,30,140.5,101,165.20000000000002
10,1830,Prey,30,1396.5,1211.4,1542.2
10,1840,Predators,30,140,101,162.90000000000003
10,1840,Prey,30,1429.5,1224,1550.1
10,1850,Predators,30,142.5,101,163.9
10,1850,Prey,30,1456.5,1264.6,1570.3
10,1860,Predators,30,142,100,162.60000000000002
10,1860,Prey,30,1528,1268.8,1611.6000000000001
10,1870,Predators,30,142.5,102.89999999999999,162.60000000000002
10,1870,Prey,30,1548,1321.1,1671.7
10,1880,Predators,30,143.5,105.89999999999999,164.60000000000002
10,1880,Prey,30,1596,1373.1,1738.8000000000002
10,1890,Predators,30,146,112.30000000000001,164.70000000000002
10,1890,Prey,30,1647,1440.3,1843.2000000000003
10,1900,Predators,30,149.5,113.4,167.7
10,1900,Prey,30,1721,1520.9,2011.4
10,1910,Predators,30,148.5,115.5,171.4
10,1910,Prey,30,1787,1600.3000000000002,2126.2000000000003
10,1920,Predators,30,151,113.8,174.5
10,1920,Prey,30,1874.5,1654.8999999999999,2214.8
10,1930,Predators,30,153.5,113.8,172.5
10,1930,Prey,30,1938,1751.8000000000002,2292.5000000000005
10,1940,Predators,30,152,111.8,172.3
10,1940,Prey,30,2030,1799.9,2376.1000000000004
10,1950,Predators,30,153,113.8,171.1
10,1950,Prey,30,2142,1899.6,2470.3
10,1960,Predators,30,154.5,118.69999999999999,170.50000000000003
10,1960,Prey,30,2241.5,2020.8000000000002,2587.3
10,1970,Predators,30,159,119.6,174.2
10,1970,Prey,30,2336,2100.8,2709
10,1980,Predators,30,160.5,119.8,174.5
10,1980,Prey,30,2439,2162.4,2844.3
10,1990,Predators,30,158.5,121.7,176.60000000000002
10,1990,Prey,30,2527.5,2269.3,2997.1000000000004
10,2000,Predators,30,159.5,123.7,182.1
10,2000,Prey,30,2629,2379.7,3143.4
10,2010,Predators,30,160.5,125.7,185
10,2010,Prey,30,2680.5,2392.7,3132.9000000000005
10,2020,Predators,30,161.5,130.6,188.2
10,2020,Prey,30,2716.5,2441.5,3229.6
10,2030,Predators,30,167,130,191.1
10,2030,Prey,30,2778,2508.6,3270.9
10,2040,Predators,30,171,134.3,192.8
10,2040,Prey,30,2760,2530.6,3285.7
10,2050,Predators,30,177,138.4,197
10,2050,Prey,30,2817.5,2556.1,3283.7000000000003
10,2060,Predators,30,178.5,136.8,195.2
10,2060,Prey,30,2856.5,2570.2,3245.4
10,2070,Predators,30,181,140.7,200.3
10,2070,Prey,30,2823.5,2549.2999999999997,3166.2000000000003
10,2080,Predators,30,184,145.5,204.4
10,2080,Prey,30,2796,2518,3180.7
10,2090,Predators,30,185.5,146.7,210.10000000000002
10,2090,Prey,30,2712,2474.9,3157.4000000000005
10,2100,Predators,30,184,147.79999999999998,209.10000000000002
10,2100,Prey,30,2663.5,2441.7,3067.7000000000003
10,2110,Predators,30,183.5,152,209
10,2110,Prey,30,2654.5,2413.2,3008.6000000000004
10,2120,Predators,30,183.5,158.1,209.4
10,2120,Prey,30,2585,2397.7,2909.2000000000003
10,2130,Predators,30,187.5,158.2,214.2
10,2130,Prey,30,2561,2305.7,2853.8
10,2140,Predators,30,189.5,159.2,214.39999999999998
10,2140,Prey,30,2468.5,2246.2,2757.1000000000004
10,2150,Predators,30,190,160.4,215.4
10,2150,Prey,30,2392,2166,2646.7
10,2160,Predators,30,193.5,159.7,219.1
10,2160,Prey,30,2314,2135.1,2581.8
10,2170,Predators,30,197,161,219
10,2170,Prey,30,2245,2070.4,2530.2
10,2180,Predators,30,197,160.70000000000002,219.1
10,2180,Prey,30,2192,1991.8000000000002,2456.8
10,2190,Predators,30,194.5,163.79999999999998,222.2
10,2190,Prey,30,2128,1914.3,2371.9
10,2200,Predators,30,198,165.9,222.1
10,2200,Prey,30,2054,1819.8,2292.9
10,2210,Predators,30,193.5,163.79999999999998,222.1
10,2210,Prey,30,1974,1761,2257
10,2220,Predators,30,193,162.7,220.4
10,2220,Prey,30,1884,1696,2192.9
10,2230,Predators,30,194.5,163.89999999999998,222
10,2230,Prey,30,1794.5,1607,2119
10,2240,Predators,30,195.5,165.8,224.3
10,2240,Prey,30,1745.5,1542.1,2003.6000000000001
10,2250,Predators,30,195.5,165.8,223.6
10,2250,Prey,30,1699.5,1472.7,1920.1000000000001
10,2260,Predators,30,197.5,168.79999999999998,223
10,2260,Prey,30,1692,1388.1000000000001,1880.9
10,2270,Predators,30,198.5,168.6,225.4
10,2270,Prey,30,1629.5,1312.3,1843.8000000000002
10,2280,Predators,30,199.5,169.8,228
10,2280,Prey,30,1571.5,1254.5,1823.6
10,2290,Predators,30,200,171.4,226.10000000000002
10,2290,Prey,30,1514.5,1211.8,1811.8999999999999
10,2300,Predators,30,199.5,173.5,224.1
10,2300,Prey,30,1489.5,1172.4,1780
10,2310,Predators,30,198.5,172.9,227.2
10,2310,Prey,30,1447,1156,1754.2
10,2320,Predators,30,200.5,173,225.10000000000002
10,2320,Prey,30,1409.5,1152.8,1700.5
10,2330,Predators,30,201.5,174,225.10000000000002
10,2330,Prey,30,1376,1141.7,1685.2
10,2340,Predators,30,197.5,176.60000000000002,225.3
10,2340,Prey,30,1360,1116.5,1661.6
10,2350,Predators,30,200,176.9,229.10000000000002
10,2350,Prey,30,1354.5,1098.3,1636.6000000000001
10,2360,Predators,30,201,180.7,227.3
10,2360,Prey,30,1341,1092,1634.3
10,2370,Predators,30,202,180.3,226.60000000000002
10,2370,Prey,30,1349,1083.8999999999999,1597.3999999999999
10,2380,Predators,30,200.5,179.79999999999998,229.20000000000002
10,2380,Prey,30,1340.5,1079.4,1579.8000000000002
10,2390,Predators,30,202,181,229.10000000000002
10,2390,Prey,30,1320.5,1074.2,1580.5
10,2400,Predators,30,202,185.9,230
10,2400,Prey,30,1318,1086.2,1573.5
10,2410,Predators,30,200,183.70000000000002,228.1
10,2410,Prey,30,1322.5,1118.6,1581.0000000000002
10,2420,Predators,30,202,182.8,231.2
10,2420,Prey,30,1330,1133.5,1592.8000000000002
10,2430,Predators,30,201,183.5,230.1
10,2430,Prey,30,1366,1155.4,1619.1000000000001
10,2440,Predators,30,202.5,183.5,226.20000000000002
10,2440,Prey,30,1390.5,1187.8999999999999,1658.2
10,2450,Predators,30,201.5,180.7,230
10,2450,Prey,30,1414.5,1232.2,1731.1000000000001
10,2460,Predators,30,201.5,181.5,227.1
10,2460,Prey,30,1449,1254.3,1762.2
10,2470,Predators,30,201,182.5,228.3
10,2470,Prey,30,1499,1295.9,1776.5
10,2480,Predators,30,201.5,181.7,230.1
10,2480,Prey,30,1550,1333.3999999999999,1825.7
10,2490,Predators,30,202,180,228.3
10,2490,Prey,30,1573.5,1395.5,1872.6000000000001
10,2500,Predators,30,204,182.9,232.3
10,2500,Prey,30,1623,1440.6999999999998,1874.6000000000001
10,2510,Predators,30,205,183.8,231
10,2510,Prey,30,1675.5,1493.8,1912.9000000000003
10,2520,Predators,30,206.5,185.6,228.60000000000002
10,2520,Prey,30,1755.5,1571.5,1994.1
10,2530,Predators,30,206.5,185.8,230.3
10,2530,Prey,30,1816,1639.9,2057.5
10,2540,Predators,30,206.5,187,228.20000000000002
10,2540,Prey,30,1887.5,1677.2,2092.6
10,2550,Predators,30,208,186.8,230.00000000000003
10,2550,Prey,30,1952.5,1744.4,2168.6
10,2560,Predators,30,209.5,188.70000000000002,232.60000000000002
10,2560,Prey,30,2018.5,1801.7,2237.9
10,2570,Predators,30,208.5,189,233.3
10,2570,Prey,30,2069,1829.9,2287.4
10,2580,Predators,30,210.5,190.8,234.50000000000003
10,2580,Prey,30,2124.5,1851.4,2376.0000000000005
10,2590,Predators,30,213,193.5,233.20000000000002
10,2590,Prey,30,2183.5,1901.6000000000001,2485.8
10,2600,Predators,30,214,198.10000000000002,234.8
10,2600,Prey,30,2253,2005.3000000000002,2541.2
10,2610,Predators,30,219,201.1,237.5
10,2610,Prey,30,2300.5,2068.6,2639.8
10,2620,Predators,30,221.5,200.2,242.60000000000002
10,2620,Prey,30,2343.5,2124.2,2747.4
10,2630,Predators,30,220.5,202.5,241.60000000000002
10,2630,Prey,30,2377,2120.9,2853.6000000000004
10,2640,Predators,30,223.5,204,244.9
10,2640,Prey,30,2433,2133.9,2920.2
10,2650,Predators,30,224.5,204.9,249.5
10,2650,Prey,30,2460,2176.6,2976.6
10,2660,Predators,30,229.5,205.89999999999998,252.1
10,2660,Prey,30,2504.5,2215.1,3020.5
10,2670,Predators,30,231,205.79999999999998,254.2
10,2670,Prey,30,2540.5,2266.8,3063.1
10,2680,Predators,30,231.5,204.60000000000002,256.2
10,2680,Prey,30,2546,2294.9,3039
10,2690,Predators,30,233.5,204,256.3
10,2690,Prey,30,2558.5,2335.5,2993.4
10,2700,Predators,30,235,204.9,256.1
10,2700,Prey,30,2552.5,2353.7,2962.4
10,2710,Predators,30,237,205,256.1
10,2710,Prey,30,2547,2318.5000000000005,2888.5
10,2720,Predators,30,238,208.9,252.5
10,2720,Prey,30,2552.5,2315.2000000000003,2836.6000000000004
10,2730,Predators,30,240,210.89999999999998,252.3
10,2730,Prey,30,2559,2237.9,2806.3
10,2740,Predators,30,241,214,257
10,2740,Prey,30,2550.5,2152.9,2756.8
10,2750,Predators,30,242.5,214.4,260.3
10,2750,Prey,30,2539.5,2094.8,2716.5
10,2760,Predators,30,243.5,214.60000000000002,262.2
10,2760,Prey,30,2499,2018.9,2679.1
10,2770,Predators,30,242,214.5,264
10,2770,Prey,30,2460.5,2016.8,2614.1
10,2780,Predators,30,243,208,262
10,2780,Prey,30,2430,2035.6000000000001,2576
10,2790,Predators,30,240.5,209.5,262.1
10,2790,Prey,30,2347.5,2068.8,2527.7000000000003
10,2800,Predators,30,241,216,265.40000000000003
10,2800,Prey,30,2300.5,2035.8,2489.5
10,2810,Predators,30,240,219.50000000000003,262.09999999999997
10,2810,Prey,30,2251.5,1984.1,2421.7999999999997
10,2820,Predators,30,240.5,217.2,262.09999999999997
10,2820,Prey,30,2192.5,2001.3,2382.8
10,2830,Predators,30,241,218.9,266.20000000000005
10,2830,Prey,30,2154,1936.6000000000001,2340.7000000000003
10,2840,Predators,30,241,216.6,263.4
10,2840,Prey,30,2120.5,1839,2303.3
10,2850,Predators,30,241.5,218.4,264.4
10,2850,Prey,30,2051,1786,2297.4
10,2860,Predators,30,241,214.9,264.3
10,2860,Prey,30,2021,1709.3999999999999,2268.7000000000003
10,2870,Predators,30,244,221.39999999999998,267.1
10,2870,Prey,30,1955.5,1632,2269.2
10,2880,Predators,30,242.5,222.4,267.1
10,2880,Prey,30,1909.5,1594.5,2248.8
10,2890,Predators,30,242,221.7,262.09999999999997
10,2890,Prey,30,1864.5,1547.1,2196.8
10,2900,Predators,30,239,220.9,260.4
10,2900,Prey,30,1838,1499.4,2154.9
10,2910,Predators,30,238.5,222.8,261.2
10,2910,Prey,30,1827.5,1435.7,2125.4
10,2920,Predators,30,239.5,216.89999999999998,261.3
10,2920,Prey,30,1790.5,1407.5,2091.8
10,2930,Predators,30,239,221.7,262.6
10,2930,Prey,30,1762,1393.6000000000001,2079.6
10,2940,Predators,30,240,216,263.7
10,2940,Prey,30,1722.5,1353,2044.7
10,2950,Predators,30,237,213.9,264
10,2950,Prey,30,1690,1326.8,2017.2
10,2960,Predators,30,237.5,211.89999999999998,266.5
10,2960,Prey,30,1683,1287.6999999999998,1970.7000000000003
10,2970,Predators,30,238,209.9,263
10,2970,Prey,30,1654.5,1285,1950.2
10,2980,Predators,30,237,210.79999999999998,264.1
10,2980,Prey,30,1612,1290.6,1930.5000000000002
10,2990,Predators,30,238,215.4,267.4
10,2990,Prey,30,1596,1298.4,1898.0000000000002
10,3000,Predators,30,238,214.9,266.70000000000005
10,3000,Prey,30,1581.5,1306,1923.8
15,0,Predators,30,10,10,10
15,0,Prey,30,100,100,100
15,10,Predators,30,10,10,10
15,10,Prey,30,109,105,113.10000000000001
15,20,Predators,30,10,10,11
15,20,Prey,30,140.5,131.9,149.4
15,30,Predators,30,10,10,11
15,30,Prey,30,199.5,181.9,210.70000000000002
15,40,Predators,30,10,10,11
15,40,Prey,30,285,260.4,307.3
15,50,Predators,30,10,10,11.100000000000001
15,50,Prey,30,406,374.4,446.1
15,60,Predators,30,10,10,11.100000000000001
15,60,Prey,30,579.5,532.8000000000001,635.4000000000001
15,70,Predators,30,10.5,10,12
15,70,Prey,30,824,744,904.4
15,80,Predators,30,8,6,10.100000000000001
15,80,Prey,30,1164.5,1039.7,1256.1000000000001
15,90,Predators,30,8,6,10.100000000000001
15,90,Prey,30,1603,1428.3000000000002,1717.9
15,100,Predators,30,8,6,10.100000000000001
15,100,Prey,30,2200,2006.6000000000001,2359.4
15,110,Predators,30,9,6,11
15,110,Prey,30,2956,2744,3182.6000000000004
15,120,Predators,30,9,6.9,11.100000000000001
15,120,Prey,30,3924,3585.8,4200.4000000000005
15,130,Predators,30,9,6.9,12.300000000000004
15,130,Prey,30,5079,4649.6,5414.3
15,140,Predators,30,9.5,7.9,13.200000000000003
15,140,Prey,30,6390,5915.5,6719.8
15,150,Predators,30,10,7.9,16
15,150,Prey,30,7747.5,7252,8163.4
15,160,Predators,30,11,7.9,16.1
15,160,Prey,30,9087,8555.1,9555
15,170,Predators,30,11,7,17
15,170,Prey,30,10317.5,9829.1,10891.300000000001
15,180,Predators,30,11,7,17.1
15,180,Prey,30,11462.5,10994.4,11955.6
15,190,Predators,30,12.5,7.9,17.1
15,190,Prey,30,12322,11868.4,12695
15,200,Predators,30,13,7.9,18
15,200,Prey,30,12872,12591.5,13183.9
15,210,Predators,30,13,7.9,19
15,210,Prey,30,13177,12895.6,13396.2
15,220,Predators,30,13,7.9,20
15,220,Prey,30,13219.5,13009.9,13414.599999999999
15,230,Predators,30,13.5,8,20.1
15,230,Prey,30,13092,12920.9,13314.699999999999
15,240,Predators,30,14,8.9,20.300000000000004
15,240,Prey,30,12879.5,12573.8,13073.3
15,250,Predators,30,14.5,9,21.300000000000004
15,250,Prey,30,12564,12256.4,12743.1
15,260,Predators,30,15,9,24
15,260,Prey,30,12150,11847.300000000001,12357
15,270,Predators,30,15,9.9,24.200000000000003
15,270,Prey,30,11673.5,11434.3,11901.5
15,280,Predators,30,16,10,26
15,280,Prey,30,11211,10951.300000000001,11421.9
15,290,Predators,30,16.5,10,25.200000000000003
15,290,Prey,30,10658.5,10440.6,10897.4
15,300,Predators,30,16.5,10.9,25.300000000000004
15,300,Prey,30,10103.5,9847.1,10354.6
15,310,Predators,30,16.5,10.8,26.200000000000003
15,310,Prey,30,9524,9288.1,9772.4
15,320,Predators,30,17,10.9,27.300000000000004
15,320,Prey,30,8930,8700.1,9248.300000000001
15,330,Predators,30,18,10.9,30
15,330,Prey,30,8384.5,8185,8604
15,340,Predators,30,19,11,31
15,340,Prey,30,7834.5,7613.4000000000005,8075.4
15,350,Predators,30,19,12,32.1
15,350,Prey,30,7285,7053.1,7478
15,360,Predators,30,20,11.9,33
15,360,Prey,30,6751,6504.6,6946.1
15,370,Predators,30,20,12,34
15,370,Prey,30,6204,5970.1,6442.5
15,380,Predators,30,20,12.9,34.1
15,380,Prey,30,5703,5455.8,5914.2
15,390,Predators,30,21.5,13.8,33.1
15,390,Prey,30,5217.5,5002.3,5446
15,400,Predators,30,22,13.8,34.2
15,400,Prey,30,4771.5,4531.3,4944.1
15,410,Predators,30,21,13.8,34.300000000000004
15,410,Prey,30,4314.5,4143.6,4476.8
15,420,Predators,30,22,13.8,36.1
15,420,Prey,30,3916.5,3751.2,4125.4000000000005
15,430,Predators,30,22.5,13.8,36.1
15,430,Prey,30,3539,3370.6,3712.1
15,440,Predators,30,23,14.8,36.2
15,440,Prey,30,3197.5,3006.9,3334.2
15,450,Predators,30,23.5,14.8,36.300000000000004
15,450,Prey,30,2884,2726.1000000000004,3018.3999999999996
15,460,Predators,30,23,14,37.2
15,460,Prey,30,2589.5,2452.3,2751.4
15,470,Predators,30,24,13.9,37
15,470,Prey,30,2328.5,2163.8,2460.7
15,480,Predators,30,24.5,14,37
15,480,Prey,30,2103.5,1927.2,2209.4
15,490,Predators,30,25.5,14,38.1
15,490,Prey,30,1904,1734.4,1983.5
15,500,Predators,30,25.5,14,38.2
15,500,Prey,30,1733,1551.2,1822.1000000000001
15,510,Predators,30,27,14.9,40.1
15,510,Prey,30,1558.5,1373.7,1646.8000000000002
15,520,Predators,30,28,15.9,41.1
15,520,Prey,30,1415.5,1260,1501.5
15,530,Predators,30,28,15.8,41
15,530,Prey,30,1298.5,1151.5,1379.6000000000001
15,540,Predators,30,28.5,15,41.1
15,540,Prey,30,1182.5,1050.5,1286.1000000000001
15,550,Predators,30,29.5,14.9,42.1
15,550,Prey,30,1088.5,967.4,1185.3000000000002
15,560,Predators,30,31.5,14.9,43
15,560,Prey,30,997,874.6,1103.6000000000001
15,570,Predators,30,31.5,15.8,44.1
15,570,Prey,30,926.5,823.6,1041
15,580,Predators,30,31.5,16.700000000000003,45
15,580,Prey,30,867,770.3000000000001,959.9000000000001
15,590,Predators,30,32,15.700000000000001,45.1
15,590,Prey,30,813.5,735.2,917.7
15,600,Predators,30,32,16.700000000000003,46
15,600,Prey,30,769,703.4,874.4000000000001
15,610,Predators,30,31.5,15.8,48
15,610,Prey,30,736,670.8,828.1000000000001
15,620,Predators,30,31.5,14.9,48.1
15,620,Prey,30,705,649.3,816.6
15,630,Predators,30,31.5,15.9,49
15,630,Prey,30,680.5,617.8000000000001,793.8000000000001
15,640,Predators,30,32.5,16.8,51.1
15,640,Prey,30,668,602.6999999999999,769.9
15,650,Predators,30,33.5,16.9,50
15,650,Prey,30,663,603.8000000000001,762.1
15,660,Predators,30,33.5,17.9,51.1
15,660,Prey,30,657.5,606.8000000000001,748.7
15,670,Predators,30,32.5,17.8,50.2
15,670,Prey,30,663.5,615.8000000000001,753.5
15,680,Predators,30,32,16.9,51.300000000000004
15,680,Prey,30,691,626.5,761.4
15,690,Predators,30,32.5,16,51.2
15,690,Prey,30,714.5,644.7,781.2
15,700,Predators,30,32.5,16,54
15,700,Prey,30,762,691.9,813.0000000000001
15,710,Predators,30,33,17,55
15,710,Prey,30,817,725.5,878.5
15,720,Predators,30,34,17,54.1
15,720,Prey,30,874,789.7,946.2
15,730,Predators,30,33.5,17.9,55
15,730,Prey,30,963,858.6999999999999,1045.4
15,740,Predators,30,34,18.900000000000002,56.1
15,740,Prey,30,1075,971.5,1179.1
15,750,Predators,30,35,19,57.1
15,750,Prey,30,1194.5,1077.7,1325
15,760,Predators,30,34.5,19.9,56.1
15,760,Prey,30,1363.5,1193.7,1488.6000000000001
15,770,Predators,30,35,19.9,58.1
15,770,Prey,30,1540,1331.8,1686.1000000000001
15,780,Predators,30,36.5,20.9,58.300000000000004
15,780,Prey,30,1746,1519.9,1922.3000000000002
15,790,Predators,30,38,20.9,60.60000000000001
15,790,Prey,30,1991.5,1728.8,2171.1000000000004
15,800,Predators,30,39,21.8,61.70000000000001
15,800,Prey,30,2222.5,1958.3,2479.4000000000005
15,810,Predators,30,40,21.8,65.70000000000002
15,810,Prey,30,2498,2205.6,2791.0000000000005
15,820,Predators,30,42.5,22.700000000000003,66.80000000000001
15,820,Prey,30,2784,2466.9,3122.4000000000005
15,830,Predators,30,43,23.9,67.9
15,830,Prey,30,3074.5,2746,3452.6000000000004
15,840,Predators,30,46,25.700000000000003,68.80000000000001
15,840,Prey,30,3388.5,3102.3999999999996,3769.1000000000004
15,850,Predators,30,47.5,26.6,71.60000000000001
15,850,Prey,30,3669,3435,4112.8
15,860,Predators,30,49,26.700000000000003,72.70000000000002
15,860,Prey,30,3939.5,3728.5,4435.9000000000005
15,870,Predators,30,50,27.700000000000003,72.9
15,870,Prey,30,4195,3972.8,4699.200000000001
15,880,Predators,30,50.5,27.700000000000003,74.80000000000001
15,880,Prey,30,4468.5,4138.9,4866
15,890,Predators,30,53,27.8,76.80000000000001
15,890,Prey,30,4647,4274.8,4967.5
15,900,Predators,30,54,29.700000000000003,79.4
15,900,Prey,30,4738.5,4418.8,5024.9
15,910,Predators,30,54,29,78.5
15,910,Prey,30,4771.5,4394.7,5028.7
15,920,Predators,30,53,29.9,76.60000000000001
15,920,Prey,30,4745.5,4371.9000000000005,4958.9000000000005
15,930,Predators,30,53.5,31,78.9
15,930,Prey,30,4646.5,4346.6,4868.700000000001
15,940,Predators,30,54.5,34.900000000000006,80.70000000000002
15,940,Prey,30,4548.5,4280.2,4702.1
15,950,Predators,30,58,34,79.10000000000002
15,950,Prey,30,4369,4087.7999999999997,4547.3
15,960,Predators,30,58,34.800000000000004,82.70000000000002
15,960,Prey,30,4174,3886.6,4390
15,970,Predators,30,59.5,35.8,81.90000000000002
15,970,Prey,30,3952,3673.9,4195.8
15,980,Predators,30,62,35,82.80000000000001
15,980,Prey,30,3728.5,3467.2,3946.9
15,990,Predators,30,63,34.900000000000006,86.70000000000002
15,990,Prey,30,3465,3209.5,3699.8999999999996
15,1000,Predators,30,65,36.9,86.60000000000001
15,1000,Prey,30,3234,2993.2,3478.8
15,1010,Predators,30,65,37.900000000000006,84.80000000000001
15,1010,Prey,30,3017.5,2793.7,3225
15,1020,Predators,30,64,37.7,86.5
15,1020,Prey,30,2839,2613,3018.4
15,1030,Predators,30,65.5,38.6,85.80000000000001
15,1030,Prey,30,2655,2431.2000000000003,2826
15,1040,Predators,30,66.5,40.6,89.60000000000002
15,1040,Prey,30,2457,2223,2656
15,1050,Predators,30,67,41.599999999999994,89.60000000000002
15,1050,Prey,30,2274.5,2036.5,2478.6
15,1060,Predators,30,66.5,41.699999999999996,88.70000000000002
15,1060,Prey,30,2109,1873.6,2314.3
15,1070,Predators,30,67.5,44.2,89.70000000000002
15,1070,Prey,30,1953,1742,2163.7
15,1080,Predators,30,69.5,46.400000000000006,92
15,1080,Prey,30,1821,1605.6000000000001,2023.2
15,1090,Predators,30,71,46.400000000000006,92.4
15,1090,Prey,30,1692.5,1475.1,1890.1
15,1100,Predators,30,73,45.400000000000006,94.4
15,1100,Prey,30,1578.5,1376.6000000000001,1779.3
15,1110,Predators,30,73,46.5,94.80000000000001
15,1110,Prey,30,1475,1273.1999999999998,1690.3
15,1120,Predators,30,74,47.300000000000004,97.60000000000002
15,1120,Prey,30,1388.5,1175.8999999999999,1584.3
15,1130,Predators,30,74,48.4,98.80000000000001
15,1130,Prey,30,1305.5,1107.6000000000001,1500.0000000000002
15,1140,Predators,30,74.5,49.5,98.80000000000001
15,1140,Prey,30,1241,1030.2,1431.2000000000003
15,1150,Predators,30,76,49.5,97.10000000000002
15,1150,Prey,30,1186,1002.1,1359.2000000000003
15,1160,Predators,30,78,50.2,98.80000000000001
15,1160,Prey,30,1139.5,955.2,1318
15,1170,Predators,30,77,52.1,106.2
15,1170,Prey,30,1084.5,939.3,1279.6
15,1180,Predators,30,76.5,53.00000000000001,106.4
15,1180,Prey,30,1051.5,937.2,1232.7
15,1190,Predators,30,76.5,53.10000000000001,106.1
15,1190,Prey,30,1017,908.7,1206.8999999999999
15,1200,Predators,30,76.5,53.10000000000001,107.1
15,1200,Prey,30,997.5,900,1185.1000000000001
15,1210,Predators,30,77,53.10000000000001,109
15,1210,Prey,30,987,892.5999999999999,1164.1000000000001
15,1220,Predators,30,78.5,54.10000000000001,107.4
15,1220,Prey,30,981,884,1159.3999999999999
15,1230,Predators,30,79.5,54.10000000000001,108.60000000000001
15,1230,Prey,30,987,881.0999999999999,1174.3000000000002
15,1240,Predators,30,78.5,54.300000000000004,111.19999999999999
15,1240,Prey,30,1003,883.2,1179.3000000000002
15,1250,Predators,30,79.5,56.2,109.70000000000002
15,1250,Prey,30,1015.5,910.1,1201.4
15,1260,Predators,30,81,55.6,112.4
15,1260,Prey,30,1047.5,941.5,1224.9
15,1270,Predators,30,82.5,56.6,113.50000000000001
15,1270,Prey,30,1093.5,960.5,1256.8000000000002
15,1280,Predators,30,84.5,56.9,114.60000000000001
15,1280,Prey,30,1141,1040.2,1317
15,1290,Predators,30,84.5,56.8,116.30000000000001
15,1290,Prey,30,1217.5,1080.4,1405.8
15,1300,Predators,30,85.5,58.7,118.2
15,1300,Prey,30,1287.5,1131.9,1492.4
15,1310,Predators,30,88,58.800000000000004,119.19999999999999
15,1310,Prey,30,1373,1233.2,1576.1
15,1320,Predators,30,89,59,119.6
15,1320,Prey,30,1490.5,1301.1,1685.4
15,1330,Predators,30,90.5,58.900000000000006,118.70000000000002
15,1330,Prey,30,1616.5,1421.3999999999999,1791.4
15,1340,Predators,30,91.5,59.7,123.3
15,1340,Prey,30,1768,1549.3,1963.6
15,1350,Predators,30,94,60.7,123.4
15,1350,Prey,30,1897,1669.4,2104.8
15,1360,Predators,30,97,64.3,125.20000000000002
15,1360,Prey,30,2063,1817.3000000000002,2284.6000000000004
15,1370,Predators,30,98,63.6,126.30000000000001
15,1370,Prey,30,2218.5,1986.7,2495.8
15,1380,Predators,30,100.5,68.1,125.60000000000002
15,1380,Prey,30,2406.5,2122.5,2744.3999999999996
15,1390,Predators,30,102.5,68.7,124.9
15,1390,Prey,30,2576,2263.5,2995.2000000000003
15,1400,Predators,30,104,70.7,128.8
15,1400,Prey,30,2754.5,2450.4,3174
15,1410,Predators,30,105.5,75.30000000000001,132.60000000000002
15,1410,Prey,30,2926,2614.5,3413
15,1420,Predators,30,107.5,76.1,135.2
15,1420,Prey,30,3103,2766.2000000000003,3587.3
15,1430,Predators,30,109.5,80.7,138.3
15,1430,Prey,30,3282.5,2917.7999999999997,3806.6
15,1440,Predators,30,112,85.2,143
15,1440,Prey,30,3449,3062.6000000000004,3990.9
15,1450,Predators,30,114,86.5,146.10000000000002
15,1450,Prey,30,3590.5,3173.2000000000003,4105.700000000001
15,1460,Predators,30,115.5,88.3,148.1
15,1460,Prey,30,3665.5,3254.7999999999997,4143.3
15,1470,Predators,30,113.5,90.10000000000001,145.8
15,1470,Prey,30,3748,3351.7,4129.200000000001
15,1480,Predators,30,117.5,90.9,144.9
15,1480,Prey,30,3777.5,3385.7000000000003,4104.6
15,1490,Predators,30,118.5,91.9,149.20000000000002
15,1490,Prey,30,3779.5,3375.6,4024.1
15,1500,Predators,30,120,92.10000000000001,151.6
15,1500,Prey,30,3769,3431.9,4001.3999999999996
15,1510,Predators,30,120.5,96,150.9
15,1510,Prey,30,3755,3387.5,3895.2
15,1520,Predators,30,122,95.20000000000002,151.6
15,1520,Prey,30,3700.5,3329.5,3854.6000000000004
15,1530,Predators,30,122.5,92.50000000000001,153.4
15,1530,Prey,30,3594,3257.1,3806.3
15,1540,Predators,30,124,93.6,153.3
15,1540,Prey,30,3476,3148.1,3731.5
15,1550,Predators,30,127,97.9,156.1
15,1550,Prey,30,3341.5,3042.5,3627.7
15,1560,Predators,30,126,96.70000000000002,157.20000000000002
15,1560,Prey,30,3213,2921.7,3508.1
15,1570,Predators,30,125.5,95.80000000000001,155.5
15,1570,Prey,30,3040.5,2801.5,3391.3
15,1580,Predators,30,126.5,96.80000000000001,157.60000000000002
15,1580,Prey,30,2881,2657.8999999999996,3259.2999999999997
15,1590,Predators,30,127,95.80000000000001,160.5
15,1590,Prey,30,2752.5,2522.9,3119.8
15,1600,Predators,30,128,97.6,158.7
15,1600,Prey,30,2612.5,2383,3005.6
15,1610,Predators,30,131,97.5,160.4
15,1610,Prey,30,2497,2253,2906
15,1620,Predators,30,130.5,96.50000000000001,162.3
15,1620,Prey,30,2380.5,2136.2,2781.1
15,1630,Predators,30,130,98.7,159.6
15,1630,Prey,30,2277,2028.2,2652.8999999999996
15,1640,Predators,30,132,96,159.7
15,1640,Prey,30,2168.5,1906.2,2509.9
15,1650,Predators,30,132.5,95.20000000000002,159.4
15,1650,Prey,30,2070.5,1822.8,2388.5
15,1660,Predators,30,134,94.5,162.10000000000002
15,1660,Prey,30,1995.5,1750.1,2278.4
15,1670,Predators,30,134.5,95.50000000000001,162
15,1670,Prey,30,1944,1648.3000000000002,2160.2000000000003
15,1680,Predators,30,134,96.4,161.3
15,1680,Prey,30,1861,1538.7,2101
15,1690,Predators,30,133,97.4,157.70000000000002
15,1690,Prey,30,1757.5,1437.7,2047.5
15,1700,Predators,30,136,96.4,156.4
15,1700,Prey,30,1659.5,1355.8000000000002,1963
15,1710,Predators,30,132.5,101,158.5
15,1710,Prey,30,1594.5,1306.7,1904.6
15,1720,Predators,30,133,101.1,158
15,1720,Prey,30,1533,1259.8,1838.5
15,1730,Predators,30,134.5,103.00000000000001,160.1
15,1730,Prey,30,1466.5,1218.1,1807.4
15,1740,Predators,30,134.5,102.10000000000001,160
15,1740,Prey,30,1426,1189,1769.6
15,1750,Predators,30,137,99.2,162
15,1750,Prey,30,1391.5,1178.9,1714.8
15,1760,Predators,30,138,100.4,163.2
15,1760,Prey,30,1366,1154.3000000000002,1658.4
15,1770,Predators,30,137.5,102.60000000000001,163.1
15,1770,Prey,30,1345.5,1122.2,1620
15,1780,Predators,30,137.5,102.80000000000001,165
15,1780,Prey,30,1332.5,1128.3,1586.6
15,1790,Predators,30,139,103.9,164.2
15,1790,Prey,30,1319,1132.8000000000002,1566.7
15,1800,Predators,30,140,105,165
15,1800,Prey,30,1341,1123.2,1547.3000000000002
15,1810,Predators,30,138.5,104.2,164.2
15,1810,Prey,30,1343.5,1159.3999999999999,1546.7
15,1820,Predators,30,140.5,103.6,162.40000000000003
15,1820,Prey,30,1376.5,1186.3000000000002,1550.6999999999998
15,1830,Predators,30,140.5,101,165.20000000000002
15,1830,Prey,30,1396.5,1211.4,1542.2
15,1840,Predators,30,140,101,162.90000000000003
15,1840,Prey,30,1429.5,1224,1550.1
15,1850,Predators,30,142.5,101,163.9
15,1850,Prey,30,1456.5,1264.6,1570.3
15,1860,Predators,30,142,100,162.60000000000002
15,1860,Prey,30,1528,1268.8,1611.6000000000001
15,1870,Predators,30,142.5,102.89999999999999,162.60000000000002
15,1870,Prey,30,1548,1321.1,1671.7
15,1880,Predators,30,143.5,105.89999999999999,164.60000000000002
15,1880,Prey,30,1596,1373.1,1738.8000000000002
15,1890,Predators,30,146,112.30000000000001,164.70000000000002
15,1890,Prey,30,1647,1440.3,1843.2000000000003
15,1900,Predators,30,149.5,113.4,167.7
15,1900,Prey,30,1721,1520.9,2011.4
15,1910,Predators,30,148.5,115.5,171.4
15,1910,Prey,30,1787,1600.3000000000002,2126.2000000000003
15,1920,Predators,30,151,113.8,174.5
15,1920,Prey,30,1874.5,1654.8999999999999,2214.8
15,1930,Predators,30,153.5,113.8,172.5
15,1930,Prey,30,1938,1751.8000000000002,2292.5000000000005
15,1940,Predators,30,152,111.8,172.3
15,1940,Prey,30,2030,1799.9,2376.1000000000004
15,1950,Predators,30,153,113.8,171.1
15,1950,Prey,30,2142,1899.6,2470.3
15,1960,Predators,30,154.5,118.69999999999999,170.50000000000003
15,1960,Prey,30,2241.5,2020.8000000000002,2587.3
15,1970,Predators,30,159,119.6,174.2
15,1970,Prey,30,2336,2100.8,2709
15,1980,Predators,30,160.5,119.8,174.5
15,1980,Prey,30,2439,2162.4,2844.3
15,1990,Predators,30,158.5,121.7,176.60000000000002
15,1990,Prey,30,2527.5,2269.3,2997.1000000000004
15,2000,Predators,30,159.5,123.7,182.1
15,2000,Prey,30,2629,2379.7,3143.4
15,2010,Predators,30,162.5,124.9,183.3
15,2010,Prey,30,2629,2361.3,3088.2
15,2020,Predators,30,165.5,129.4,189
15,2020,Prey,30,2670,2395,3149.2000000000003
15,2030,Predators,30,171.5,132.5,190
15,2030,Prey,30,2672.5,2391.3999999999996,3126.7999999999997
15,2040,Predators,30,171.5,130,195.1
15,2040,Prey,30,2686,2411.2,3167.7000000000003
15,2050,Predators,30,175,131.79999999999998,197.5
15,2050,Prey,30,2681.5,2378.9,3125.5
15,2060,Predators,30,176,131,200.70000000000002
15,2060,Prey,30,2658.5,2373.4,3027.9
15,2070,Predators,30,178.5,132.8,206.39999999999998
15,2070,Prey,30,2590,2364.4,2914.7000000000003
15,2080,Predators,30,181.5,132.9,208.2
15,2080,Prey,30,2596,2319.2999999999997,2840.7
15,2090,Predators,30,183,135.8,206.1
15,2090,Prey,30,2556,2267,2778.3
15,2100,Predators,30,186.5,136.9,211.1
15,2100,Prey,30,2506,2247,2706.3999999999996
15,2110,Predators,30,191.5,142.6,215.4
15,2110,Prey,30,2433,2195.4,2625.6
15,2120,Predators,30,193.5,146.9,221.20000000000002
15,2120,Prey,30,2326,2101.7999999999997,2539.1
15,2130,Predators,30,193.5,148.1,226.10000000000002
15,2130,Prey,30,2239,2068.7,2476
15,2140,Predators,30,197.5,149,229.10000000000002
15,2140,Prey,30,2203.5,2013,2454.9
15,2150,Predators,30,199.5,149.1,228.2
15,2150,Prey,30,2140,1928,2384.1
15,2160,Predators,30,202,150.10000000000002,226.50000000000003
15,2160,Prey,30,2065,1842.8,2266.5
15,2170,Predators,30,206.5,153.70000000000002,233.20000000000002
15,2170,Prey,30,1981.5,1749.7,2129.1
15,2180,Predators,30,205.5,159,235.5
15,2180,Prey,30,1911.5,1672.8999999999999,2051.8
15,2190,Predators,30,206.5,160.4,240.1
15,2190,Prey,30,1833,1647.5,1991.1
15,2200,Predators,30,204.5,163.1,240.2
15,2200,Prey,30,1771,1588.5,1923.3
15,2210,Predators,30,207,160.60000000000002,239.4
15,2210,Prey,30,1717.5,1515.1000000000001,1860.6000000000001
15,2220,Predators,30,209.5,160.20000000000002,243
15,2220,Prey,30,1668.5,1446.7,1815.2
15,2230,Predators,30,210,159.5,241.5
15,2230,Prey,30,1592,1375.5,1766.9
15,2240,Predators,30,211,160.10000000000002,244.1
15,2240,Prey,30,1532.5,1318,1721.8
15,2250,Predators,30,213,161.89999999999998,244.3
15,2250,Prey,30,1475,1248.5,1698.9
15,2260,Predators,30,212,160.20000000000002,244.3
15,2260,Prey,30,1441.5,1194,1668
15,2270,Predators,30,211.5,161.60000000000002,243.3
15,2270,Prey,30,1409.5,1135.7,1625.7
15,2280,Predators,30,208.5,161.4,244.2
15,2280,Prey,30,1380,1111.4,1577.6999999999998
15,2290,Predators,30,211,161.5,244
15,2290,Prey,30,1326.5,1069.2,1554.8000000000002
15,2300,Predators,30,210,161.5,243.2
15,2300,Prey,30,1289.5,1018.5,1476.1000000000001
15,2310,Predators,30,209.5,159.9,241.3
15,2310,Prey,30,1274,1003.2,1438.4000000000003
15,2320,Predators,30,210,162.79999999999998,240.1
15,2320,Prey,30,1244.5,986.4000000000001,1415.4
15,2330,Predators,30,209.5,164.6,240.2
15,2330,Prey,30,1219,971.9,1421.9
15,2340,Predators,30,208,158.9,238.2
15,2340,Prey,30,1220.5,956.0999999999999,1440.6000000000001
15,2350,Predators,30,211,158.7,235
15,2350,Prey,30,1213,921,1451.7
15,2360,Predators,30,212.5,159.7,235
15,2360,Prey,30,1193.5,918.3,1417.6999999999998
15,2370,Predators,30,208.5,161.60000000000002,235.1
15,2370,Prey,30,1184,904.1,1391.7
15,2380,Predators,30,204.5,160.8,237
15,2380,Prey,30,1172,921,1373.3
15,2390,Predators,30,207,159.9,237.20000000000002
15,2390,Prey,30,1173,918.6,1392.2
15,2400,Predators,30,203.5,156.8,238.1
15,2400,Prey,30,1192,950.4,1421.6000000000001
15,2410,Predators,30,203,160.70000000000002,237.3
15,2410,Prey,30,1199.5,995.5000000000001,1449.6999999999998
15,2420,Predators,30,204,161.20000000000002,238.29999999999998
15,2420,Prey,30,1207,1032.1,1476.6000000000001
15,2430,Predators,30,201,162.39999999999998,236.5
15,2430,Prey,30,1236,1062.1,1484.1000000000001
15,2440,Predators,30,202.5,162.29999999999998,244.2
15,2440,Prey,30,1274,1113.1000000000001,1496.3000000000002
15,2450,Predators,30,199.5,162,238.39999999999998
15,2450,Prey,30,1322.5,1149.8,1601.6000000000001
15,2460,Predators,30,200.5,162.9,243.1
15,2460,Prey,30,1340,1140.8999999999999,1683.4
15,2470,Predators,30,198,165.70000000000002,237.5
15,2470,Prey,30,1393.5,1162.6000000000001,1784.0000000000002
15,2480,Predators,30,201,166.20000000000002,238.39999999999998
15,2480,Prey,30,1438.5,1222.2,1895.4
15,2490,Predators,30,199.5,167.29999999999998,236.3
15,2490,Prey,30,1487,1283,1946.8
15,2500,Predators,30,202,167.39999999999998,241.3
15,2500,Prey,30,1526.5,1355.9,1984.9
15,2510,Predators,30,204,172.89999999999998,242.10000000000002
15,2510,Prey,30,1601,1411.6,2016.6000000000001
15,2520,Predators,30,205,172.10000000000002,238.7
15,2520,Prey,30,1690.5,1452,2097.9
15,2530,Predators,30,208,176.20000000000002,243.10000000000002
15,2530,Prey,30,1758.5,1473,2130.2000000000003
15,2540,Predators,30,210,177.5,247.5
15,2540,Prey,30,1830,1502.6,2224.6000000000004
15,2550,Predators,30,214.5,179.6,249.60000000000002
15,2550,Prey,30,1878.5,1551,2287.4000000000005
15,2560,Predators,30,216.5,185.5,251.60000000000002
15,2560,Prey,30,1957.5,1613.7,2354.9000000000005
15,2570,Predators,30,216,187.60000000000002,256
15,2570,Prey,30,2042,1682.5,2433.6000000000004
15,2580,Predators,30,224.5,190.8,261.1
15,2580,Prey,30,2105.5,1740.1999999999998,2485.2000000000003
15,2590,Predators,30,226.5,194.79999999999998,267.2
15,2590,Prey,30,2147.5,1822.8,2561.2000000000003
15,2600,Predators,30,231.5,200.5,262.6
15,2600,Prey,30,2199.5,1945.8000000000002,2625.6
15,2610,Predators,30,233.5,200.89999999999998,267
15,2610,Prey,30,2262.5,2008.7,2717
15,2620,Predators,30,234,202.7,262.3
15,2620,Prey,30,2277.5,2058.5,2778
15,2630,Predators,30,235.5,204.70000000000002,264.4
15,2630,Prey,30,2326,2080.4,2840.5
15,2640,Predators,30,239.5,204.9,269.1
15,2640,Prey,30,2365,2097.9,2868.3
15,2650,Predators,30,241.5,207.9,264.5
15,2650,Prey,30,2388,2108.5,2851.3
15,2660,Predators,30,243,210.6,264.1
15,2660,Prey,30,2430,2115.2000000000003,2837.3
15,2670,Predators,30,246.5,213.8,269.1
15,2670,Prey,30,2412.5,2107.8,2918.3999999999996
15,2680,Predators,30,249.5,213.9,273.1
15,2680,Prey,30,2388,2066.2,2921.7000000000003
15,2690,Predators,30,252,217.5,275
15,2690,Prey,30,2422.5,2081.3,2911.6000000000004
15,2700,Predators,30,252.5,220.4,280.2
15,2700,Prey,30,2419,2097.9,2819.5
15,2710,Predators,30,252,218.5,277
15,2710,Prey,30,2395,2063.4,2731.1000000000004
15,2720,Predators,30,246.5,221.39999999999998,278.3
15,2720,Prey,30,2369.5,2015.7,2679.2000000000003
15,2730,Predators,30,250,219.60000000000002,277.20000000000005
15,2730,Prey,30,2376.5,1941.6,2730.5
15,2740,Predators,30,253.5,221.6,278.20000000000005
15,2740,Prey,30,2368.5,1878.8,2693.8
15,2750,Predators,30,249.5,220.70000000000002,281.40000000000003
15,2750,Prey,30,2361.5,1869.8,2602.8
15,2760,Predators,30,253,220.8,285.1
15,2760,Prey,30,2304.5,1874.4,2540.7000000000003
15,2770,Predators,30,254,219.70000000000002,286.3
15,2770,Prey,30,2256,1820.6000000000001,2497.2
15,2780,Predators,30,255.5,224.5,288.2
15,2780,Prey,30,2219.5,1750.5,2447.5000000000005
15,2790,Predators,30,257,223.8,288.2
15,2790,Prey,30,2157.5,1698.4,2442.5
15,2800,Predators,30,258.5,226.89999999999998,286.3
15,2800,Prey,30,2089,1699.3000000000002,2445.2000000000003
15,2810,Predators,30,258.5,227.89999999999998,288.1
15,2810,Prey,30,2055.5,1688.6,2430.6000000000004
15,2820,Predators,30,259,229.9,289.2
15,2820,Prey,30,1993.5,1641.4,2398.1
15,2830,Predators,30,263.5,234.8,290.5
15,2830,Prey,30,1936.5,1577.1,2366.7
15,2840,Predators,30,267.5,235.70000000000002,292.1
15,2840,Prey,30,1884,1542.8,2288.6
15,2850,Predators,30,266.5,238.1,289.09999999999997
15,2850,Prey,30,1828.5,1488.7,2220.3
15,2860,Predators,30,267,240.5,287.20000000000005
15,2860,Prey,30,1789.5,1435.5,2219.9
15,2870,Predators,30,269,233.4,288.2
15,2870,Prey,30,1750,1399.8,2203.2000000000003
15,2880,Predators,30,269,226.79999999999998,288.2
15,2880,Prey,30,1696.5,1381.5000000000002,2178
15,2890,Predators,30,268.5,223,289.2
15,2890,Prey,30,1645,1341.1000000000001,2109.3
15,2900,Predators,30,268,225.4,291
15,2900,Prey,30,1596.5,1293,2074.8
15,2910,Predators,30,265,222.3,290.20000000000005
15,2910,Prey,30,1565,1259.3000000000002,1993.8
15,2920,Predators,30,266,219.9,287.90000000000003
15,2920,Prey,30,1563,1280.1000000000001,1910.2
15,2930,Predators,30,264.5,220.9,289.4
15,2930,Prey,30,1563,1260.6000000000001,1854.3000000000002
15,2940,Predators,30,261,217.9,291.2
15,2940,Prey,30,1513.5,1278.5,1800.6000000000001
15,2950,Predators,30,261,217.6,287.40000000000003
15,2950,Prey,30,1491.5,1259.6000000000001,1758.2000000000003
15,2960,Predators,30,261.5,219.8,287.20000000000005
15,2960,Prey,30,1460.5,1223.5,1714.3000000000002
15,2970,Predators,30,260.5,219.8,290.3
15,2970,Prey,30,1459,1204.4,1677.0000000000002
15,2980,Predators,30,260.5,220.5,287.20000000000005
15,2980,Prey,30,1431.5,1193.2,1647.2000000000003
15,2990,Predators,30,260,221.7,290.20000000000005
15,2990,Prey,30,1442.5,1179.5,1627.4
15,3000,Predators,30,262,219.60000000000002,286.2
15,3000,Prey,30,1440.5,1156.5,1633.2
20,0,Predators,30,10,10,10
20,0,Prey,30,100,100,100
20,10,Predators,30,10,10,10
20,10,Prey,30,109,105,113.10000000000001
20,20,Predators,30,10,10,11
20,20,Prey,30,140.5,131.9,149.4
20,30,Predators,30,10,10,11
20,30,Prey,30,199.5,181.9,210.70000000000002
20,40,Predators,30,10,10,11
20,40,Prey,30,285,260.4,307.3
20,50,Predators,30,10,10,11.100000000000001
20,50,Prey,30,406,374.4,446.1
20,60,Predators,30,10,10,11.100000000000001
20,60,Prey,30,579.5,532.8000000000001,635.4000000000001
20,70,Predators,30,10.5,10,12
20,70,Prey,30,824,744,904.4
20,80,Predators,30,8,6,10.100000000000001
20,80,Prey,30,1164.5,1039.7,1256.1000000000001
20,90,Predators,30,8,6,10.100000000000001
20,90,Prey,30,1603,1428.3000000000002,1717.9
20,100,Predators,30,8,6,10.100000000000001
20,100,Prey,30,2200,2006.6000000000001,2359.4
20,110,Predators,30,9,6,11
20,110,Prey,30,2956,2744,3182.6000000000004
20,120,Predators,30,9,6.9,11.100000000000001
20,120,Prey,30,3924,3585.8,4200.4000000000005
20,130,Predators,30,9,6.9,12.300000000000004
20,130,Prey,30,5079,4649.6,5414.3
20,140,Predators,30,9.5,7.9,13.200000000000003
20,140,Prey,30,6390,5915.5,6719.8
20,150,Predators,30,10,7.9,16
20,150,Prey,30,7747.5,7252,8163.4
20,160,Predators,30,11,7.9,16.1
20,160,Prey,30,9087,8555.1,9555
20,170,Predators,30,11,7,17
20,170,Prey,30,10317.5,9829.1,10891.300000000001
20,180,Predators,30,11,7,17.1
20,180,Prey,30,11462.5,10994.4,11955.6
20,190,Predators,30,12.5,7.9,17.1
20,190,Prey,30,12322,11868.4,12695
20,200,Predators,30,13,7.9,18
20,200,Prey,30,12872,12591.5,13183.9
20,210,Predators,30,13,7.9,19
20,210,Prey,30,13177,12895.6,13396.2
20,220,Predators,30,13,7.9,20
20,220,Prey,30,13219.5,13009.9,13414.599999999999
20,230,Predators,30,13.5,8,20.1
20,230,Prey,30,13092,12920.9,13314.699999999999
20,240,Predators,30,14,8.9,20.300000000000004
20,240,Prey,30,12879.5,12573.8,13073.3
20,250,Predators,30,14.5,9,21.300000000000004
20,250,Prey,30,12564,12256.4,12743.1
20,260,Predators,30,15,9,24
20,260,Prey,30,12150,11847.300000000001,12357
20,270,Predators,30,15,9.9,24.200000000000003
20,270,Prey,30,11673.5,11434.3,11901.5
20,280,Predators,30,16,10,26
20,280,Prey,30,11211,10951.300000000001,11421.9
20,290,Predators,30,16.5,10,25.200000000000003
20,290,Prey,30,10658.5,10440.6,10897.4
20,300,Predators,30,16.5,10.9,25.300000000000004
20,300,Prey,30,10103.5,9847.1,10354.6
20,310,Predators,30,16.5,10.8,26.200000000000003
20,310,Prey,30,9524,9288.1,9772.4
20,320,Predators,30,17,10.9,27.300000000000004
20,320,Prey,30,8930,8700.1,9248.300000000001
20,330,Predators,30,18,10.9,30
20,330,Prey,30,8384.5,8185,8604
20,340,Predators,30,19,11,31
20,340,Prey,30,7834.5,7613.4000000000005,8075.4
20,350,Predators,30,19,12,32.1
20,350,Prey,30,7285,7053.1,7478
20,360,Predators,30,20,11.9,33
20,360,Prey,30,6751,6504.6,6946.1
20,370,Predators,30,20,12,34
20,370,Prey,30,6204,5970.1,6442.5
20,380,Predators,30,20,12.9,34.1
20,380,Prey,30,5703,5455.8,5914.2
20,390,Predators,30,21.5,13.8,33.1
20,390,Prey,30,5217.5,5002.3,5446
20,400,Predators,30,22,13.8,34.2
20,400,Prey,30,4771.5,4531.3,4944.1
20,410,Predators,30,21,13.8,34.300000000000004
20,410,Prey,30,4314.5,4143.6,4476.8
20,420,Predators,30,22,13.8,36.1
20,420,Prey,30,3916.5,3751.2,4125.4000000000005
20,430,Predators,30,22.5,13.8,36.1
20,430,Prey,30,3539,3370.6,3712.1
20,440,Predators,30,23,14.8,36.2
20,440,Prey,30,3197.5,3006.9,3334.2
20,450,Predators,30,23.5,14.8,36.300000000000004
20,450,Prey,30,2884,2726.1000000000004,3018.3999999999996
20,460,Predators,30,23,14,37.2
20,460,Prey,30,2589.5,2452.3,2751.4
20,470,Predators,30,24,13.9,37
20,470,Prey,30,2328.5,2163.8,2460.7
20,480,Predators,30,24.5,14,37
20,480,Prey,30,2103.5,1927.2,2209.4
20,490,Predators,30,25.5,14,38.1
20,490,Prey,30,1904,1734.4,1983.5
20,500,Predators,30,25.5,14,38.2
20,500,Prey,30,1733,1551.2,1822.1000000000001
20,510,Predators,30,27,14.9,40.1
20,510,Prey,30,1558.5,1373.7,1646.8000000000002
20,520,Predators,30,28,15.9,41.1
20,520,Prey,30,1415.5,1260,1501.5
20,530,Predators,30,28,15.8,41
20,530,Prey,30,1298.5,1151.5,1379.6000000000001
20,540,Predators,30,28.5,15,41.1
20,540,Prey,30,1182.5,1050.5,1286.1000000000001
20,550,Predators,30,29.5,14.9,42.1
20,550,Prey,30,1088.5,967.4,1185.3000000000002
20,560,Predators,30,31.5,14.9,43
20,560,Prey,30,997,874.6,1103.6000000000001
20,570,Predators,30,31.5,15.8,44.1
20,570,Prey,30,926.5,823.6,1041
20,580,Predators,30,31.5,16.700000000000003,45
20,580,Prey,30,867,770.3000000000001,959.9000000000001
20,590,Predators,30,32,15.700000000000001,45.1
20,590,Prey,30,813.5,735.2,917.7
20,600,Predators,30,32,16.700000000000003,46
20,600,Prey,30,769,703.4,874.4000000000001
20,610,Predators,30,31.5,15.8,48
20,610,Prey,30,736,670.8,828.1000000000001
20,620,Predators,30,31.5,14.9,48.1
20,620,Prey,30,705,649.3,816.6
20,630,Predators,30,31.5,15.9,49
20,630,Prey,30,680.5,617.8000000000001,793.8000000000001
20,640,Predators,30,32.5,16.8,51.1
20,640,Prey,30,668,602.6999999999999,769.9
20,650,Predators,30,33.5,16.9,50
20,650,Prey,30,663,603.8000000000001,762.1
20,660,Predators,30,33.5,17.9,51.1
20,660,Prey,30,657.5,606.8000000000001,748.7
20,670,Predators,30,32.5,17.8,50.2
20,670,Prey,30,663.5,615.8000000000001,753.5
20,680,Predators,30,32,16.9,51.300000000000004
20,680,Prey,30,691,626.5,761.4
20,690,Predators,30,32.5,16,51.2
20,690,Prey,30,714.5,644.7,781.2
20,700,Predators,30,32.5,16,54
20,700,Prey,30,762,691.9,813.0000000000001
20,710,Predators,30,33,17,55
20,710,Prey,30,817,725.5,878.5
20,720,Predators,30,34,17,54.1
20,720,Prey,30,874,789.7,946.2
20,730,Predators,30,33.5,17.9,55
20,730,Prey,30,963,858.6999999999999,1045.4
20,740,Predators,30,34,18.900000000000002,56.1
20,740,Prey,30,1075,971.5,1179.1
20,750,Predators,30,35,19,57.1
20,750,Prey,30,1194.5,1077.7,1325
20,760,Predators,30,34.5,19.9,56.1
20,760,Prey,30,1363.5,1193.7,1488.6000000000001
20,770,Predators,30,35,19.9,58.1
20,770,Prey,30,1540,1331.8,1686.1000000000001
20,780,Predators,30,36.5,20.9,58.300000000000004
20,780,Prey,30,1746,1519.9,1922.3000000000002
20,790,Predators,30,38,20.9,60.60000000000001
20,790,Prey,30,1991.5,1728.8,2171.1000000000004
20,800,Predators,30,39,21.8,61.70000000000001
20,800,Prey,30,2222.5,1958.3,2479.4000000000005
20,810,Predators,30,40,21.8,65.70000000000002
20,810,Prey,30,2498,2205.6,2791.0000000000005
20,820,Predators,30,42.5,22.700000000000003,66.80000000000001
20,820,Prey,30,2784,2466.9,3122.4000000000005
20,830,Predators,30,43,23.9,67.9
20,830,Prey,30,3074.5,2746,3452.6000000000004
20,840,Predators,30,46,25.700000000000003,68.80000000000001
20,840,Prey,30,3388.5,3102.3999999999996,3769.1000000000004
20,850,Predators,30,47.5,26.6,71.60000000000001
20,850,Prey,30,3669,3435,4112.8
20,860,Predators,30,49,26.700000000000003,72.70000000000002
20,860,Prey,30,3939.5,3728.5,4435.9000000000005
20,870,Predators,30,50,27.700000000000003,72.9
20,870,Prey,30,4195,3972.8,4699.200000000001
20,880,Predators,30,50.5,27.700000000000003,74.80000000000001
20,880,Prey,30,4468.5,4138.9,4866
20,890,Predators,30,53,27.8,76.80000000000001
20,890,Prey,30,4647,4274.8,4967.5
20,900,Predators,30,54,29.700000000000003,79.4
20,900,Prey,30,4738.5,4418.8,5024.9
20,910,Predators,30,54,29,78.5
20,910,Prey,30,4771.5,4394.7,5028.7
20,920,Predators,30,53,29.9,76.60000000000001
20,920,Prey,30,4745.5,4371.9000000000005,4958.9000000000005
20,930,Predators,30,53.5,31,78.9
20,930,Prey,30,4646.5,4346.6,4868.700000000001
20,940,Predators,30,54.5,34.900000000000006,80.70000000000002
20,940,Prey,30,4548.5,4280.2,4702.1
20,950,Predators,30,58,34,79.10000000000002
20,950,Prey,30,4369,4087.7999999999997,4547.3
20,960,Predators,30,58,34.800000000000004,82.70000000000002
20,960,Prey,30,4174,3886.6,4390
20,970,Predators,30,59.5,35.8,81.90000000000002
20,970,Prey,30,3952,3673.9,4195.8
20,980,Predators,30,62,35,82.80000000000001
20,980,Prey,30,3728.5,3467.2,3946.9
20,990,Predators,30,63,34.900000000000006,86.70000000000002
20,990,Prey,30,3465,3209.5,3699.8999999999996
20,1000,Predators,30,65,36.9,86.60000000000001
20,1000,Prey,30,3234,2993.2,3478.8
20,1010,Predators,30,65,37.900000000000006,84.80000000000001
20,1010,Prey,30,3017.5,2793.7,3225
20,1020,Predators,30,64,37.7,86.5
20,1020,Prey,30,2839,2613,3018.4
20,1030,Predators,30,65.5,38.6,85.80000000000001
20,1030,Prey,30,2655,2431.2000000000003,2826
20,1040,Predators,30,66.5,40.6,89.60000000000002
20,1040,Prey,30,2457,2223,2656
20,1050,Predators,30,67,41.599999999999994,89.60000000000002
20,1050,Prey,30,2274.5,2036.5,2478.6
20,1060,Predators,30,66.5,41.699999999999996,88.70000000000002
20,1060,Prey,30,2109,1873.6,2314.3
20,1070,Predators,30,67.5,44.2,89.70000000000002
20,1070,Prey,30,1953,1742,2163.7
20,1080,Predators,30,69.5,46.400000000000006,92
20,1080,Prey,30,1821,1605.6000000000001,2023.2
20,1090,Predators,30,71,46.400000000000006,92.4
20,1090,Prey,30,1692.5,1475.1,1890.1
20,1100,Predators,30,73,45.400000000000006,94.4
20,1100,Prey,30,1578.5,1376.6000000000001,1779.3
20,1110,Predators,30,73,46.5,94.80000000000001
20,1110,Prey,30,1475,1273.1999999999998,1690.3
20,1120,Predators,30,74,47.300000000000004,97.60000000000002
20,1120,Prey,30,1388.5,1175.8999999999999,1584.3
20,1130,Predators,30,74,48.4,98.80000000000001
20,1130,Prey,30,1305.5,1107.6000000000001,1500.0000000000002
20,1140,Predators,30,74.5,49.5,98.80000000000001
20,1140,Prey,30,1241,1030.2,1431.2000000000003
20,1150,Predators,30,76,49.5,97.10000000000002
20,1150,Prey,30,1186,1002.1,1359.2000000000003
20,1160,Predators,30,78,50.2,98.80000000000001
20,1160,Prey,30,1139.5,955.2,1318
20,1170,Predators,30,77,52.1,106.2
20,1170,Prey,30,1084.5,939.3,1279.6
20,1180,Predators,30,76.5,53.00000000000001,106.4
20,1180,Prey,30,1051.5,937.2,1232.7
20,1190,Predators,30,76.5,53.10000000000001,106.1
20,1190,Prey,30,1017,908.7,1206.8999999999999
20,1200,Predators,30,76.5,53.10000000000001,107.1
20,1200,Prey,30,997.5,900,1185.1000000000001
20,1210,Predators,30,77,53.10000000000001,109
20,1210,Prey,30,987,892.5999999999999,1164.1000000000001
20,1220,Predators,30,78.5,54.10000000000001,107.4
20,1220,Prey,30,981,884,1159.3999999999999
20,1230,Predators,30,79.5,54.10000000000001,108.60000000000001
20,1230,Prey,30,987,881.0999999999999,1174.3000000000002
20,1240,Predators,30,78.5,54.300000000000004,111.19999999999999
20,1240,Prey,30,1003,883.2,1179.3000000000002
20,1250,Predators,30,79.5,56.2,109.70000000000002
20,1250,Prey,30,1015.5,910.1,1201.4
20,1260,Predators,30,81,55.6,112.4
20,1260,Prey,30,1047.5,941.5,1224.9
20,1270,Predators,30,82.5,56.6,113.50000000000001
20,1270,Prey,30,1093.5,960.5,1256.8000000000002
20,1280,Predators,30,84.5,56.9,114.60000000000001
20,1280,Prey,30,1141,1040.2,1317
20,1290,Predators,30,84.5,56.8,116.30000000000001
20,1290,Prey,30,1217.5,1080.4,1405.8
20,1300,Predators,30,85.5,58.7,118.2
20,1300,Prey,30,1287.5,1131.9,1492.4
20,1310,Predators,30,88,58.800000000000004,119.19999999999999
20,1310,Prey,30,1373,1233.2,1576.1
20,1320,Predators,30,89,59,119.6
20,1320,Prey,30,1490.5,1301.1,1685.4
20,1330,Predators,30,90.5,58.900000000000006,118.70000000000002
20,1330,Prey,30,1616.5,1421.3999999999999,1791.4
20,1340,Predators,30,91.5,59.7,123.3
20,1340,Prey,30,1768,1549.3,1963.6
20,1350,Predators,30,94,60.7,123.4
20,1350,Prey,30,1897,1669.4,2104.8
20,1360,Predators,30,97,64.3,125.20000000000002
20,1360,Prey,30,2063,1817.3000000000002,2284.6000000000004
20,1370,Predators,30,98,63.6,126.30000000000001
20,1370,Prey,30,2218.5,1986.7,2495.8
20,1380,Predators,30,100.5,68.1,125.60000000000002
20,1380,Prey,30,2406.5,2122.5,2744.3999999999996
20,1390,Predators,30,102.5,68.7,124.9
20,1390,Prey,30,2576,2263.5,2995.2000000000003
20,1400,Predators,30,104,70.7,128.8
20,1400,Prey,30,2754.5,2450.4,3174
20,1410,Predators,30,105.5,75.30000000000001,132.60000000000002
20,1410,Prey,30,2926,2614.5,3413
20,1420,Predators,30,107.5,76.1,135.2
20,1420,Prey,30,3103,2766.2000000000003,3587.3
20,1430,Predators,30,109.5,80.7,138.3
20,1430,Prey,30,3282.5,2917.7999999999997,3806.6
20,1440,Predators,30,112,85.2,143
20,1440,Prey,30,3449,3062.6000000000004,3990.9
20,1450,Predators,30,114,86.5,146.10000000000002
20,1450,Prey,30,3590.5,3173.2000000000003,4105.700000000001
20,1460,Predators,30,115.5,88.3,148.1
20,1460,Prey,30,3665.5,3254.7999999999997,4143.3
20,1470,Predators,30,113.5,90.10000000000001,145.8
20,1470,Prey,30,3748,3351.7,4129.200000000001
20,1480,Predators,30,117.5,90.9,144.9
20,1480,Prey,30,3777.5,3385.7000000000003,4104.6
20,1490,Predators,30,118.5,91.9,149.20000000000002
20,1490,Prey,30,3779.5,3375.6,4024.1
20,1500,Predators,30,120,92.10000000000001,151.6
20,1500,Prey,30,3769,3431.9,4001.3999999999996
20,1510,Predators,30,120.5,96,150.9
20,1510,Prey,30,3755,3387.5,3895.2
20,1520,Predators,30,122,95.20000000000002,151.6
20,1520,Prey,30,3700.5,3329.5,3854.6000000000004
20,1530,Predators,30,122.5,92.50000000000001,153.4
20,1530,Prey,30,3594,3257.1,3806.3
20,1540,Predators,30,124,93.6,153.3
20,1540,Prey,30,3476,3148.1,3731.5
20,1550,Predators,30,127,97.9,156.1
20,1550,Prey,30,3341.5,3042.5,3627.7
20,1560,Predators,30,126,96.70000000000002,157.20000000000002
20,1560,Prey,30,3213,2921.7,3508.1
20,1570,Predators,30,125.5,95.80000000000001,155.5
20,1570,Prey,30,3040.5,2801.5,3391.3
20,1580,Predators,30,126.5,96.80000000000001,157.60000000000002
20,1580,Prey,30,2881,2657.8999999999996,3259.2999999999997
20,1590,Predators,30,127,95.80000000000001,160.5
20,1590,Prey,30,2752.5,2522.9,3119.8
20,1600,Predators,30,128,97.6,158.7
20,1600,Prey,30,2612.5,2383,3005.6
20,1610,Predators,30,131,97.5,160.4
20,1610,Prey,30,2497,2253,2906
20,1620,Predators,30,130.5,96.50000000000001,162.3
20,1620,Prey,30,2380.5,2136.2,2781.1
20,1630,Predators,30,130,98.7,159.6
20,1630,Prey,30,2277,2028.2,2652.8999999999996
20,1640,Predators,30,132,96,159.7
20,1640,Prey,30,2168.5,1906.2,2509.9
20,1650,Predators,30,132.5,95.20000000000002,159.4
20,1650,Prey,30,2070.5,1822.8,2388.5
20,1660,Predators,30,134,94.5,162.10000000000002
20,1660,Prey,30,1995.5,1750.1,2278.4
20,1670,Predators,30,134.5,95.50000000000001,162
20,1670,Prey,30,1944,1648.3000000000002,2160.2000000000003
20,1680,Predators,30,134,96.4,161.3
20,1680,Prey,30,1861,1538.7,2101
20,1690,Predators,30,133,97.4,157.70000000000002
20,1690,Prey,30,1757.5,1437.7,2047.5
20,1700,Predators,30,136,96.4,156.4
20,1700,Prey,30,1659.5,1355.8000000000002,1963
20,1710,Predators,30,132.5,101,158.5
20,1710,Prey,30,1594.5,1306.7,1904.6
20,1720,Predators,30,133,101.1,158
20,1720,Prey,30,1533,1259.8,1838.5
20,1730,Predators,30,134.5,103.00000000000001,160.1
20,1730,Prey,30,1466.5,1218.1,1807.4
20,1740,Predators,30,134.5,102.10000000000001,160
20,1740,Prey,30,1426,1189,1769.6
20,1750,Predators,30,137,99.2,162
20,1750,Prey,30,1391.5,1178.9,1714.8
20,1760,Predators,30,138,100.4,163.2
20,1760,Prey,30,1366,1154.3000000000002,1658.4
20,1770,Predators,30,137.5,102.60000000000001,163.1
20,1770,Prey,30,1345.5,1122.2,1620
20,1780,Predators,30,137.5,102.80000000000001,165
20,1780,Prey,30,1332.5,1128.3,1586.6
20,1790,Predators,30,139,103.9,164.2
20,1790,Prey,30,1319,1132.8000000000002,1566.7
20,1800,Predators,30,140,105,165
20,1800,Prey,30,1341,1123.2,1547.3000000000002
20,1810,Predators,30,138.5,104.2,164.2
20,1810,Prey,30,1343.5,1159.3999999999999,1546.7
20,1820,Predators,30,140.5,103.6,162.40000000000003
20,1820,Prey,30,1376.5,1186.3000000000002,1550.6999999999998
20,1830,Predators,30,140.5,101,165.20000000000002
20,1830,Prey,30,1396.5,1211.4,1542.2
20,1840,Predators,30,140,101,162.90000000000003
20,1840,Prey,30,1429.5,1224,1550.1
20,1850,Predators,30,142.5,101,163.9
20,1850,Prey,30,1456.5,1264.6,1570.3
20,1860,Predators,30,142,100,162.60000000000002
20,1860,Prey,30,1528,1268.8,1611.6000000000001
20,1870,Predators,30,142.5,102.89999999999999,162.60000000000002
20,1870,Prey,30,1548,1321.1,1671.7
20,1880,Predators,30,143.5,105.89999999999999,164.60000000000002
20,1880,Prey,30,1596,1373.1,1738.8000000000002
20,1890,Predators,30,146,112.30000000000001,164.70000000000002
20,1890,Prey,30,1647,1440.3,1843.2000000000003
20,1900,Predators,30,149.5,113.4,167.7
20,1900,Prey,30,1721,1520.9,2011.4
20,1910,Predators,30,148.5,115.5,171.4
20,1910,Prey,30,1787,1600.3000000000002,2126.2000000000003
20,1920,Predators,30,151,113.8,174.5
20,1920,Prey,30,1874.5,1654.8999999999999,2214.8
20,1930,Predators,30,153.5,113.8,172.5
20,1930,Prey,30,1938,1751.8000000000002,2292.5000000000005
20,1940,Predators,30,152,111.8,172.3
20,1940,Prey,30,2030,1799.9,2376.1000000000004
20,1950,Predators,30,153,113.8,171.1
20,1950,Prey,30,2142,1899.6,2470.3
20,1960,Predators,30,154.5,118.69999999999999,170.50000000000003
20,1960,Prey,30,2241.5,2020.8000000000002,2587.3
20,1970,Predators,30,159,119.6,174.2
20,1970,Prey,30,2336,2100.8,2709
20,1980,Predators,30,160.5,119.8,174.5
20,1980,Prey,30,2439,2162.4,2844.3
20,1990,Predators,30,158.5,121.7,176.60000000000002
20,1990,Prey,30,2527.5,2269.3,2997.1000000000004
20,2000,Predators,30,159.5,123.7,182.1
20,2000,Prey,30,2629,2379.7,3143.4
20,2010,Predators,30,162,124.8,185.20000000000002
20,2010,Prey,30,2611,2347.7999999999997,3067.3
20,2020,Predators,30,166.5,129,189.10000000000002
20,2020,Prey,30,2605.5,2336.5,3093.2000000000003
20,2030,Predators,30,170,132.8,195.2
20,2030,Prey,30,2602.5,2321.2,3042.3
20,2040,Predators,30,170.5,135,201.10000000000002
20,2040,Prey,30,2573,2303.5,3014
20,2050,Predators,30,174.5,137.6,203
20,2050,Prey,30,2547,2299.4,2978.2
20,2060,Predators,30,177.5,138.5,211.1
20,2060,Prey,30,2539,2246.4,2873.5
20,2070,Predators,30,179,138.7,215.1
20,2070,Prey,30,2506,2206.4,2753.8
20,2080,Predators,30,183,140.9,219.1
20,2080,Prey,30,2411,2164,2697.7000000000003
20,2090,Predators,30,187,143.4,220.1
20,2090,Prey,30,2348,2093.1,2628.9
20,2100,Predators,30,192,148.2,218.3
20,2100,Prey,30,2273.5,2016.4,2577
20,2110,Predators,30,194,150.8,223.2
20,2110,Prey,30,2166.5,1956.9,2481.2000000000003
20,2120,Predators,30,195.5,152,224.70000000000002
20,2120,Prey,30,2103.5,1890.8,2390.5
20,2130,Predators,30,195,148.8,227.2
20,2130,Prey,30,2016,1854,2285.1
20,2140,Predators,30,196,154.8,227.2
20,2140,Prey,30,1948,1793.1000000000001,2221.2000000000003
20,2150,Predators,30,199,158.6,229
20,2150,Prey,30,1867.5,1734.9,2131.4
20,2160,Predators,30,198,162.29999999999998,231.3
20,2160,Prey,30,1804,1658.3,2040.7
20,2170,Predators,30,198,165.6,233
20,2170,Prey,30,1741.5,1551.9,1966.9
20,2180,Predators,30,203,168.6,231.3
20,2180,Prey,30,1664.5,1456.8,1889.9
20,2190,Predators,30,206,173.2,232.4
20,2190,Prey,30,1589,1354.8,1826.1
20,2200,Predators,30,207.5,175.8,233.10000000000002
20,2200,Prey,30,1542,1284.5,1752.1
20,2210,Predators,30,210.5,175.1,237.10000000000002
20,2210,Prey,30,1478,1224.2,1676.8
20,2220,Predators,30,208.5,174.9,241.4
20,2220,Prey,30,1426,1180.5,1618.7
20,2230,Predators,30,210.5,175.9,243.4
20,2230,Prey,30,1391,1145.8999999999999,1578.7
20,2240,Predators,30,209,176,245.5
20,2240,Prey,30,1334,1090.2,1555.3999999999999
20,2250,Predators,30,213,176.60000000000002,247.1
20,2250,Prey,30,1284,1048.5,1524.9
20,2260,Predators,30,212.5,175.7,248.1
20,2260,Prey,30,1248,1003.6,1482.2
20,2270,Predators,30,211.5,175.9,245.5
20,2270,Prey,30,1184,971.8000000000001,1445.8
20,2280,Predators,30,211.5,174,247.2
20,2280,Prey,30,1130.5,961.3,1401.7
20,2290,Predators,30,208.5,172.9,250.20000000000002
20,2290,Prey,30,1084.5,949.6,1353.6
20,2300,Predators,30,210,173.39999999999998,247.5
20,2300,Prey,30,1052,917.1,1349.4
20,2310,Predators,30,209,175.9,246.29999999999998
20,2310,Prey,30,1020.5,881.2,1332.3
20,2320,Predators,30,211.5,174.9,245.4
20,2320,Prey,30,1016,845.2,1305.8
20,2330,Predators,30,211,170.7,247.1
20,2330,Prey,30,1025,810,1287.9
20,2340,Predators,30,211,173.79999999999998,247.2
20,2340,Prey,30,1005,819.2,1319.1
20,2350,Predators,30,211,172,246.39999999999998
20,2350,Prey,30,985,793.0999999999999,1292.2
20,2360,Predators,30,212.5,170,243.3
20,2360,Prey,30,991.5,756.7,1279.1
20,2370,Predators,30,212.5,171.60000000000002,243.1
20,2370,Prey,30,966,767,1282.1000000000001
20,2380,Predators,30,207.5,167,234.90000000000003
20,2380,Prey,30,973,754.9,1302.2
20,2390,Predators,30,206,165.9,233
20,2390,Prey,30,1014.5,758.6999999999999,1323.6000000000001
20,2400,Predators,30,204.5,163,236.4
20,2400,Prey,30,1035.5,784,1346.6
20,2410,Predators,30,201,160.9,232.90000000000003
20,2410,Prey,30,1085,799.6,1380.3000000000002
20,2420,Predators,30,201.5,162.39999999999998,233.8
20,2420,Prey,30,1132,822.5,1391.9
20,2430,Predators,30,200,161.70000000000002,230.20000000000005
20,2430,Prey,30,1156.5,854.9000000000001,1407.5
20,2440,Predators,30,197.5,162.39999999999998,232.5
20,2440,Prey,30,1183,926.3,1501.8
20,2450,Predators,30,196,159.9,231.9
20,2450,Prey,30,1215.5,953.2,1532.5
20,2460,Predators,30,197.5,158.9,231.3
20,2460,Prey,30,1250,994.3,1575.0000000000002
20,2470,Predators,30,195,160.3,232.4
20,2470,Prey,30,1321,1045.7,1605.0000000000002
20,2480,Predators,30,193.5,161.4,233.4
20,2480,Prey,30,1380.5,1119.5,1671.8000000000002
20,2490,Predators,30,194,160.70000000000002,229.4
20,2490,Prey,30,1449,1214.5,1726.7000000000003
20,2500,Predators,30,196,162,230.1
20,2500,Prey,30,1505.5,1311.8,1800.1000000000004
20,2510,Predators,30,198,164.8,230.1
20,2510,Prey,30,1570,1357.9,1895.6000000000004
20,2520,Predators,30,199,167.79999999999998,232.1
20,2520,Prey,30,1612,1464.8,1996.6000000000004
20,2530,Predators,30,202,173,236.1
20,2530,Prey,30,1692,1545.9,2074.3
20,2540,Predators,30,207.5,177.5,237.20000000000002
20,2540,Prey,30,1733.5,1580.3,2212.2000000000003
20,2550,Predators,30,211,174.9,238.29999999999998
20,2550,Prey,30,1815.5,1608,2229.2000000000003
20,2560,Predators,30,214,178,240.3
20,2560,Prey,30,1888,1610.6,2299.1000000000004
20,2570,Predators,30,216.5,177.3,244.2
20,2570,Prey,30,1942.5,1634,2403.8000000000006
20,2580,Predators,30,217,179.6,249.10000000000002
20,2580,Prey,30,2024,1647.3,2441.3
20,2590,Predators,30,219,183.70000000000002,256.1
20,2590,Prey,30,2117.5,1679.3999999999999,2524.7000000000003
20,2600,Predators,30,222,182.8,254.29999999999998
20,2600,Prey,30,2241.5,1712.3,2566.6000000000004
20,2610,Predators,30,223.5,183.70000000000002,257.3
20,2610,Prey,30,2293,1742.2,2661.8999999999996
20,2620,Predators,30,231.5,187.3,261.2
20,2620,Prey,30,2318.5,1752.4,2680.4
20,2630,Predators,30,234.5,185.9,259.5
20,2630,Prey,30,2344,1791.1000000000001,2756.8
20,2640,Predators,30,235.5,193.60000000000002,262.2
20,2640,Prey,30,2351.5,1806.6999999999998,2836.4
20,2650,Predators,30,241.5,198.60000000000002,265.1
20,2650,Prey,30,2349,1813.3,2812.7
20,2660,Predators,30,241.5,205.6,267.2
20,2660,Prey,30,2355.5,1797,2898
20,2670,Predators,30,245,210.8,265.90000000000003
20,2670,Prey,30,2328.5,1845.9,2937
20,2680,Predators,30,249.5,212.3,269.1
20,2680,Prey,30,2311,1928.3999999999999,2924.7000000000003
20,2690,Predators,30,253.5,218.70000000000002,273.2
20,2690,Prey,30,2346,1962.6999999999998,2927.6
20,2700,Predators,30,253,222.6,276.2
20,2700,Prey,30,2369,1958.8,2877.3
20,2710,Predators,30,258,222.6,276.4
20,2710,Prey,30,2348,1890.1000000000001,2817.7000000000003
20,2720,Predators,30,258.5,223.8,274.70000000000005
20,2720,Prey,30,2287,1780.6999999999998,2785.7000000000003
20,2730,Predators,30,259,226.29999999999998,281
20,2730,Prey,30,2242.5,1788.1,2706
20,2740,Predators,30,262,231.6,281.3
20,2740,Prey,30,2224.5,1741,2621.9
20,2750,Predators,30,261,229.8,286.09999999999997
20,2750,Prey,30,2172,1726.4,2553.5
20,2760,Predators,30,260.5,230.10000000000002,286
20,2760,Prey,30,2102,1692,2442
20,2770,Predators,30,261.5,230.70000000000002,290
20,2770,Prey,30,2043.5,1637.6,2335
20,2780,Predators,30,263,233.9,287.20000000000005
20,2780,Prey,30,1988,1592.7,2250.2000000000003
20,2790,Predators,30,263.5,234.5,289.2
20,2790,Prey,30,1966.5,1574.3,2201.7
20,2800,Predators,30,266.5,230.9,289.09999999999997
20,2800,Prey,30,1893,1482.8000000000002,2187.6
20,2810,Predators,30,267.5,233.7,288.2
20,2810,Prey,30,1878.5,1372.5,2179.2
20,2820,Predators,30,265,233.8,294
20,2820,Prey,30,1836.5,1328.7,2130
20,2830,Predators,30,262.5,232.7,292.1
20,2830,Prey,30,1798,1292.1,2098.1
20,2840,Predators,30,267.5,230.8,286.4
20,2840,Prey,30,1743,1254.6000000000001,2052.7999999999997
20,2850,Predators,30,266.5,227.89999999999998,285.40000000000003
20,2850,Prey,30,1677,1195.9,2000.9
20,2860,Predators,30,267,231.89999999999998,285.40000000000003
20,2860,Prey,30,1637,1152.2,2002.1000000000001
20,2870,Predators,30,264.5,231,284.4
20,2870,Prey,30,1576.5,1109.3,1967.1999999999998
20,2880,Predators,30,262.5,227.89999999999998,284.4
20,2880,Prey,30,1519.5,1076,1891.2
20,2890,Predators,30,261.5,226.89999999999998,284.3
20,2890,Prey,30,1483,1080.6,1871.7
20,2900,Predators,30,261.5,230.4,285
20,2900,Prey,30,1426,1066.5,1777.1000000000004
20,2910,Predators,30,261,226.7,284.4
20,2910,Prey,30,1366.5,1048.4,1698.5
20,2920,Predators,30,264.5,222.7,286.3
20,2920,Prey,30,1336,1028.6,1650.0000000000002
20,2930,Predators,30,263,223,288.2
20,2930,Prey,30,1304.5,1017.4000000000001,1636.3
20,2940,Predators,30,263.5,226,284.2
20,2940,Prey,30,1262,1005.2,1608.7
20,2950,Predators,30,262.5,225.9,286.3
20,2950,Prey,30,1237,994.2,1608.9
20,2960,Predators,30,262,225.9,287.1
20,2960,Prey,30,1218,978.6,1580.2
20,2970,Predators,30,262,220,284.1
20,2970,Prey,30,1206.5,969.3,1541.8000000000002
20,2980,Predators,30,261.5,221,289.09999999999997
20,2980,Prey,30,1168,975.8,1550.7000000000003
20,2990,Predators,30,257.5,217.6,282.40000000000003
20,2990,Prey,30,1191.5,968.4,1542.4
20,3000,Predators,30,256.5,215.9,281.70000000000005
20,3000,Prey,30,1213.5,954.2,1548.2
25,0,Predators,30,10,10,10
25,0,Prey,30,100,100,100
25,10,Predators,30,10,10,10
25,10,Prey,30,109,105,113.10000000000001
25,20,Predators,30,10,10,11
25,20,Prey,30,140.5,131.9,149.4
25,30,Predators,30,10,10,11
25,30,Prey,30,199.5,181.9,210.70000000000002
25,40,Predators,30,10,10,11
25,40,Prey,30,285,260.4,307.3
25,50,Predators,30,10,10,11.100000000000001
25,50,Prey,30,406,374.4,446.1
25,60,Predators,30,10,10,11.100000000000001
25,60,Prey,30,579.5,532.8000000000001,635.4000000000001
25,70,Predators,30,10.5,10,12
25,70,Prey,30,824,744,904.4
25,80,Predators,30,8,6,10.100000000000001
25,80,Prey,30,1164.5,1039.7,1256.1000000000001
25,90,Predators,30,8,6,10.100000000000001
25,90,Prey,30,1603,1428.3000000000002,1717.9
25,100,Predators,30,8,6,10.100000000000001
25,100,Prey,30,2200,2006.6000000000001,2359.4
25,110,Predators,30,9,6,11
25,110,Prey,30,2956,2744,3182.6000000000004
25,120,Predators,30,9,6.9,11.100000000000001
25,120,Prey,30,3924,3585.8,4200.4000000000005
25,130,Predators,30,9,6.9,12.300000000000004
25,130,Prey,30,5079,4649.6,5414.3
25,140,Predators,30,9.5,7.9,13.200000000000003
25,140,Prey,30,6390,5915.5,6719.8
25,150,Predators,30,10,7.9,16
25,150,Prey,30,7747.5,7252,8163.4
25,160,Predators,30,11,7.9,16.1
25,160,Prey,30,9087,8555.1,9555
25,170,Predators,30,11,7,17
25,170,Prey,30,10317.5,9829.1,10891.300000000001
25,180,Predators,30,11,7,17.1
25,180,Prey,30,11462.5,10994.4,11955.6
25,190,Predators,30,12.5,7.9,17.1
25,190,Prey,30,12322,11868.4,12695
25,200,Predators,30,13,7.9,18
25,200,Prey,30,12872,12591.5,13183.9
25,210,Predators,30,13,7.9,19
25,210,Prey,30,13177,12895.6,13396.2
25,220,Predators,30,13,7.9,20
25,220,Prey,30,13219.5,13009.9,13414.599999999999
25,230,Predators,30,13.5,8,20.1
25,230,Prey,30,13092,12920.9,13314.699999999999
25,240,Predators,30,14,8.9,20.300000000000004
25,240,Prey,30,12879.5,12573.8,13073.3
25,250,Predators,30,14.5,9,21.300000000000004
25,250,Prey,30,12564,12256.4,12743.1
25,260,Predators,30,15,9,24
25,260,Prey,30,12150,11847.300000000001,12357
25,270,Predators,30,15,9.9,24.200000000000003
25,270,Prey,30,11673.5,11434.3,11901.5
25,280,Predators,30,16,10,26
25,280,Prey,30,11211,10951.300000000001,11421.9
25,290,Predators,30,16.5,10,25.200000000000003
25,290,Prey,30,10658.5,10440.6,10897.4
25,300,Predators,30,16.5,10.9,25.300000000000004
25,300,Prey,30,10103.5,9847.1,10354.6
25,310,Predators,30,16.5,10.8,26.200000000000003
25,310,Prey,30,9524,9288.1,9772.4
25,320,Predators,30,17,10.9,27.300000000000004
25,320,Prey,30,8930,8700.1,9248.300000000001
25,330,Predators,30,18,10.9,30
25,330,Prey,30,8384.5,8185,8604
25,340,Predators,30,19,11,31
25,340,Prey,30,7834.5,7613.4000000000005,8075.4
25,350,Predators,30,19,12,32.1
25,350,Prey,30,7285,7053.1,7478
25,360,Predators,30,20,11.9,33
25,360,Prey,30,6751,6504.6,6946.1
25,370,Predators,30,20,12,34
25,370,Prey,30,6204,5970.1,6442.5
25,380,Predators,30,20,12.9,34.1
25,380,Prey,30,5703,5455.8,5914.2
25,390,Predators,30,21.5,13.8,33.1
25,390,Prey,30,5217.5,5002.3,5446
25,400,Predators,30,22,13.8,34.2
25,400,Prey,30,4771.5,4531.3,4944.1
25,410,Predators,30,21,13.8,34.300000000000004
25,410,Prey,30,4314.5,4143.6,4476.8
25,420,Predators,30,22,13.8,36.1
25,420,Prey,30,3916.5,3751.2,4125.4000000000005
25,430,Predators,30,22.5,13.8,36.1
25,430,Prey,30,3539,3370.6,3712.1
25,440,Predators,30,23,14.8,36.2
25,440,Prey,30,3197.5,3006.9,3334.2
25,450,Predators,30,23.5,14.8,36.300000000000004
25,450,Prey,30,2884,2726.1000000000004,3018.3999999999996
25,460,Predators,30,23,14,37.2
25,460,Prey,30,2589.5,2452.3,2751.4
25,470,Predators,30,24,13.9,37
25,470,Prey,30,2328.5,2163.8,2460.7
25,480,Predators,30,24.5,14,37
25,480,Prey,30,2103.5,1927.2,2209.4
25,490,Predators,30,25.5,14,38.1
25,490,Prey,30,1904,1734.4,1983.5
25,500,Predators,30,25.5,14,38.2
25,500,Prey,30,1733,1551.2,1822.1000000000001
25,510,Predators,30,27,14.9,40.1
25,510,Prey,30,1558.5,1373.7,1646.8000000000002
25,520,Predators,30,28,15.9,41.1
25,520,Prey,30,1415.5,1260,1501.5
25,530,Predators,30,28,15.8,41
25,530,Prey,30,1298.5,1151.5,1379.6000000000001
25,540,Predators,30,28.5,15,41.1
25,540,Prey,30,1182.5,1050.5,1286.1000000000001
25,550,Predators,30,29.5,14.9,42.1
25,550,Prey,30,1088.5,967.4,1185.3000000000002
25,560,Predators,30,31.5,14.9,43
25,560,Prey,30,997,874.6,1103.6000000000001
25,570,Predators,30,31.5,15.8,44.1
25,570,Prey,30,926.5,823.6,1041
25,580,Predators,30,31.5,16.700000000000003,45
25,580,Prey,30,867,770.3000000000001,959.9000000000001
25,590,Predators,30,32,15.700000000000001,45.1
25,590,Prey,30,813.5,735.2,917.7
25,600,Predators,30,32,16.700000000000003,46
25,600,Prey,30,769,703.4,874.4000000000001
25,610,Predators,30,31.5,15.8,48
25,610,Prey,30,736,670.8,828.1000000000001
25,620,Predators,30,31.5,14.9,48.1
25,620,Prey,30,705,649.3,816.6
25,630,Predators,30,31.5,15.9,49
25,630,Prey,30,680.5,617.8000000000001,793.8000000000001
25,640,Predators,30,32.5,16.8,51.1
25,640,Prey,30,668,602.6999999999999,769.9
25,650,Predators,30,33.5,16.9,50
25,650,Prey,30,663,603.8000000000001,762.1
25,660,Predators,30,33.5,17.9,51.1
25,660,Prey,30,657.5,606.8000000000001,748.7
25,670,Predators,30,32.5,17.8,50.2
25,670,Prey,30,663.5,615.8000000000001,753.5
25,680,Predators,30,32,16.9,51.300000000000004
25,680,Prey,30,691,626.5,761.4
25,690,Predators,30,32.5,16,51.2
25,690,Prey,30,714.5,644.7,781.2
25,700,Predators,30,32.5,16,54
25,700,Prey,30,762,691.9,813.0000000000001
25,710,Predators,30,33,17,55
25,710,Prey,30,817,725.5,878.5
25,720,Predators,30,34,17,54.1
25,720,Prey,30,874,789.7,946.2
25,730,Predators,30,33.5,17.9,55
25,730,Prey,30,963,858.6999999999999,1045.4
25,740,Predators,30,34,18.900000000000002,56.1
25,740,Prey,30,1075,971.5,1179.1
25,750,Predators,30,35,19,57.1
25,750,Prey,30,1194.5,1077.7,1325
25,760,Predators,30,34.5,19.9,56.1
25,760,Prey,30,1363.5,1193.7,1488.6000000000001
25,770,Predators,30,35,19.9,58.1
25,770,Prey,30,1540,1331.8,1686.1000000000001
25,780,Predators,30,36.5,20.9,58.300000000000004
25,780,Prey,30,1746,1519.9,1922.3000000000002
25,790,Predators,30,38,20.9,60.60000000000001
25,790,Prey,30,1991.5,1728.8,2171.1000000000004
25,800,Predators,30,39,21.8,61.70000000000001
25,800,Prey,30,2222.5,1958.3,2479.4000000000005
25,810,Predators,30,40,21.8,65.70000000000002
25,810,Prey,30,2498,2205.6,2791.0000000000005
25,820,Predators,30,42.5,22.700000000000003,66.80000000000001
25,820,Prey,30,2784,2466.9,3122.4000000000005
25,830,Predators,30,43,23.9,67.9
25,830,Prey,30,3074.5,2746,3452.6000000000004
25,840,Predators,30,46,25.700000000000003,68.80000000000001
25,840,Prey,30,3388.5,3102.3999999999996,3769.1000000000004
25,850,Predators,30,47.5,26.6,71.60000000000001
25,850,Prey,30,3669,3435,4112.8
25,860,Predators,30,49,26.700000000000003,72.70000000000002
25,860,Prey,30,3939.5,3728.5,4435.9000000000005
25,870,Predators,30,50,27.700000000000003,72.9
25,870,Prey,30,4195,3972.8,4699.200000000001
25,880,Predators,30,50.5,27.700000000000003,74.80000000000001
25,880,Prey,30,4468.5,4138.9,4866
25,890,Predators,30,53,27.8,76.80000000000001
25,890,Prey,30,4647,4274.8,4967.5
25,900,Predators,30,54,29.700000000000003,79.4
25,900,Prey,30,4738.5,4418.8,5024.9
25,910,Predators,30,54,29,78.5
25,910,Prey,30,4771.5,4394.7,5028.7
25,920,Predators,30,53,29.9,76.60000000000001
25,920,Prey,30,4745.5,4371.9000000000005,4958.9000000000005
25,930,Predators,30,53.5,31,78.9
25,930,Prey,30,4646.5,4346.6,4868.700000000001
25,940,Predators,30,54.5,34.900000000000006,80.70000000000002
25,940,Prey,30,4548.5,4280.2,4702.1
25,950,Predators,30,58,34,79.10000000000002
25,950,Prey,30,4369,4087.7999999999997,4547.3
25,960,Predators,30,58,34.800000000000004,82.70000000000002
25,960,Prey,30,4174,3886.6,4390
25,970,Predators,30,59.5,35.8,81.90000000000002
25,970,Prey,30,3952,3673.9,4195.8
25,980,Predators,30,62,35,82.80000000000001
25,980,Prey,30,3728.5,3467.2,3946.9
25,990,Predators,30,63,34.900000000000006,86.70000000000002
25,990,Prey,30,3465,3209.5,3699.8999999999996
25,1000,Predators,30,65,36.9,86.60000000000001
25,1000,Prey,30,3234,2993.2,3478.8
25,1010,Predators,30,65,37.900000000000006,84.80000000000001
25,1010,Prey,30,3017.5,2793.7,3225
25,1020,Predators,30,64,37.7,86.5
25,1020,Prey,30,2839,2613,3018.4
25,1030,Predators,30,65.5,38.6,85.80000000000001
25,1030,Prey,30,2655,2431.2000000000003,2826
25,1040,Predators,30,66.5,40.6,89.60000000000002
25,1040,Prey,30,2457,2223,2656
25,1050,Predators,30,67,41.599999999999994,89.60000000000002
25,1050,Prey,30,2274.5,2036.5,2478.6
25,1060,Predators,30,66.5,41.699999999999996,88.70000000000002
25,1060,Prey,30,2109,1873.6,2314.3
25,1070,Predators,30,67.5,44.2,89.70000000000002
25,1070,Prey,30,1953,1742,2163.7
25,1080,Predators,30,69.5,46.400000000000006,92
25,1080,Prey,30,1821,1605.6000000000001,2023.2
25,1090,Predators,30,71,46.400000000000006,92.4
25,1090,Prey,30,1692.5,1475.1,1890.1
25,1100,Predators,30,73,45.400000000000006,94.4
25,1100,Prey,30,1578.5,1376.6000000000001,1779.3
25,1110,Predators,30,73,46.5,94.80000000000001
25,1110,Prey,30,1475,1273.1999999999998,1690.3
25,1120,Predators,30,74,47.300000000000004,97.60000000000002
25,1120,Prey,30,1388.5,1175.8999999999999,1584.3
25,1130,Predators,30,74,48.4,98.80000000000001
25,1130,Prey,30,1305.5,1107.6000000000001,1500.0000000000002
25,1140,Predators,30,74.5,49.5,98.80000000000001
25,1140,Prey,30,1241,1030.2,1431.2000000000003
25,1150,Predators,30,76,49.5,97.10000000000002
25,1150,Prey,30,1186,1002.1,1359.2000000000003
25,1160,Predators,30,78,50.2,98.80000000000001
25,1160,Prey,30,1139.5,955.2,1318
25,1170,Predators,30,77,52.1,106.2
25,1170,Prey,30,1084.5,939.3,1279.6
25,1180,Predators,30,76.5,53.00000000000001,106.4
25,1180,Prey,30,1051.5,937.2,1232.7
25,1190,Predators,30,76.5,53.10000000000001,106.1
25,1190,Prey,30,1017,908.7,1206.8999999999999
25,1200,Predators,30,76.5,53.10000000000001,107.1
25,1200,Prey,30,997.5,900,1185.1000000000001
25,1210,Predators,30,77,53.10000000000001,109
25,1210,Prey,30,987,892.5999999999999,1164.1000000000001
25,1220,Predators,30,78.5,54.10000000000001,107.4
25,1220,Prey,30,981,884,1159.3999999999999
25,1230,Predators,30,79.5,54.10000000000001,108.60000000000001
25,1230,Prey,30,987,881.0999999999999,1174.3000000000002
25,1240,Predators,30,78.5,54.300000000000004,111.19999999999999
25,1240,Prey,30,1003,883.2,1179.3000000000002
25,1250,Predators,30,79.5,56.2,109.70000000000002
25,1250,Prey,30,1015.5,910.1,1201.4
25,1260,Predators,30,81,55.6,112.4
25,1260,Prey,30,1047.5,941.5,1224.9
25,1270,Predators,30,82.5,56.6,113.50000000000001
25,1270,Prey,30,1093.5,960.5,1256.8000000000002
25,1280,Predators,30,84.5,56.9,114.60000000000001
25,1280,Prey,30,1141,1040.2,1317
25,1290,Predators,30,84.5,56.8,116.30000000000001
25,1290,Prey,30,1217.5,1080.4,1405.8
25,1300,Predators,30,85.5,58.7,118.2
25,1300,Prey,30,1287.5,1131.9,1492.4
25,1310,Predators,30,88,58.800000000000004,119.19999999999999
25,1310,Prey,30,1373,1233.2,1576.1
25,1320,Predators,30,89,59,119.6
25,1320,Prey,30,1490.5,1301.1,1685.4
25,1330,Predators,30,90.5,58.900000000000006,118.70000000000002
25,1330,Prey,30,1616.5,1421.3999999999999,1791.4
25,1340,Predators,30,91.5,59.7,123.3
25,1340,Prey,30,1768,1549.3,1963.6
25,1350,Predators,30,94,60.7,123.4
25,1350,Prey,30,1897,1669.4,2104.8
25,1360,Predators,30,97,64.3,125.20000000000002
25,1360,Prey,30,2063,1817.3000000000002,2284.6000000000004
25,1370,Predators,30,98,63.6,126.30000000000001
25,1370,Prey,30,2218.5,1986.7,2495.8
25,1380,Predators,30,100.5,68.1,125.60000000000002
25,1380,Prey,30,2406.5,2122.5,2744.3999999999996
25,1390,Predators,30,102.5,68.7,124.9
25,1390,Prey,30,2576,2263.5,2995.2000000000003
25,1400,Predators,30,104,70.7,128.8
25,1400,Prey,30,2754.5,2450.4,3174
25,1410,Predators,30,105.5,75.30000000000001,132.60000000000002
25,1410,Prey,30,2926,2614.5,3413
25,1420,Predators,30,107.5,76.1,135.2
25,1420,Prey,30,3103,2766.2000000000003,3587.3
25,1430,Predators,30,109.5,80.7,138.3
25,1430,Prey,30,3282.5,2917.7999999999997,3806.6
25,1440,Predators,30,112,85.2,143
25,1440,Prey,30,3449,3062.6000000000004,3990.9
25,1450,Predators,30,114,86.5,146.10000000000002
25,1450,Prey,30,3590.5,3173.2000000000003,4105.700000000001
25,1460,Predators,30,115.5,88.3,148.1
25,1460,Prey,30,3665.5,3254.7999999999997,4143.3
25,1470,Predators,30,113.5,90.10000000000001,145.8
25,1470,Prey,30,3748,3351.7,4129.200000000001
25,1480,Predators,30,117.5,90.9,144.9
25,1480,Prey,30,3777.5,3385.7000000000003,4104.6
25,1490,Predators,30,118.5,91.9,149.20000000000002
25,1490,Prey,30,3779.5,3375.6,4024.1
25,1500,Predators,30,120,92.10000000000001,151.6
25,1500,Prey,30,3769,3431.9,4001.3999999999996
25,1510,Predators,30,120.5,96,150.9
25,1510,Prey,30,3755,3387.5,3895.2
25,1520,Predators,30,122,95.20000000000002,151.6
25,1520,Prey,30,3700.5,3329.5,3854.6000000000004
25,1530,Predators,30,122.5,92.50000000000001,153.4
25,1530,Prey,30,3594,3257.1,3806.3
25,1540,Predators,30,124,93.6,153.3
25,1540,Prey,30,3476,3148.1,3731.5
25,1550,Predators,30,127,97.9,156.1
25,1550,Prey,30,3341.5,3042.5,3627.7
25,1560,Predators,30,126,96.70000000000002,157.20000000000002
25,1560,Prey,30,3213,2921.7,3508.1
25,1570,Predators,30,125.5,95.80000000000001,155.5
25,1570,Prey,30,3040.5,2801.5,3391.3
25,1580,Predators,30,126.5,96.80000000000001,157.60000000000002
25,1580,Prey,30,2881,2657.8999999999996,3259.2999999999997
25,1590,Predators,30,127,95.80000000000001,160.5
25,1590,Prey,30,2752.5,2522.9,3119.8
25,1600,Predators,30,128,97.6,158.7
25,1600,Prey,30,2612.5,2383,3005.6
25,1610,Predators,30,131,97.5,160.4
25,1610,Prey,30,2497,2253,2906
25,1620,Predators,30,130.5,96.50000000000001,162.3
25,1620,Prey,30,2380.5,2136.2,2781.1
25,1630,Predators,30,130,98.7,159.6
25,1630,Prey,30,2277,2028.2,2652.8999999999996
25,1640,Predators,30,132,96,159.7
25,1640,Prey,30,2168.5,1906.2,2509.9
25,1650,Predators,30,132.5,95.20000000000002,159.4
25,1650,Prey,30,2070.5,1822.8,2388.5
25,1660,Predators,30,134,94.5,162.10000000000002
25,1660,Prey,30,1995.5,1750.1,2278.4
25,1670,Predators,30,134.5,95.50000000000001,162
25,1670,Prey,30,1944,1648.3000000000002,2160.2000000000003
25,1680,Predators,30,134,96.4,161.3
25,1680,Prey,30,1861,1538.7,2101
25,1690,Predators,30,133,97.4,157.70000000000002
25,1690,Prey,30,1757.5,1437.7,2047.5
25,1700,Predators,30,136,96.4,156.4
25,1700,Prey,30,1659.5,1355.8000000000002,1963
25,1710,Predators,30,132.5,101,158.5
25,1710,Prey,30,1594.5,1306.7,1904.6
25,1720,Predators,30,133,101.1,158
25,1720,Prey,30,1533,1259.8,1838.5
25,1730,Predators,30,134.5,103.00000000000001,160.1
25,1730,Prey,30,1466.5,1218.1,1807.4
25,1740,Predators,30,134.5,102.10000000000001,160
25,1740,Prey,30,1426,1189,1769.6
25,1750,Predators,30,137,99.2,162
25,1750,Prey,30,1391.5,1178.9,1714.8
25,1760,Predators,30,138,100.4,163.2
25,1760,Prey,30,1366,1154.3000000000002,1658.4
25,1770,Predators,30,137.5,102.60000000000001,163.1
25,1770,Prey,30,1345.5,1122.2,1620
25,1780,Predators,30,137.5,102.80000000000001,165
25,1780,Prey,30,1332.5,1128.3,1586.6
25,1790,Predators,30,139,103.9,164.2
25,1790,Prey,30,1319,1132.8000000000002,1566.7
25,1800,Predators,30,140,105,165
25,1800,Prey,30,1341,1123.2,1547.3000000000002
25,1810,Predators,30,138.5,104.2,164.2
25,1810,Prey,30,1343.5,1159.3999999999999,1546.7
25,1820,Predators,30,140.5,103.6,162.40000000000003
25,1820,Prey,30,1376.5,1186.3000000000002,1550.6999999999998
25,1830,Predators,30,140.5,101,165.20000000000002
25,1830,Prey,30,1396.5,1211.4,1542.2
25,1840,Predators,30,140,101,162.90000000000003
25,1840,Prey,30,1429.5,1224,1550.1
25,1850,Predators,30,142.5,101,163.9
25,1850,Prey,30,1456.5,1264.6,1570.3
25,1860,Predators,30,142,100,162.60000000000002
25,1860,Prey,30,1528,1268.8,1611.6000000000001
25,1870,Predators,30,142.5,102.89999999999999,162.60000000000002
25,1870,Prey,30,1548,1321.1,1671.7
25,1880,Predators,30,143.5,105.89999999999999,164.60000000000002
25,1880,Prey,30,1596,1373.1,1738.8000000000002
25,1890,Predators,30,146,112.30000000000001,164.70000000000002
25,1890,Prey,30,1647,1440.3,1843.2000000000003
25,1900,Predators,30,149.5,113.4,167.7
25,1900,Prey,30,1721,1520.9,2011.4
25,1910,Predators,30,148.5,115.5,171.4
25,1910,Prey,30,1787,1600.3000000000002,2126.2000000000003
25,1920,Predators,30,151,113.8,174.5
25,1920,Prey,30,1874.5,1654.8999999999999,2214.8
25,1930,Predators,30,153.5,113.8,172.5
25,1930,Prey,30,1938,1751.8000000000002,2292.5000000000005
25,1940,Predators,30,152,111.8,172.3
25,1940,Prey,30,2030,1799.9,2376.1000000000004
25,1950,Predators,30,153,113.8,171.1
25,1950,Prey,30,2142,1899.6,2470.3
25,1960,Predators,30,154.5,118.69999999999999,170.50000000000003
25,1960,Prey,30,2241.5,2020.8000000000002,2587.3
25,1970,Predators,30,159,119.6,174.2
25,1970,Prey,30,2336,2100.8,2709
25,1980,Predators,30,160.5,119.8,174.5
25,1980,Prey,30,2439,2162.4,2844.3
25,1990,Predators,30,158.5,121.7,176.60000000000002
25,1990,Prey,30,2527.5,2269.3,2997.1000000000004
25,2000,Predators,30,159.5,123.7,182.1
25,2000,Prey,30,2629,2379.7,3143.4
25,2010,Predators,30,163.5,126.69999999999999,185.10000000000002
25,2010,Prey,30,2574,2286.2,2991.9
25,2020,Predators,30,169.5,133,190.1
25,2020,Prey,30,2553.5,2276.7000000000003,2995.4
25,2030,Predators,30,174.5,138.3,195.4
25,2030,Prey,30,2523.5,2232.2,2953.4
25,2040,Predators,30,177,141.70000000000002,200.4
25,2040,Prey,30,2504.5,2220.1,2945.7000000000003
25,2050,Predators,30,182,141.70000000000002,203.8
25,2050,Prey,30,2457.5,2145.4,2823.1000000000004
25,2060,Predators,30,186,144.70000000000002,209.4
25,2060,Prey,30,2374.5,2064.9,2668.7000000000003
25,2070,Predators,30,190.5,148.8,212.4
25,2070,Prey,30,2287.5,1991.1000000000001,2587.3
25,2080,Predators,30,195,154.7,218.40000000000003
25,2080,Prey,30,2206.5,1908.8999999999999,2541.7
25,2090,Predators,30,198.5,158.7,219.5
25,2090,Prey,30,2127,1864.6,2420.5
25,2100,Predators,30,198.5,162.5,226.20000000000002
25,2100,Prey,30,2019.5,1826,2337.4
25,2110,Predators,30,198,163.89999999999998,230.9
25,2110,Prey,30,1918.5,1754.7,2244.9
25,2120,Predators,30,200,167.79999999999998,235.8
25,2120,Prey,30,1841.5,1656.9,2130.9
25,2130,Predators,30,201,172.5,236
25,2130,Prey,30,1794,1589.6999999999998,2026
25,2140,Predators,30,202.5,174.7,243.9
25,2140,Prey,30,1746,1516,1921
25,2150,Predators,30,206.5,175,248.1
25,2150,Prey,30,1668,1421.5,1820.6000000000001
25,2160,Predators,30,210,178.89999999999998,245.3
25,2160,Prey,30,1606.5,1343.6000000000001,1728.4
25,2170,Predators,30,209,181.8,250.10000000000002
25,2170,Prey,30,1550.5,1277,1624.6000000000001
25,2180,Predators,30,209.5,185.2,252.1
25,2180,Prey,30,1438.5,1204.7,1604.1000000000001
25,2190,Predators,30,209,180.7,251.4
25,2190,Prey,30,1354.5,1131.7,1556.5
25,2200,Predators,30,210.5,183.20000000000002,256.5
25,2200,Prey,30,1293,1074.5,1472.1
25,2210,Predators,30,210.5,184.7,265.2
25,2210,Prey,30,1221,1008.2,1382.4
25,2220,Predators,30,212,184.39999999999998,263.1
25,2220,Prey,30,1183.5,953,1331.3999999999999
25,2230,Predators,30,214.5,182.70000000000002,264.1
25,2230,Prey,30,1136,895.7,1291.6000000000001
25,2240,Predators,30,211.5,180.6,259.3
25,2240,Prey,30,1078,864.7,1235.7
25,2250,Predators,30,212.5,182.8,258.1
25,2250,Prey,30,1036,795.6,1206.3
25,2260,Predators,30,214.5,183.9,250.40000000000003
25,2260,Prey,30,1003.5,772,1134.5000000000002
25,2270,Predators,30,211.5,184.79999999999998,255.1
25,2270,Prey,30,964,751.4000000000001,1089.7
25,2280,Predators,30,207.5,181.9,253.3
25,2280,Prey,30,948.5,724.0999999999999,1074.8
25,2290,Predators,30,206.5,182.8,245.5
25,2290,Prey,30,911,684.6,1063.1000000000001
25,2300,Predators,30,207.5,181.9,245.20000000000002
25,2300,Prey,30,890,661.9000000000001,1053.6
25,2310,Predators,30,205.5,181.8,240.3
25,2310,Prey,30,876,632.2,1029.1000000000001
25,2320,Predators,30,202,181.6,237.5
25,2320,Prey,30,850,622.7,1043.2
25,2330,Predators,30,198,174.9,237.10000000000002
25,2330,Prey,30,843,614.7,1047.5
25,2340,Predators,30,194,172.70000000000002,231
25,2340,Prey,30,837.5,597.0999999999999,1067.3000000000002
25,2350,Predators,30,189.5,169.6,230
25,2350,Prey,30,837.5,608.2,1056.9
25,2360,Predators,30,188,164.7,224.4
25,2360,Prey,30,833,613.2,1064.7
25,2370,Predators,30,186.5,162,220.2
25,2370,Prey,30,845,631.7,1085.4
25,2380,Predators,30,182.5,161.60000000000002,213.20000000000002
25,2380,Prey,30,865.5,651.6999999999999,1099.5
25,2390,Predators,30,182.5,154,208.60000000000002
25,2390,Prey,30,879.5,703.7,1118.2
25,2400,Predators,30,181,151.8,206.8
25,2400,Prey,30,909,740.9,1125.8
25,2410,Predators,30,180.5,148,201.8
25,2410,Prey,30,960,782.4000000000001,1133.9
25,2420,Predators,30,178.5,148.5,199.9
25,2420,Prey,30,988,806.3,1162.4
25,2430,Predators,30,176,140.9,202.40000000000003
25,2430,Prey,30,1028,834.8000000000001,1188.7
25,2440,Predators,30,174.5,135.9,204
25,2440,Prey,30,1079.5,888.7,1265.6000000000001
25,2450,Predators,30,173,134.79999999999998,207.2
25,2450,Prey,30,1125.5,931.2,1323.6000000000001
25,2460,Predators,30,174,138.7,208
25,2460,Prey,30,1202.5,1019.5,1384.5
25,2470,Predators,30,175,138.1,205.5
25,2470,Prey,30,1282,1101.8,1481.7
25,2480,Predators,30,177,140.1,201.5
25,2480,Prey,30,1330.5,1199.3,1557.4000000000003
25,2490,Predators,30,181,140.7,205.60000000000002
25,2490,Prey,30,1419,1249,1616.5000000000005
25,2500,Predators,30,181,138.9,208
25,2500,Prey,30,1505,1307.1000000000001,1742.2000000000003
25,2510,Predators,30,182.5,143.2,211.6
25,2510,Prey,30,1601.5,1356.8,1879.1000000000001
25,2520,Predators,30,184.5,145.70000000000002,211.00000000000003
25,2520,Prey,30,1698.5,1458.8,1935.9
25,2530,Predators,30,184.5,150.60000000000002,214.9
25,2530,Prey,30,1791.5,1539,2057.6
25,2540,Predators,30,187,153.9,216.8
25,2540,Prey,30,1892.5,1621.6000000000001,2193.2000000000003
25,2550,Predators,30,192,159.2,217.20000000000002
25,2550,Prey,30,1992,1673.8,2341.7
25,2560,Predators,30,192,162.2,218.20000000000002
25,2560,Prey,30,2076.5,1732.3999999999999,2451.6
25,2570,Predators,30,198,167.29999999999998,219.2
25,2570,Prey,30,2171,1770.2,2500.6
25,2580,Predators,30,200,170.4,224.2
25,2580,Prey,30,2234,1840.1999999999998,2603.5
25,2590,Predators,30,202,171.4,231.6
25,2590,Prey,30,2303,1877.2,2729.3
25,2600,Predators,30,205.5,174.6,237.3
25,2600,Prey,30,2335.5,1906.3999999999999,2760.2
25,2610,Predators,30,207.5,178.2,237.60000000000002
25,2610,Prey,30,2410.5,1984.1000000000001,2837.9
25,2620,Predators,30,213,184.29999999999998,247.2
25,2620,Prey,30,2438.5,2013.5,2851.1000000000004
25,2630,Predators,30,219.5,187.60000000000002,252.2
25,2630,Prey,30,2459,1962.9,2846.2
25,2640,Predators,30,223,193.3,255.7
25,2640,Prey,30,2461.5,2051.7999999999997,2865.4
25,2650,Predators,30,229.5,194.89999999999998,259.9
25,2650,Prey,30,2407.5,2039.1,2826.2999999999997
25,2660,Predators,30,233.5,198.9,265.90000000000003
25,2660,Prey,30,2335.5,2050.2,2826.4
25,2670,Predators,30,234.5,202.7,268.8
25,2670,Prey,30,2344,2011.6,2808.5
25,2680,Predators,30,237,204.9,276.7
25,2680,Prey,30,2372.5,1999.3,2750.9
25,2690,Predators,30,243,209.8,281.40000000000003
25,2690,Prey,30,2364,1977.8,2691.9
25,2700,Predators,30,242,213.8,280.5
25,2700,Prey,30,2313,1958.1,2602.1000000000004
25,2710,Predators,30,248,216.7,284.4
25,2710,Prey,30,2312,1942.4,2519.8
25,2720,Predators,30,252,220.70000000000002,286.3
25,2720,Prey,30,2244.5,1905.1000000000001,2465.9
25,2730,Predators,30,252.5,224,289.09999999999997
25,2730,Prey,30,2181,1881.8999999999999,2375.8
25,2740,Predators,30,254,223.9,293
25,2740,Prey,30,2093.5,1817,2325.4
25,2750,Predators,30,256,234,294
25,2750,Prey,30,2006,1745.6999999999998,2240.1
25,2760,Predators,30,263.5,234.6,296.1
25,2760,Prey,30,1904,1661.5,2199.6
25,2770,Predators,30,266.5,233.9,300.09999999999997
25,2770,Prey,30,1808,1587.3,2127
25,2780,Predators,30,268,239.5,301.1
25,2780,Prey,30,1743.5,1507.1,2030.6000000000001
25,2790,Predators,30,271,241.70000000000002,305
25,2790,Prey,30,1704.5,1445.8,1940.6
25,2800,Predators,30,271.5,247.9,305.29999999999995
25,2800,Prey,30,1640,1401.8000000000002,1873.8
25,2810,Predators,30,269,246.90000000000003,307
25,2810,Prey,30,1597,1327.1,1771.6000000000001
25,2820,Predators,30,268.5,247.20000000000002,306.20000000000005
25,2820,Prey,30,1528.5,1238.5,1681.2
25,2830,Predators,30,270.5,245.9,308.20000000000005
25,2830,Prey,30,1466.5,1191.4,1662.5
25,2840,Predators,30,270.5,244.6,308.1
25,2840,Prey,30,1407.5,1121.6000000000001,1631.9
25,2850,Predators,30,272,246.20000000000002,304.90000000000003
25,2850,Prey,30,1343.5,1027.8,1557.8
25,2860,Predators,30,273.5,248.5,305.2
25,2860,Prey,30,1275.5,1001.1000000000001,1525.8
25,2870,Predators,30,271,245.8,299.3
25,2870,Prey,30,1213,947.2,1482.3000000000002
25,2880,Predators,30,272,245,296.2
25,2880,Prey,30,1146,920.3,1499.3
25,2890,Predators,30,269,244,292
25,2890,Prey,30,1089.5,864.6,1478.8
25,2900,Predators,30,266.5,242.89999999999998,292.1
25,2900,Prey,30,1018,832.4,1436.9
25,2910,Predators,30,265,240.70000000000002,290.1
25,2910,Prey,30,1008,787.1,1405.2
25,2920,Predators,30,261.5,242.1,284.4
25,2920,Prey,30,994,742.4,1380.9
25,2930,Predators,30,260.5,236.9,283.7
25,2930,Prey,30,979,710.8,1333.5
25,2940,Predators,30,256,235.4,281.5
25,2940,Prey,30,953,698.5,1295
25,2950,Predators,30,259,230.20000000000002,275.2
25,2950,Prey,30,929.5,683.1,1279.9
25,2960,Predators,30,254.5,226.5,273.3
25,2960,Prey,30,908,693.1,1266.1000000000004
25,2970,Predators,30,250,215.8,271.6
25,2970,Prey,30,920,697.4,1254.3000000000002
25,2980,Predators,30,245.5,215.00000000000003,271.3
25,2980,Prey,30,921.5,694.9,1244.1000000000001
25,2990,Predators,30,240.5,199,266.20000000000005
25,2990,Prey,30,926.5,700.6999999999999,1259.4
25,3000,Predators,30,231,196.5,265.2
25,3000,Prey,30,922.5,710.1999999999999,1247.3000000000002
30,0,Predators,30,10,10,10
30,0,Prey,30,100,100,100
30,10,Predators,30,10,10,10
30,10,Prey,30,109,105,113.10000000000001
30,20,Predators,30,10,10,11
30,20,Prey,30,140.5,131.9,149.4
30,30,Predators,30,10,10,11
30,30,Prey,30,199.5,181.9,210.70000000000002
30,40,Predators,30,10,10,11
30,40,Prey,30,285,260.4,307.3
30,50,Predators,30,10,10,11.100000000000001
30,50,Prey,30,406,374.4,446.1
30,60,Predators,30,10,10,11.100000000000001
30,60,Prey,30,579.5,532.8000000000001,635.4000000000001
30,70,Predators,30,10.5,10,12
30,70,Prey,30,824,744,904.4
30,80,Predators,30,8,6,10.100000000000001
30,80,Prey,30,1164.5,1039.7,1256.1000000000001
30,90,Predators,30,8,6,10.100000000000001
30,90,Prey,30,1603,1428.3000000000002,1717.9
30,100,Predators,30,8,6,10.100000000000001
30,100,Prey,30,2200,2006.6000000000001,2359.4
30,110,Predators,30,9,6,11
30,110,Prey,30,2956,2744,3182.6000000000004
30,120,Predators,30,9,6.9,11.100000000000001
30,120,Prey,30,3924,3585.8,4200.4000000000005
30,130,Predators,30,9,6.9,12.300000000000004
30,130,Prey,30,5079,4649.6,5414.3
30,140,Predators,30,9.5,7.9,13.200000000000003
30,140,Prey,30,6390,5915.5,6719.8
30,150,Predators,30,10,7.9,16
30,150,Prey,30,7747.5,7252,8163.4
30,160,Predators,30,11,7.9,16.1
30,160,Prey,30,9087,8555.1,9555
30,170,Predators,30,11,7,17
30,170,Prey,30,10317.5,9829.1,10891.300000000001
30,180,Predators,30,11,7,17.1
30,180,Prey,30,11462.5,10994.4,11955.6
30,190,Predators,30,12.5,7.9,17.1
30,190,Prey,30,12322,11868.4,12695
30,200,Predators,30,13,7.9,18
30,200,Prey,30,12872,12591.5,13183.9
30,210,Predators,30,13,7.9,19
30,210,Prey,30,13177,12895.6,13396.2
30,220,Predators,30,13,7.9,20
30,220,Prey,30,13219.5,13009.9,13414.599999999999
30,230,Predators,30,13.5,8,20.1
30,230,Prey,30,13092,12920.9,13314.699999999999
30,240,Predators,30,14,8.9,20.300000000000004
30,240,Prey,30,12879.5,12573.8,13073.3
30,250,Predators,30,14.5,9,21.300000000000004
30,250,Prey,30,12564,12256.4,12743.1
30,260,Predators,30,15,9,24
30,260,Prey,30,12150,11847.300000000001,12357
30,270,Predators,30,15,9.9,24.200000000000003
30,270,Prey,30,11673.5,11434.3,11901.5
30,280,Predators,30,16,10,26
30,280,Prey,30,11211,10951.300000000001,11421.9
30,290,Predators,30,16.5,10,25.200000000000003
30,290,Prey,30,10658.5,10440.6,10897.4
30,300,Predators,30,16.5,10.9,25.300000000000004
30,300,Prey,30,10103.5,9847.1,10354.6
30,310,Predators,30,16.5,10.8,26.200000000000003
30,310,Prey,30,9524,9288.1,9772.4
30,320,Predators,30,17,10.9,27.300000000000004
30,320,Prey,30,8930,8700.1,9248.300000000001
30,330,Predators,30,18,10.9,30
30,330,Prey,30,8384.5,8185,8604
30,340,Predators,30,19,11,31
30,340,Prey,30,7834.5,7613.4000000000005,8075.4
30,350,Predators,30,19,12,32.1
30,350,Prey,30,7285,7053.1,7478
30,360,Predators,30,20,11.9,33
30,360,Prey,30,6751,6504.6,6946.1
30,370,Predators,30,20,12,34
30,370,Prey,30,6204,5970.1,6442.5
30,380,Predators,30,20,12.9,34.1
30,380,Prey,30,5703,5455.8,5914.2
30,390,Predators,30,21.5,13.8,33.1
30,390,Prey,30,5217.5,5002.3,5446
30,400,Predators,30,22,13.8,34.2
30,400,Prey,30,4771.5,4531.3,4944.1
30,410,Predators,30,21,13.8,34.300000000000004
30,410,Prey,30,4314.5,4143.6,4476.8
30,420,Predators,30,22,13.8,36.1
30,420,Prey,30,3916.5,3751.2,4125.4000000000005
30,430,Predators,30,22.5,13.8,36.1
30,430,Prey,30,3539,3370.6,3712.1
30,440,Predators,30,23,14.8,36.2
30,440,Prey,30,3197.5,3006.9,3334.2
30,450,Predators,30,23.5,14.8,36.300000000000004
30,450,Prey,30,2884,2726.1000000000004,3018.3999999999996
30,460,Predators,30,23,14,37.2
30,460,Prey,30,2589.5,2452.3,2751.4
30,470,Predators,30,24,13.9,37
30,470,Prey,30,2328.5,2163.8,2460.7
30,480,Predators,30,24.5,14,37
30,480,Prey,30,2103.5,1927.2,2209.4
30,490,Predators,30,25.5,14,38.1
30,490,Prey,30,1904,1734.4,1983.5
30,500,Predators,30,25.5,14,38.2
30,500,Prey,30,1733,1551.2,1822.1000000000001
30,510,Predators,30,27,14.9,40.1
30,510,Prey,30,1558.5,1373.7,1646.8000000000002
30,520,Predators,30,28,15.9,41.1
30,520,Prey,30,1415.5,1260,1501.5
30,530,Predators,30,28,15.8,41
30,530,Prey,30,1298.5,1151.5,1379.6000000000001
30,540,Predators,30,28.5,15,41.1
30,540,Prey,30,1182.5,1050.5,1286.1000000000001
30,550,Predators,30,29.5,14.9,42.1
30,550,Prey,30,1088.5,967.4,1185.3000000000002
30,560,Predators,30,31.5,14.9,43
30,560,Prey,30,997,874.6,1103.6000000000001
30,570,Predators,30,31.5,15.8,44.1
30,570,Prey,30,926.5,823.6,1041
30,580,Predators,30,31.5,16.700000000000003,45
30,580,Prey,30,867,770.3000000000001,959.9000000000001
30,590,Predators,30,32,15.700000000000001,45.1
30,590,Prey,30,813.5,735.2,917.7
30,600,Predators,30,32,16.700000000000003,46
30,600,Prey,30,769,703.4,874.4000000000001
30,610,Predators,30,31.5,15.8,48
30,610,Prey,30,736,670.8,828.1000000000001
30,620,Predators,30,31.5,14.9,48.1
30,620,Prey,30,705,649.3,816.6
30,630,Predators,30,31.5,15.9,49
30,630,Prey,30,680.5,617.8000000000001,793.8000000000001
30,640,Predators,30,32.5,16.8,51.1
30,640,Prey,30,668,602.6999999999999,769.9
30,650,Predators,30,33.5,16.9,50
30,650,Prey,30,663,603.8000000000001,762.1
30,660,Predators,30,33.5,17.9,51.1
30,660,Prey,30,657.5,606.8000000000001,748.7
30,670,Predators,30,32.5,17.8,50.2
30,670,Prey,30,663.5,615.8000000000001,753.5
30,680,Predators,30,32,16.9,51.300000000000004
30,680,Prey,30,691,626.5,761.4
30,690,Predators,30,32.5,16,51.2
30,690,Prey,30,714.5,644.7,781.2
30,700,Predators,30,32.5,16,54
30,700,Prey,30,762,691.9,813.0000000000001
30,710,Predators,30,33,17,55
30,710,Prey,30,817,725.5,878.5
30,720,Predators,30,34,17,54.1
30,720,Prey,30,874,789.7,946.2
30,730,Predators,30,33.5,17.9,55
30,730,Prey,30,963,858.6999999999999,1045.4
30,740,Predators,30,34,18.900000000000002,56.1
30,740,Prey,30,1075,971.5,1179.1
30,750,Predators,30,35,19,57.1
30,750,Prey,30,1194.5,1077.7,1325
30,760,Predators,30,34.5,19.9,56.1
30,760,Prey,30,1363.5,1193.7,1488.6000000000001
30,770,Predators,30,35,19.9,58.1
30,770,Prey,30,1540,1331.8,1686.1000000000001
30,780,Predators,30,36.5,20.9,58.300000000000004
30,780,Prey,30,1746,1519.9,1922.3000000000002
30,790,Predators,30,38,20.9,60.60000000000001
30,790,Prey,30,1991.5,1728.8,2171.1000000000004
30,800,Predators,30,39,21.8,61.70000000000001
30,800,Prey,30,2222.5,1958.3,2479.4000000000005
30,810,Predators,30,40,21.8,65.70000000000002
30,810,Prey,30,2498,2205.6,2791.0000000000005
30,820,Predators,30,42.5,22.700000000000003,66.80000000000001
30,820,Prey,30,2784,2466.9,3122.4000000000005
30,830,Predators,30,43,23.9,67.9
30,830,Prey,30,3074.5,2746,3452.6000000000004
30,840,Predators,30,46,25.700000000000003,68.80000000000001
30,840,Prey,30,3388.5,3102.3999999999996,3769.1000000000004
30,850,Predators,30,47.5,26.6,71.60000000000001
30,850,Prey,30,3669,3435,4112.8
30,860,Predators,30,49,26.700000000000003,72.70000000000002
30,860,Prey,30,3939.5,3728.5,4435.9000000000005
30,870,Predators,30,50,27.700000000000003,72.9
30,870,Prey,30,4195,3972.8,4699.200000000001
30,880,Predators,30,50.5,27.700000000000003,74.80000000000001
30,880,Prey,30,4468.5,4138.9,4866
30,890,Predators,30,53,27.8,76.80000000000001
30,890,Prey,30,4647,4274.8,4967.5
30,900,Predators,30,54,29.700000000000003,79.4
30,900,Prey,30,4738.5,4418.8,5024.9
30,910,Predators,30,54,29,78.5
30,910,Prey,30,4771.5,4394.7,5028.7
30,920,Predators,30,53,29.9,76.60000000000001
30,920,Prey,30,4745.5,4371.9000000000005,4958.9000000000005
30,930,Predators,30,53.5,31,78.9
30,930,Prey,30,4646.5,4346.6,4868.700000000001
30,940,Predators,30,54.5,34.900000000000006,80.70000000000002
30,940,Prey,30,4548.5,4280.2,4702.1
30,950,Predators,30,58,34,79.10000000000002
30,950,Prey,30,4369,4087.7999999999997,4547.3
30,960,Predators,30,58,34.800000000000004,82.70000000000002
30,960,Prey,30,4174,3886.6,4390
30,970,Predators,30,59.5,35.8,81.90000000000002
30,970,Prey,30,3952,3673.9,4195.8
30,980,Predators,30,62,35,82.80000000000001
30,980,Prey,30,3728.5,3467.2,3946.9
30,990,Predators,30,63,34.900000000000006,86.70000000000002
30,990,Prey,30,3465,3209.5,3699.8999999999996
30,1000,Predators,30,65,36.9,86.60000000000001
30,1000,Prey,30,3234,2993.2,3478.8
30,1010,Predators,30,65,37.900000000000006,84.80000000000001
30,1010,Prey,30,3017.5,2793.7,3225
30,1020,Predators,30,64,37.7,86.5
30,1020,Prey,30,2839,2613,3018.4
30,1030,Predators,30,65.5,38.6,85.80000000000001
30,1030,Prey,30,2655,2431.2000000000003,2826
30,1040,Predators,30,66.5,40.6,89.60000000000002
30,1040,Prey,30,2457,2223,2656
30,1050,Predators,30,67,41.599999999999994,89.60000000000002
30,1050,Prey,30,2274.5,2036.5,2478.6
30,1060,Predators,30,66.5,41.699999999999996,88.70000000000002
30,1060,Prey,30,2109,1873.6,2314.3
30,1070,Predators,30,67.5,44.2,89.70000000000002
30,1070,Prey,30,1953,1742,2163.7
30,1080,Predators,30,69.5,46.400000000000006,92
30,1080,Prey,30,1821,1605.6000000000001,2023.2
30,1090,Predators,30,71,46.400000000000006,92.4
30,1090,Prey,30,1692.5,1475.1,1890.1
30,1100,Predators,30,73,45.400000000000006,94.4
30,1100,Prey,30,1578.5,1376.6000000000001,1779.3
30,1110,Predators,30,73,46.5,94.80000000000001
30,1110,Prey,30,1475,1273.1999999999998,1690.3
30,1120,Predators,30,74,47.300000000000004,97.60000000000002
30,1120,Prey,30,1388.5,1175.8999999999999,1584.3
30,1130,Predators,30,74,48.4,98.80000000000001
30,1130,Prey,30,1305.5,1107.6000000000001,1500.0000000000002
30,1140,Predators,30,74.5,49.5,98.80000000000001
30,1140,Prey,30,1241,1030.2,1431.2000000000003
30,1150,Predators,30,76,49.5,97.10000000000002
30,1150,Prey,30,1186,1002.1,1359.2000000000003
30,1160,Predators,30,78,50.2,98.80000000000001
30,1160,Prey,30,1139.5,955.2,1318
30,1170,Predators,30,77,52.1,106.2
30,1170,Prey,30,1084.5,939.3,1279.6
30,1180,Predators,30,76.5,53.00000000000001,106.4
30,1180,Prey,30,1051.5,937.2,1232.7
30,1190,Predators,30,76.5,53.10000000000001,106.1
30,1190,Prey,30,1017,908.7,1206.8999999999999
30,1200,Predators,30,76.5,53.10000000000001,107.1
30,1200,Prey,30,997.5,900,1185.1000000000001
30,1210,Predators,30,77,53.10000000000001,109
30,1210,Prey,30,987,892.5999999999999,1164.1000000000001
30,1220,Predators,30,78.5,54.10000000000001,107.4
30,1220,Prey,30,981,884,1159.3999999999999
30,1230,Predators,30,79.5,54.10000000000001,108.60000000000001
30,1230,Prey,30,987,881.0999999999999,1174.3000000000002
30,1240,Predators,30,78.5,54.300000000000004,111.19999999999999
30,1240,Prey,30,1003,883.2,1179.3000000000002
30,1250,Predators,30,79.5,56.2,109.70000000000002
30,1250,Prey,30,1015.5,910.1,1201.4
30,1260,Predators,30,81,55.6,112.4
30,1260,Prey,30,1047.5,941.5,1224.9
30,1270,Predators,30,82.5,56.6,113.50000000000001
30,1270,Prey,30,1093.5,960.5,1256.8000000000002
30,1280,Predators,30,84.5,56.9,114.60000000000001
30,1280,Prey,30,1141,1040.2,1317
30,1290,Predators,30,84.5,56.8,116.30000000000001
30,1290,Prey,30,1217.5,1080.4,1405.8
30,1300,Predators,30,85.5,58.7,118.2
30,1300,Prey,30,1287.5,1131.9,1492.4
30,1310,Predators,30,88,58.800000000000004,119.19999999999999
30,1310,Prey,30,1373,1233.2,1576.1
30,1320,Predators,30,89,59,119.6
30,1320,Prey,30,1490.5,1301.1,1685.4
30,1330,Predators,30,90.5,58.900000000000006,118.70000000000002
30,1330,Prey,30,1616.5,1421.3999999999999,1791.4
30,1340,Predators,30,91.5,59.7,123.3
30,1340,Prey,30,1768,1549.3,1963.6
30,1350,Predators,30,94,60.7,123.4
30,1350,Prey,30,1897,1669.4,2104.8
30,1360,Predators,30,97,64.3,125.20000000000002
30,1360,Prey,30,2063,1817.3000000000002,2284.6000000000004
30,1370,Predators,30,98,63.6,126.30000000000001
30,1370,Prey,30,2218.5,1986.7,2495.8
30,1380,Predators,30,100.5,68.1,125.60000000000002
30,1380,Prey,30,2406.5,2122.5,2744.3999999999996
30,1390,Predators,30,102.5,68.7,124.9
30,1390,Prey,30,2576,2263.5,2995.2000000000003
30,1400,Predators,30,104,70.7,128.8
30,1400,Prey,30,2754.5,2450.4,3174
30,1410,Predators,30,105.5,75.30000000000001,132.60000000000002
30,1410,Prey,30,2926,2614.5,3413
30,1420,Predators,30,107.5,76.1,135.2
30,1420,Prey,30,3103,2766.2000000000003,3587.3
30,1430,Predators,30,109.5,80.7,138.3
30,1430,Prey,30,3282.5,2917.7999999999997,3806.6
30,1440,Predators,30,112,85.2,143
30,1440,Prey,30,3449,3062.6000000000004,3990.9
30,1450,Predators,30,114,86.5,146.10000000000002
30,1450,Prey,30,3590.5,3173.2000000000003,4105.700000000001
30,1460,Predators,30,115.5,88.3,148.1
30,1460,Prey,30,3665.5,3254.7999999999997,4143.3
30,1470,Predators,30,113.5,90.10000000000001,145.8
30,1470,Prey,30,3748,3351.7,4129.200000000001
30,1480,Predators,30,117.5,90.9,144.9
30,1480,Prey,30,3777.5,3385.7000000000003,4104.6
30,1490,Predators,30,118.5,91.9,149.20000000000002
30,1490,Prey,30,3779.5,3375.6,4024.1
30,1500,Predators,30,120,92.10000000000001,151.6
30,1500,Prey,30,3769,3431.9,4001.3999999999996
30,1510,Predators,30,120.5,96,150.9
30,1510,Prey,30,3755,3387.5,3895.2
30,1520,Predators,30,122,95.20000000000002,151.6
30,1520,Prey,30,3700.5,3329.5,3854.6000000000004
30,1530,Predators,30,122.5,92.50000000000001,153.4
30,1530,Prey,30,3594,3257.1,3806.3
30,1540,Predators,30,124,93.6,153.3
30,1540,Prey,30,3476,3148.1,3731.5
30,1550,Predators,30,127,97.9,156.1
30,1550,Prey,30,3341.5,3042.5,3627.7
30,1560,Predators,30,126,96.70000000000002,157.20000000000002
30,1560,Prey,30,3213,2921.7,3508.1
30,1570,Predators,30,125.5,95.80000000000001,155.5
30,1570,Prey,30,3040.5,2801.5,3391.3
30,1580,Predators,30,126.5,96.80000000000001,157.60000000000002
30,1580,Prey,30,2881,2657.8999999999996,3259.2999999999997
30,1590,Predators,30,127,95.80000000000001,160.5
30,1590,Prey,30,2752.5,2522.9,3119.8
30,1600,Predators,30,128,97.6,158.7
30,1600,Prey,30,2612.5,2383,3005.6
30,1610,Predators,30,131,97.5,160.4
30,1610,Prey,30,2497,2253,2906
30,1620,Predators,30,130.5,96.50000000000001,162.3
30,1620,Prey,30,2380.5,2136.2,2781.1
30,1630,Predators,30,130,98.7,159.6
30,1630,Prey,30,2277,2028.2,2652.8999999999996
30,1640,Predators,30,132,96,159.7
30,1640,Prey,30,2168.5,1906.2,2509.9
30,1650,Predators,30,132.5,95.20000000000002,159.4
30,1650,Prey,30,2070.5,1822.8,2388.5
30,1660,Predators,30,134,94.5,162.10000000000002
30,1660,Prey,30,1995.5,1750.1,2278.4
30,1670,Predators,30,134.5,95.50000000000001,162
30,1670,Prey,30,1944,1648.3000000000002,2160.2000000000003
30,1680,Predators,30,134,96.4,161.3
30,1680,Prey,30,1861,1538.7,2101
30,1690,Predators,30,133,97.4,157.70000000000002
30,1690,Prey,30,1757.5,1437.7,2047.5
30,1700,Predators,30,136,96.4,156.4
30,1700,Prey,30,1659.5,1355.8000000000002,1963
30,1710,Predators,30,132.5,101,158.5
30,1710,Prey,30,1594.5,1306.7,1904.6
30,1720,Predators,30,133,101.1,158
30,1720,Prey,30,1533,1259.8,1838.5
30,1730,Predators,30,134.5,103.00000000000001,160.1
30,1730,Prey,30,1466.5,1218.1,1807.4
30,1740,Predators,30,134.5,102.10000000000001,160
30,1740,Prey,30,1426,1189,1769.6
30,1750,Predators,30,137,99.2,162
30,1750,Prey,30,1391.5,1178.9,1714.8
30,1760,Predators,30,138,100.4,163.2
30,1760,Prey,30,1366,1154.3000000000002,1658.4
30,1770,Predators,30,137.5,102.60000000000001,163.1
30,1770,Prey,30,1345.5,1122.2,1620
30,1780,Predators,30,137.5,102.80000000000001,165
30,1780,Prey,30,1332.5,1128.3,1586.6
30,1790,Predators,30,139,103.9,164.2
30,1790,Prey,30,1319,1132.8000000000002,1566.7
30,1800,Predators,30,140,105,165
30,1800,Prey,30,1341,1123.2,1547.3000000000002
30,1810,Predators,30,138.5,104.2,164.2
30,1810,Prey,30,1343.5,1159.3999999999999,1546.7
30,1820,Predators,30,140.5,103.6,162.40000000000003
30,1820,Prey,30,1376.5,1186.3000000000002,1550.6999999999998
30,1830,Predators,30,140.5,101,165.20000000000002
30,1830,Prey,30,1396.5,1211.4,1542.2
30,1840,Predators,30,140,101,162.90000000000003
30,1840,Prey,30,1429.5,1224,1550.1
30,1850,Predators,30,142.5,101,163.9
30,1850,Prey,30,1456.5,1264.6,1570.3
30,1860,Predators,30,142,100,162.60000000000002
30,1860,Prey,30,1528,1268.8,1611.6000000000001
30,1870,Predators,30,142.5,102.89999999999999,162.60000000000002
30,1870,Prey,30,1548,1321.1,1671.7
30,1880,Predators,30,143.5,105.89999999999999,164.60000000000002
30,1880,Prey,30,1596,1373.1,1738.8000000000002
30,1890,Predators,30,146,112.30000000000001,164.70000000000002
30,1890,Prey,30,1647,1440.3,1843.2000000000003
30,1900,Predators,30,149.5,113.4,167.7
30,1900,Prey,30,1721,1520.9,2011.4
30,1910,Predators,30,148.5,115.5,171.4
30,1910,Prey,30,1787,1600.3000000000002,2126.2000000000003
30,1920,Predators,30,151,113.8,174.5
30,1920,Prey,30,1874.5,1654.8999999999999,2214.8
30,1930,Predators,30,153.5,113.8,172.5
30,1930,Prey,30,1938,1751.8000000000002,2292.5000000000005
30,1940,Predators,30,152,111.8,172.3
30,1940,Prey,30,2030,1799.9,2376.1000000000004
30,1950,Predators,30,153,113.8,171.1
30,1950,Prey,30,2142,1899.6,2470.3
30,1960,Predators,30,154.5,118.69999999999999,170.50000000000003
30,1960,Prey,30,2241.5,2020.8000000000002,2587.3
30,1970,Predators,30,159,119.6,174.2
30,1970,Prey,30,2336,2100.8,2709
30,1980,Predators,30,160.5,119.8,174.5
30,1980,Prey,30,2439,2162.4,2844.3
30,1990,Predators,30,158.5,121.7,176.60000000000002
30,1990,Prey,30,2527.5,2269.3,2997.1000000000004
30,2000,Predators,30,159.5,123.7,182.1
30,2000,Prey,30,2629,2379.7,3143.4
30,2010,Predators,30,163,127.9,185.3
30,2010,Prey,30,2558.5,2279.3999999999996,2989
30,2020,Predators,30,168,131.7,192
30,2020,Prey,30,2498,2222.2,2890.4
30,2030,Predators,30,173,134.7,198
30,2030,Prey,30,2415.5,2150.3,2812.1000000000004
30,2040,Predators,30,176,139.60000000000002,203.3
30,2040,Prey,30,2344,2076.1,2712
30,2050,Predators,30,179,146.6,209.4
30,2050,Prey,30,2263.5,2016.6000000000001,2643.5
30,2060,Predators,30,181.5,148.9,216.4
30,2060,Prey,30,2186,1950.8,2499.4
30,2070,Predators,30,188,153.9,219.3
30,2070,Prey,30,2124,1847.6,2378.2000000000003
30,2080,Predators,30,193,159.6,226.10000000000002
30,2080,Prey,30,2014,1748.2,2277.5
30,2090,Predators,30,196,160.8,229.4
30,2090,Prey,30,1907.5,1674.6000000000001,2181
30,2100,Predators,30,203,164.8,234.10000000000002
30,2100,Prey,30,1802,1608,2088.1
30,2110,Predators,30,203.5,169.5,240.10000000000002
30,2110,Prey,30,1716,1533.8,2001.9
30,2120,Predators,30,208,175.3,240.70000000000002
30,2120,Prey,30,1636,1483,1873.3000000000002
30,2130,Predators,30,213,179.2,241.8
30,2130,Prey,30,1567.5,1391.6000000000001,1724.4
30,2140,Predators,30,216,174.8,246.39999999999998
30,2140,Prey,30,1460.5,1275.8,1609.6000000000001
30,2150,Predators,30,217,174.5,246.39999999999998
30,2150,Prey,30,1375,1192.1,1527.0000000000002
30,2160,Predators,30,216,180.3,244.60000000000002
30,2160,Prey,30,1307,1116.3,1451.2
30,2170,Predators,30,218.5,175.8,246.00000000000003
30,2170,Prey,30,1243,1033.5,1399
30,2180,Predators,30,218,174.8,246.29999999999998
30,2180,Prey,30,1184,968.9000000000001,1325.3000000000002
30,2190,Predators,30,221,176.8,246.6
30,2190,Prey,30,1117.5,897.5,1253.3
30,2200,Predators,30,220.5,179.6,246.2
30,2200,Prey,30,1052.5,844,1201.8
30,2210,Predators,30,221,175.8,247.1
30,2210,Prey,30,1017.5,784.8000000000001,1149.8000000000002
30,2220,Predators,30,219,181.8,252.1
30,2220,Prey,30,962.5,726,1118.8
30,2230,Predators,30,219.5,179.1,244.8
30,2230,Prey,30,897.5,697.8000000000001,1096.5
30,2240,Predators,30,219.5,178.29999999999998,241.70000000000002
30,2240,Prey,30,848,667.9000000000001,1067.8000000000002
30,2250,Predators,30,217.5,177.10000000000002,236.8
30,2250,Prey,30,822,629.8,1057.4
30,2260,Predators,30,215,174,230.00000000000003
30,2260,Prey,30,793.5,612.4000000000001,1019.4
30,2270,Predators,30,211,169.5,232.5
30,2270,Prey,30,778.5,589.9,1013.5
30,2280,Predators,30,207,171.3,223
30,2280,Prey,30,745.5,565.7,1020.3
30,2290,Predators,30,202,170.5,226.50000000000003
30,2290,Prey,30,717.5,557.6,1008.2
30,2300,Predators,30,197.5,161.8,221
30,2300,Prey,30,704.5,553.6,995.4
30,2310,Predators,30,194.5,158.3,218.90000000000003
30,2310,Prey,30,698,564.3000000000001,999.8
30,2320,Predators,30,191,154.20000000000002,218.90000000000003
30,2320,Prey,30,672.5,561.4,968.4000000000001
30,2330,Predators,30,184,151.50000000000003,222.1
30,2330,Prey,30,689,557.4,983.1999999999999
30,2340,Predators,30,180,150.10000000000002,219.1
30,2340,Prey,30,690.5,572,963.5
30,2350,Predators,30,175.5,142,214.8
30,2350,Prey,30,725.5,586.8,954.6
30,2360,Predators,30,169.5,137,213.3
30,2360,Prey,30,748,596.9,969.8000000000001
30,2370,Predators,30,168.5,134.5,206.10000000000002
30,2370,Prey,30,785.5,608.5,960.8000000000002
30,2380,Predators,30,164,125.7,205.10000000000002
30,2380,Prey,30,804.5,616.3,965.0000000000002
30,2390,Predators,30,161.5,124.30000000000001,198.80000000000004
30,2390,Prey,30,843.5,665.2,1009.8000000000002
30,2400,Predators,30,159,123.30000000000001,199.2
30,2400,Prey,30,903.5,694.6,1059.7
30,2410,Predators,30,158,121.30000000000001,201
30,2410,Prey,30,940,738.8000000000001,1069.8000000000002
30,2420,Predators,30,159,117.4,204.60000000000002
30,2420,Prey,30,986.5,777.8,1171
30,2430,Predators,30,157.5,115.4,205.20000000000002
30,2430,Prey,30,1050,839.8000000000001,1213
30,2440,Predators,30,158.5,115.5,202.8
30,2440,Prey,30,1114.5,914.8,1269.1000000000001
30,2450,Predators,30,158,114.7,207.5
30,2450,Prey,30,1168.5,997.4,1363.2
30,2460,Predators,30,160,114.2,208.3
30,2460,Prey,30,1229.5,1039.4,1466.6
30,2470,Predators,30,157.5,116.4,207.7
30,2470,Prey,30,1308,1072.5,1538.7000000000003
30,2480,Predators,30,155.5,116.3,207
30,2480,Prey,30,1422.5,1166.3000000000002,1664.8000000000002
30,2490,Predators,30,153,119.5,211
30,2490,Prey,30,1530,1219.1000000000001,1770.3000000000002
30,2500,Predators,30,154.5,124.7,209
30,2500,Prey,30,1620,1281.1999999999998,1916.7000000000003
30,2510,Predators,30,157.5,126,211.4
30,2510,Prey,30,1717,1348.5,2158.2000000000003
30,2520,Predators,30,159.5,128.4,206.8
30,2520,Prey,30,1796,1412,2314.5000000000005
30,2530,Predators,30,164.5,129.9,209.20000000000002
30,2530,Prey,30,1888,1399.2,2405.8
30,2540,Predators,30,165.5,134,209.5
30,2540,Prey,30,1989,1437.7,2499.2000000000003
30,2550,Predators,30,166,138.7,216.4
30,2550,Prey,30,2102.5,1546.8,2584.9
30,2560,Predators,30,168.5,145,228
30,2560,Prey,30,2176,1630.6000000000001,2592.5
30,2570,Predators,30,174,152.29999999999998,227.5
30,2570,Prey,30,2235.5,1692.9,2651.3
30,2580,Predators,30,180.5,156.70000000000002,230.39999999999998
30,2580,Prey,30,2287,1715.2000000000003,2733.4
30,2590,Predators,30,185.5,160.70000000000002,234.00000000000003
30,2590,Prey,30,2313.5,1721.9,2764.9
30,2600,Predators,30,192.5,166.60000000000002,238.8
30,2600,Prey,30,2323,1715.9,2780.3
30,2610,Predators,30,197.5,170.8,244.2
30,2610,Prey,30,2358,1754.9,2807
30,2620,Predators,30,205,175.9,249.10000000000002
30,2620,Prey,30,2394,1769.3,2736.8
30,2630,Predators,30,210.5,180.7,253.20000000000002
30,2630,Prey,30,2362.5,1788.8999999999999,2716.8999999999996
30,2640,Predators,30,213.5,185.8,252.60000000000002
30,2640,Prey,30,2299.5,1784.8,2658.4
30,2650,Predators,30,218.5,192.5,257.6
30,2650,Prey,30,2264,1814.1000000000001,2652.1000000000004
30,2660,Predators,30,222.5,194.7,257.3
30,2660,Prey,30,2213.5,1805.2,2614.6000000000004
30,2670,Predators,30,223,196,265
30,2670,Prey,30,2122.5,1819,2551.1
30,2680,Predators,30,224.5,200.89999999999998,268.2
30,2680,Prey,30,2064.5,1765.1999999999998,2451.5
30,2690,Predators,30,226.5,202,271.2
30,2690,Prey,30,1997.5,1723.8,2398.9
30,2700,Predators,30,228,208.3,281.1
30,2700,Prey,30,1920.5,1650,2322.1
30,2710,Predators,30,231,214.70000000000002,289.7
30,2710,Prey,30,1869,1559,2212.3
30,2720,Predators,30,236,216.5,288.70000000000005
30,2720,Prey,30,1803,1483.3000000000002,2135.5
30,2730,Predators,30,237,217,293.1
30,2730,Prey,30,1742,1390.5,2074.7999999999997
30,2740,Predators,30,238.5,221.5,299.1
30,2740,Prey,30,1677,1367.9,2020
30,2750,Predators,30,239.5,218,298.6
30,2750,Prey,30,1623,1297,1958.3000000000002
30,2760,Predators,30,240.5,219,303.20000000000005
30,2760,Prey,30,1570.5,1226,1839.8000000000002
30,2770,Predators,30,246,222.4,301.09999999999997
30,2770,Prey,30,1522.5,1204.8,1789.5
30,2780,Predators,30,247,219.70000000000002,304.4
30,2780,Prey,30,1470,1126.9,1717
30,2790,Predators,30,248,219.5,304.90000000000003
30,2790,Prey,30,1393,1074,1641.2
30,2800,Predators,30,247.5,219.9,307.1
30,2800,Prey,30,1341,1036.8,1583.8
30,2810,Predators,30,245,217.9,308.90000000000003
30,2810,Prey,30,1285,976.1,1538.7
30,2820,Predators,30,247.5,220.60000000000002,308.6
30,2820,Prey,30,1234,926.6,1521
30,2830,Predators,30,248.5,217,304.4
30,2830,Prey,30,1163.5,906.8000000000001,1468.6000000000001
30,2840,Predators,30,251.5,216,303.20000000000005
30,2840,Prey,30,1118.5,872.7,1405.8
30,2850,Predators,30,254.5,216,303.3
30,2850,Prey,30,1085.5,832.6,1416.7
30,2860,Predators,30,248,214.5,302.4
30,2860,Prey,30,1062,810.5,1392.7
30,2870,Predators,30,249.5,210.5,296.50000000000006
30,2870,Prey,30,1039,753.3,1334.7
30,2880,Predators,30,241.5,208.9,296.90000000000003
30,2880,Prey,30,1018.5,712.9,1300.2
30,2890,Predators,30,236,206.6,289.5
30,2890,Prey,30,997,691.3000000000001,1226.3000000000002
30,2900,Predators,30,237,205.29999999999998,288.1
30,2900,Prey,30,969,684.3,1237.3
30,2910,Predators,30,233.5,200.7,289.20000000000005
30,2910,Prey,30,951,696.9,1216.1999999999998
30,2920,Predators,30,233.5,195.79999999999998,288.1
30,2920,Prey,30,919,677.5,1203.5
30,2930,Predators,30,230.5,194.5,291.6
30,2930,Prey,30,893.5,666.2,1170.5
30,2940,Predators,30,224.5,191.3,288.6
30,2940,Prey,30,900,665.8000000000001,1146.6000000000001
30,2950,Predators,30,220.5,181.9,282.5
30,2950,Prey,30,881,673,1159.3
30,2960,Predators,30,219.5,179.6,277.3
30,2960,Prey,30,882,674.5000000000001,1120.1000000000001
30,2970,Predators,30,216.5,176.70000000000002,270.2
30,2970,Prey,30,868,668.1,1126.7
30,2980,Predators,30,212.5,168.8,259.3
30,2980,Prey,30,899,671.1000000000001,1120.2
30,2990,Predators,30,208,163.2,252.1
30,2990,Prey,30,904,662.4,1115.8000000000002
30,3000,Predators,30,206.5,155.70000000000002,251.2
30,3000,Prey,30,913,653.1,1158
35,0,Predators,30,10,10,10
35,0,Prey,30,100,100,100
35,10,Predators,30,10,10,10
35,10,Prey,30,109,105,113.10000000000001
35,20,Predators,30,10,10,11
35,20,Prey,30,140.5,131.9,149.4
35,30,Predators,30,10,10,11
35,30,Prey,30,199.5,181.9,210.70000000000002
35,40,Predators,30,10,10,11
35,40,Prey,30,285,260.4,307.3
35,50,Predators,30,10,10,11.100000000000001
35,50,Prey,30,406,374.4,446.1
35,60,Predators,30,10,10,11.100000000000001
35,60,Prey,30,579.5,532.8000000000001,635.4000000000001
35,70,Predators,30,10.5,10,12
35,70,Prey,30,824,744,904.4
35,80,Predators,30,8,6,10.100000000000001
35,80,Prey,30,1164.5,1039.7,1256.1000000000001
35,90,Predators,30,8,6,10.100000000000001
35,90,Prey,30,1603,1428.3000000000002,1717.9
35,100,Predators,30,8,6,10.100000000000001
35,100,Prey,30,2200,2006.6000000000001,2359.4
35,110,Predators,30,9,6,11
35,110,Prey,30,2956,2744,3182.6000000000004
35,120,Predators,30,9,6.9,11.100000000000001
35,120,Prey,30,3924,3585.8,4200.4000000000005
35,130,Predators,30,9,6.9,12.300000000000004
35,130,Prey,30,5079,4649.6,5414.3
35,140,Predators,30,9.5,7.9,13.200000000000003
35,140,Prey,30,6390,5915.5,6719.8
35,150,Predators,30,10,7.9,16
35,150,Prey,30,7747.5,7252,8163.4
35,160,Predators,30,11,7.9,16.1
35,160,Prey,30,9087,8555.1,9555
35,170,Predators,30,11,7,17
35,170,Prey,30,10317.5,9829.1,10891.300000000001
35,180,Predators,30,11,7,17.1
35,180,Prey,30,11462.5,10994.4,11955.6
35,190,Predators,30,12.5,7.9,17.1
35,190,Prey,30,12322,11868.4,12695
35,200,Predators,30,13,7.9,18
35,200,Prey,30,12872,12591.5,13183.9
35,210,Predators,30,13,7.9,19
35,210,Prey,30,13177,12895.6,13396.2
35,220,Predators,30,13,7.9,20
35,220,Prey,30,13219.5,13009.9,13414.599999999999
35,230,Predators,30,13.5,8,20.1
35,230,Prey,30,13092,12920.9,13314.699999999999
35,240,Predators,30,14,8.9,20.300000000000004
35,240,Prey,30,12879.5,12573.8,13073.3
35,250,Predators,30,14.5,9,21.300000000000004
35,250,Prey,30,12564,12256.4,12743.1
35,260,Predators,30,15,9,24
35,260,Prey,30,12150,11847.300000000001,12357
35,270,Predators,30,15,9.9,24.200000000000003
35,270,Prey,30,11673.5,11434.3,11901.5
35,280,Predators,30,16,10,26
35,280,Prey,30,11211,10951.300000000001,11421.9
35,290,Predators,30,16.5,10,25.200000000000003
35,290,Prey,30,10658.5,10440.6,10897.4
35,300,Predators,30,16.5,10.9,25.300000000000004
35,300,Prey,30,10103.5,9847.1,10354.6
35,310,Predators,30,16.5,10.8,26.200000000000003
35,310,Prey,30,9524,9288.1,9772.4
35,320,Predators,30,17,10.9,27.300000000000004
35,320,Prey,30,8930,8700.1,9248.300000000001
35,330,Predators,30,18,10.9,30
35,330,Prey,30,8384.5,8185,8604
35,340,Predators,30,19,11,31
35,340,Prey,30,7834.5,7613.4000000000005,8075.4
35,350,Predators,30,19,12,32.1
35,350,Prey,30,7285,7053.1,7478
35,360,Predators,30,20,11.9,33
35,360,Prey,30,6751,6504.6,6946.1
35,370,Predators,30,20,12,34
35,370,Prey,30,6204,5970.1,6442.5
35,380,Predators,30,20,12.9,34.1
35,380,Prey,30,5703,5455.8,5914.2
35,390,Predators,30,21.5,13.8,33.1
35,390,Prey,30,5217.5,5002.3,5446
35,400,Predators,30,22,13.8,34.2
35,400,Prey,30,4771.5,4531.3,4944.1
35,410,Predators,30,21,13.8,34.300000000000004
35,410,Prey,30,4314.5,4143.6,4476.8
35,420,Predators,30,22,13.8,36.1
35,420,Prey,30,3916.5,3751.2,4125.4000000000005
35,430,Predators,30,22.5,13.8,36.1
35,430,Prey,30,3539,3370.6,3712.1
35,440,Predators,30,23,14.8,36.2
35,440,Prey,30,3197.5,3006.9,3334.2
35,450,Predators,30,23.5,14.8,36.300000000000004
35,450,Prey,30,2884,2726.1000000000004,3018.3999999999996
35,460,Predators,30,23,14,37.2
35,460,Prey,30,2589.5,2452.3,2751.4
35,470,Predators,30,24,13.9,37
35,470,Prey,30,2328.5,2163.8,2460.7
35,480,Predators,30,24.5,14,37
35,480,Prey,30,2103.5,1927.2,2209.4
35,490,Predators,30,25.5,14,38.1
35,490,Prey,30,1904,1734.4,1983.5
35,500,Predators,30,25.5,14,38.2
35,500,Prey,30,1733,1551.2,1822.1000000000001
35,510,Predators,30,27,14.9,40.1
35,510,Prey,30,1558.5,1373.7,1646.8000000000002
35,520,Predators,30,28,15.9,41.1
35,520,Prey,30,1415.5,1260,1501.5
35,530,Predators,30,28,15.8,41
35,530,Prey,30,1298.5,1151.5,1379.6000000000001
35,540,Predators,30,28.5,15,41.1
35,540,Prey,30,1182.5,1050.5,1286.1000000000001
35,550,Predators,30,29.5,14.9,42.1
35,550,Prey,30,1088.5,967.4,1185.3000000000002
35,560,Predators,30,31.5,14.9,43
35,560,Prey,30,997,874.6,1103.6000000000001
35,570,Predators,30,31.5,15.8,44.1
35,570,Prey,30,926.5,823.6,1041
35,580,Predators,30,31.5,16.700000000000003,45
35,580,Prey,30,867,770.3000000000001,959.9000000000001
35,590,Predators,30,32,15.700000000000001,45.1
35,590,Prey,30,813.5,735.2,917.7
35,600,Predators,30,32,16.700000000000003,46
35,600,Prey,30,769,703.4,874.4000000000001
35,610,Predators,30,31.5,15.8,48
35,610,Prey,30,736,670.8,828.1000000000001
35,620,Predators,30,31.5,14.9,48.1
35,620,Prey,30,705,649.3,816.6
35,630,Predators,30,31.5,15.9,49
35,630,Prey,30,680.5,617.8000000000001,793.8000000000001
35,640,Predators,30,32.5,16.8,51.1
35,640,Prey,30,668,602.6999999999999,769.9
35,650,Predators,30,33.5,16.9,50
35,650,Prey,30,663,603.8000000000001,762.1
35,660,Predators,30,33.5,17.9,51.1
35,660,Prey,30,657.5,606.8000000000001,748.7
35,670,Predators,30,32.5,17.8,50.2
35,670,Prey,30,663.5,615.8000000000001,753.5
35,680,Predators,30,32,16.9,51.300000000000004
35,680,Prey,30,691,626.5,761.4
35,690,Predators,30,32.5,16,51.2
35,690,Prey,30,714.5,644.7,781.2
35,700,Predators,30,32.5,16,54
35,700,Prey,30,762,691.9,813.0000000000001
35,710,Predators,30,33,17,55
35,710,Prey,30,817,725.5,878.5
35,720,Predators,30,34,17,54.1
35,720,Prey,30,874,789.7,946.2
35,730,Predators,30,33.5,17.9,55
35,730,Prey,30,963,858.6999999999999,1045.4
35,740,Predators,30,34,18.900000000000002,56.1
35,740,Prey,30,1075,971.5,1179.1
35,750,Predators,30,35,19,57.1
35,750,Prey,30,1194.5,1077.7,1325
35,760,Predators,30,34.5,19.9,56.1
35,760,Prey,30,1363.5,1193.7,1488.6000000000001
35,770,Predators,30,35,19.9,58.1
35,770,Prey,30,1540,1331.8,1686.1000000000001
35,780,Predators,30,36.5,20.9,58.300000000000004
35,780,Prey,30,1746,1519.9,1922.3000000000002
35,790,Predators,30,38,20.9,60.60000000000001
35,790,Prey,30,1991.5,1728.8,2171.1000000000004
35,800,Predators,30,39,21.8,61.70000000000001
35,800,Prey,30,2222.5,1958.3,2479.4000000000005
35,810,Predators,30,40,21.8,65.70000000000002
35,810,Prey,30,2498,2205.6,2791.0000000000005
35,820,Predators,30,42.5,22.700000000000003,66.80000000000001
35,820,Prey,30,2784,2466.9,3122.4000000000005
35,830,Predators,30,43,23.9,67.9
35,830,Prey,30,3074.5,2746,3452.6000000000004
35,840,Predators,30,46,25.700000000000003,68.80000000000001
35,840,Prey,30,3388.5,3102.3999999999996,3769.1000000000004
35,850,Predators,30,47.5,26.6,71.60000000000001
35,850,Prey,30,3669,3435,4112.8
35,860,Predators,30,49,26.700000000000003,72.70000000000002
35,860,Prey,30,3939.5,3728.5,4435.9000000000005
35,870,Predators,30,50,27.700000000000003,72.9
35,870,Prey,30,4195,3972.8,4699.200000000001
35,880,Predators,30,50.5,27.700000000000003,74.80000000000001
35,880,Prey,30,4468.5,4138.9,4866
35,890,Predators,30,53,27.8,76.80000000000001
35,890,Prey,30,4647,4274.8,4967.5
35,900,Predators,30,54,29.700000000000003,79.4
35,900,Prey,30,4738.5,4418.8,5024.9
35,910,Predators,30,54,29,78.5
35,910,Prey,30,4771.5,4394.7,5028.7
35,920,Predators,30,53,29.9,76.60000000000001
35,920,Prey,30,4745.5,4371.9000000000005,4958.9000000000005
35,930,Predators,30,53.5,31,78.9
35,930,Prey,30,4646.5,4346.6,4868.700000000001
35,940,Predators,30,54.5,34.900000000000006,80.70000000000002
35,940,Prey,30,4548.5,4280.2,4702.1
35,950,Predators,30,58,34,79.10000000000002
35,950,Prey,30,4369,4087.7999999999997,4547.3
35,960,Predators,30,58,34.800000000000004,82.70000000000002
35,960,Prey,30,4174,3886.6,4390
35,970,Predators,30,59.5,35.8,81.90000000000002
35,970,Prey,30,3952,3673.9,4195.8
35,980,Predators,30,62,35,82.80000000000001
35,980,Prey,30,3728.5,3467.2,3946.9
35,990,Predators,30,63,34.900000000000006,86.70000000000002
35,990,Prey,30,3465,3209.5,3699.8999999999996
35,1000,Predators,30,65,36.9,86.60000000000001
35,1000,Prey,30,3234,2993.2,3478.8
35,1010,Predators,30,65,37.900000000000006,84.80000000000001
35,1010,Prey,30,3017.5,2793.7,3225
35,1020,Predators,30,64,37.7,86.5
35,1020,Prey,30,2839,2613,3018.4
35,1030,Predators,30,65.5,38.6,85.80000000000001
35,1030,Prey,30,2655,2431.2000000000003,2826
35,1040,Predators,30,66.5,40.6,89.60000000000002
35,1040,Prey,30,2457,2223,2656
35,1050,Predators,30,67,41.599999999999994,89.60000000000002
35,1050,Prey,30,2274.5,2036.5,2478.6
35,1060,Predators,30,66.5,41.699999999999996,88.70000000000002
35,1060,Prey,30,2109,1873.6,2314.3
35,1070,Predators,30,67.5,44.2,89.70000000000002
35,1070,Prey,30,1953,1742,2163.7
35,1080,Predators,30,69.5,46.400000000000006,92
35,1080,Prey,30,1821,1605.6000000000001,2023.2
35,1090,Predators,30,71,46.400000000000006,92.4
35,1090,Prey,30,1692.5,1475.1,1890.1
35,1100,Predators,30,73,45.400000000000006,94.4
35,1100,Prey,30,1578.5,1376.6000000000001,1779.3
35,1110,Predators,30,73,46.5,94.80000000000001
35,1110,Prey,30,1475,1273.1999999999998,1690.3
35,1120,Predators,30,74,47.300000000000004,97.60000000000002
35,1120,Prey,30,1388.5,1175.8999999999999,1584.3
35,1130,Predators,30,74,48.4,98.80000000000001
35,1130,Prey,30,1305.5,1107.6000000000001,1500.0000000000002
35,1140,Predators,30,74.5,49.5,98.80000000000001
35,1140,Prey,30,1241,1030.2,1431.2000000000003
35,1150,Predators,30,76,49.5,97.10000000000002
35,1150,Prey,30,1186,1002.1,1359.2000000000003
35,1160,Predators,30,78,50.2,98.80000000000001
35,1160,Prey,30,1139.5,955.2,1318
35,1170,Predators,30,77,52.1,106.2
35,1170,Prey,30,1084.5,939.3,1279.6
35,1180,Predators,30,76.5,53.00000000000001,106.4
35,1180,Prey,30,1051.5,937.2,1232.7
35,1190,Predators,30,76.5,53.10000000000001,106.1
35,1190,Prey,30,1017,908.7,1206.8999999999999
35,1200,Predators,30,76.5,53.10000000000001,107.1
35,1200,Prey,30,997.5,900,1185.1000000000001
35,1210,Predators,30,77,53.10000000000001,109
35,1210,Prey,30,987,892.5999999999999,1164.1000000000001
35,1220,Predators,30,78.5,54.10000000000001,107.4
35,1220,Prey,30,981,884,1159.3999999999999
35,1230,Predators,30,79.5,54.10000000000001,108.60000000000001
35,1230,Prey,30,987,881.0999999999999,1174.3000000000002
35,1240,Predators,30,78.5,54.300000000000004,111.19999999999999
35,1240,Prey,30,1003,883.2,1179.3000000000002
35,1250,Predators,30,79.5,56.2,109.70000000000002
35,1250,Prey,30,1015.5,910.1,1201.4
35,1260,Predators,30,81,55.6,112.4
35,1260,Prey,30,1047.5,941.5,1224.9
35,1270,Predators,30,82.5,56.6,113.50000000000001
35,1270,Prey,30,1093.5,960.5,1256.8000000000002
35,1280,Predators,30,84.5,56.9,114.60000000000001
35,1280,Prey,30,1141,1040.2,1317
35,1290,Predators,30,84.5,56.8,116.30000000000001
35,1290,Prey,30,1217.5,1080.4,1405.8
35,1300,Predators,30,85.5,58.7,118.2
35,1300,Prey,30,1287.5,1131.9,1492.4
35,1310,Predators,30,88,58.800000000000004,119.19999999999999
35,1310,Prey,30,1373,1233.2,1576.1
35,1320,Predators,30,89,59,119.6
35,1320,Prey,30,1490.5,1301.1,1685.4
35,1330,Predators,30,90.5,58.900000000000006,118.70000000000002
35,1330,Prey,30,1616.5,1421.3999999999999,1791.4
35,1340,Predators,30,91.5,59.7,123.3
35,1340,Prey,30,1768,1549.3,1963.6
35,1350,Predators,30,94,60.7,123.4
35,1350,Prey,30,1897,1669.4,2104.8
35,1360,Predators,30,97,64.3,125.20000000000002
35,1360,Prey,30,2063,1817.3000000000002,2284.6000000000004
35,1370,Predators,30,98,63.6,126.30000000000001
35,1370,Prey,30,2218.5,1986.7,2495.8
35,1380,Predators,30,100.5,68.1,125.60000000000002
35,1380,Prey,30,2406.5,2122.5,2744.3999999999996
35,1390,Predators,30,102.5,68.7,124.9
35,1390,Prey,30,2576,2263.5,2995.2000000000003
35,1400,Predators,30,104,70.7,128.8
35,1400,Prey,30,2754.5,2450.4,3174
35,1410,Predators,30,105.5,75.30000000000001,132.60000000000002
35,1410,Prey,30,2926,2614.5,3413
35,1420,Predators,30,107.5,76.1,135.2
35,1420,Prey,30,3103,2766.2000000000003,3587.3
35,1430,Predators,30,109.5,80.7,138.3
35,1430,Prey,30,3282.5,2917.7999999999997,3806.6
35,1440,Predators,30,112,85.2,143
35,1440,Prey,30,3449,3062.6000000000004,3990.9
35,1450,Predators,30,114,86.5,146.10000000000002
35,1450,Prey,30,3590.5,3173.2000000000003,4105.700000000001
35,1460,Predators,30,115.5,88.3,148.1
35,1460,Prey,30,3665.5,3254.7999999999997,4143.3
35,1470,Predators,30,113.5,90.10000000000001,145.8
35,1470,Prey,30,3748,3351.7,4129.200000000001
35,1480,Predators,30,117.5,90.9,144.9
35,1480,Prey,30,3777.5,3385.7000000000003,4104.6
35,1490,Predators,30,118.5,91.9,149.20000000000002
35,1490,Prey,30,3779.5,3375.6,4024.1
35,1500,Predators,30,120,92.10000000000001,151.6
35,1500,Prey,30,3769,3431.9,4001.3999999999996
35,1510,Predators,30,120.5,96,150.9
35,1510,Prey,30,3755,3387.5,3895.2
35,1520,Predators,30,122,95.20000000000002,151.6
35,1520,Prey,30,3700.5,3329.5,3854.6000000000004
35,1530,Predators,30,122.5,92.50000000000001,153.4
35,1530,Prey,30,3594,3257.1,3806.3
35,1540,Predators,30,124,93.6,153.3
35,1540,Prey,30,3476,3148.1,3731.5
35,1550,Predators,30,127,97.9,156.1
35,1550,Prey,30,3341.5,3042.5,3627.7
35,1560,Predators,30,126,96.70000000000002,157.20000000000002
35,1560,Prey,30,3213,2921.7,3508.1
35,1570,Predators,30,125.5,95.80000000000001,155.5
35,1570,Prey,30,3040.5,2801.5,3391.3
35,1580,Predators,30,126.5,96.80000000000001,157.60000000000002
35,1580,Prey,30,2881,2657.8999999999996,3259.2999999999997
35,1590,Predators,30,127,95.80000000000001,160.5
35,1590,Prey,30,2752.5,2522.9,3119.8
35,1600,Predators,30,128,97.6,158.7
35,1600,Prey,30,2612.5,2383,3005.6
35,1610,Predators,30,131,97.5,160.4
35,1610,Prey,30,2497,2253,2906
35,1620,Predators,30,130.5,96.50000000000001,162.3
35,1620,Prey,30,2380.5,2136.2,2781.1
35,1630,Predators,30,130,98.7,159.6
35,1630,Prey,30,2277,2028.2,2652.8999999999996
35,1640,Predators,30,132,96,159.7
35,1640,Prey,30,2168.5,1906.2,2509.9
35,1650,Predators,30,132.5,95.20000000000002,159.4
35,1650,Prey,30,2070.5,1822.8,2388.5
35,1660,Predators,30,134,94.5,162.10000000000002
35,1660,Prey,30,1995.5,1750.1,2278.4
35,1670,Predators,30,134.5,95.50000000000001,162
35,1670,Prey,30,1944,1648.3000000000002,2160.2000000000003
35,1680,Predators,30,134,96.4,161.3
35,1680,Prey,30,1861,1538.7,2101
35,1690,Predators,30,133,97.4,157.70000000000002
35,1690,Prey,30,1757.5,1437.7,2047.5
35,1700,Predators,30,136,96.4,156.4
35,1700,Prey,30,1659.5,1355.8000000000002,1963
35,1710,Predators,30,132.5,101,158.5
35,1710,Prey,30,1594.5,1306.7,1904.6
35,1720,Predators,30,133,101.1,158
35,1720,Prey,30,1533,1259.8,1838.5
35,1730,Predators,30,134.5,103.00000000000001,160.1
35,1730,Prey,30,1466.5,1218.1,1807.4
35,1740,Predators,30,134.5,102.10000000000001,160
35,1740,Prey,30,1426,1189,1769.6
35,1750,Predators,30,137,99.2,162
35,1750,Prey,30,1391.5,1178.9,1714.8
35,1760,Predators,30,138,100.4,163.2
35,1760,Prey,30,1366,1154.3000000000002,1658.4
35,1770,Predators,30,137.5,102.60000000000001,163.1
35,1770,Prey,30,1345.5,1122.2,1620
35,1780,Predators,30,137.5,102.80000000000001,165
35,1780,Prey,30,1332.5,1128.3,1586.6
35,1790,Predators,30,139,103.9,164.2
35,1790,Prey,30,1319,1132.8000000000002,1566.7
35,1800,Predators,30,140,105,165
35,1800,Prey,30,1341,1123.2,1547.3000000000002
35,1810,Predators,30,138.5,104.2,164.2
35,1810,Prey,30,1343.5,1159.3999999999999,1546.7
35,1820,Predators,30,140.5,103.6,162.40000000000003
35,1820,Prey,30,1376.5,1186.3000000000002,1550.6999999999998
35,1830,Predators,30,140.5,101,165.20000000000002
35,1830,Prey,30,1396.5,1211.4,1542.2
35,1840,Predators,30,140,101,162.90000000000003
35,1840,Prey,30,1429.5,1224,1550.1
35,1850,Predators,30,142.5,101,163.9
35,1850,Prey,30,1456.5,1264.6,1570.3
35,1860,Predators,30,142,100,162.60000000000002
35,1860,Prey,30,1528,1268.8,1611.6000000000001
35,1870,Predators,30,142.5,102.89999999999999,162.60000000000002
35,1870,Prey,30,1548,1321.1,1671.7
35,1880,Predators,30,143.5,105.89999999999999,164.60000000000002
35,1880,Prey,30,1596,1373.1,1738.8000000000002
35,1890,Predators,30,146,112.30000000000001,164.70000000000002
35,1890,Prey,30,1647,1440.3,1843.2000000000003
35,1900,Predators,30,149.5,113.4,167.7
35,1900,Prey,30,1721,1520.9,2011.4
35,1910,Predators,30,148.5,115.5,171.4
35,1910,Prey,30,1787,1600.3000000000002,2126.2000000000003
35,1920,Predators,30,151,113.8,174.5
35,1920,Prey,30,1874.5,1654.8999999999999,2214.8
35,1930,Predators,30,153.5,113.8,172.5
35,1930,Prey,30,1938,1751.8000000000002,2292.5000000000005
35,1940,Predators,30,152,111.8,172.3
35,1940,Prey,30,2030,1799.9,2376.1000000000004
35,1950,Predators,30,153,113.8,171.1
35,1950,Prey,30,2142,1899.6,2470.3
35,1960,Predators,30,154.5,118.69999999999999,170.50000000000003
35,1960,Prey,30,2241.5,2020.8000000000002,2587.3
35,1970,Predators,30,159,119.6,174.2
35,1970,Prey,30,2336,2100.8,2709
35,1980,Predators,30,160.5,119.8,174.5
35,1980,Prey,30,2439,2162.4,2844.3
35,1990,Predators,30,158.5,121.7,176.60000000000002
35,1990,Prey,30,2527.5,2269.3,2997.1000000000004
35,2000,Predators,30,159.5,123.7,182.1
35,2000,Prey,30,2629,2379.7,3143.4
35,2010,Predators,30,164.5,129.8,187.4
35,2010,Prey,30,2507,2236.8,2982.2999999999997
35,2020,Predators,30,170.5,136,195.2
35,2020,Prey,30,2414,2165.9,2837
35,2030,Predators,30,177,139.9,204.1
35,2030,Prey,30,2327,2030.2,2718.1000000000004
35,2040,Predators,30,180.5,148.2,210.10000000000002
35,2040,Prey,30,2246.5,1929.4,2603.3
35,2050,Predators,30,186.5,153.1,214
35,2050,Prey,30,2126,1845.9,2513.0000000000005
35,2060,Predators,30,192,154.6,218.20000000000002
35,2060,Prey,30,2030.5,1773.7,2371
35,2070,Predators,30,198,158.9,223.1
35,2070,Prey,30,1917,1690.1000000000001,2215.5
35,2080,Predators,30,203.5,164.6,230.1
35,2080,Prey,30,1836,1613.5,2041.5
35,2090,Predators,30,212.5,169.9,235.3
35,2090,Prey,30,1703.5,1533,1936.4
35,2100,Predators,30,217.5,173.6,240.3
35,2100,Prey,30,1590,1435.7,1832
35,2110,Predators,30,221,178.5,243.3
35,2110,Prey,30,1471.5,1329.1,1716.9
35,2120,Predators,30,221.5,183.00000000000003,244.2
35,2120,Prey,30,1363.5,1209.4,1617.1
35,2130,Predators,30,220.5,182.5,242.70000000000002
35,2130,Prey,30,1285.5,1117.1000000000001,1509.3
35,2140,Predators,30,218,183.3,247.1
35,2140,Prey,30,1200.5,1026.6,1422.4
35,2150,Predators,30,215.5,182.8,247.1
35,2150,Prey,30,1139.5,970.7,1354.9
35,2160,Predators,30,216,184.89999999999998,245.20000000000002
35,2160,Prey,30,1096.5,916.1,1273.1000000000001
35,2170,Predators,30,214,190.9,247
35,2170,Prey,30,1013.5,844.9,1182.8
35,2180,Predators,30,214,188.9,246.39999999999998
35,2180,Prey,30,949,778.4,1106
35,2190,Predators,30,217,188,245.10000000000002
35,2190,Prey,30,900,730.5,1031.2
35,2200,Predators,30,218,186.5,241
35,2200,Prey,30,866,676.9000000000001,972
35,2210,Predators,30,218,182.8,238.1
35,2210,Prey,30,812,640.1,944.7
35,2220,Predators,30,214.5,183.3,235.3
35,2220,Prey,30,765,593.1,899.8
35,2230,Predators,30,208.5,179,231.2
35,2230,Prey,30,712.5,562,883.1
35,2240,Predators,30,204,176.9,227.3
35,2240,Prey,30,681,527.6,869.4000000000001
35,2250,Predators,30,201.5,176.10000000000002,217.4
35,2250,Prey,30,657.5,512.8,828.0000000000001
35,2260,Predators,30,196,168.7,212.3
35,2260,Prey,30,647,491.2,805.9000000000001
35,2270,Predators,30,193,160.6,206
35,2270,Prey,30,632.5,480.2,790
35,2280,Predators,30,186,159.1,202.20000000000002
35,2280,Prey,30,610,494.00000000000006,737.6
35,2290,Predators,30,177.5,153.5,195.5
35,2290,Prey,30,588.5,482.6,745.8000000000001
35,2300,Predators,30,171,146.5,196.4
35,2300,Prey,30,580.5,482.9,743.6
35,2310,Predators,30,168,143.50000000000003,192.2
35,2310,Prey,30,589,478.6,733
35,2320,Predators,30,163,135,184.2
35,2320,Prey,30,602.5,484.09999999999997,741.3
35,2330,Predators,30,157,132.8,180.2
35,2330,Prey,30,615.5,477.5,734.5
35,2340,Predators,30,155,126.9,176.1
35,2340,Prey,30,649.5,486.5,758.7
35,2350,Predators,30,148.5,123.10000000000001,172.1
35,2350,Prey,30,674,530,778.3000000000001
35,2360,Predators,30,144.5,118.4,171
35,2360,Prey,30,699.5,548.4,827.4000000000001
35,2370,Predators,30,140.5,112.7,165.4
35,2370,Prey,30,727.5,566.6,879.2
35,2380,Predators,30,141,106.80000000000001,161.3
35,2380,Prey,30,756,591.6,947.3000000000001
35,2390,Predators,30,133,101.7,161.10000000000002
35,2390,Prey,30,788.5,606.5000000000001,1014.9
35,2400,Predators,30,134,100,158.29999999999998
35,2400,Prey,30,842,662.9,1108
35,2410,Predators,30,133,96.4,157.3
35,2410,Prey,30,914,702.7,1178.7
35,2420,Predators,30,134.5,91.9,158.9
35,2420,Prey,30,990.5,745.2,1268.2
35,2430,Predators,30,133,89.7,159.8
35,2430,Prey,30,1064,820.7,1348.9
35,2440,Predators,30,133,86.89999999999999,156.70000000000002
35,2440,Prey,30,1128.5,896.1,1447.7
35,2450,Predators,30,131,89.7,161.4
35,2450,Prey,30,1213.5,957.9000000000001,1556.9
35,2460,Predators,30,129.5,92.9,160.1
35,2460,Prey,30,1293.5,1033.4,1634.8
35,2470,Predators,30,134,93.4,164.4
35,2470,Prey,30,1373.5,1116.8,1735.5000000000002
35,2480,Predators,30,134,96.4,165.5
35,2480,Prey,30,1457.5,1204,1872.7
35,2490,Predators,30,138.5,95.3,169.4
35,2490,Prey,30,1536,1276.3999999999999,1966.9
35,2500,Predators,30,137.5,94.6,173.10000000000002
35,2500,Prey,30,1626,1356.6999999999998,2121.4
35,2510,Predators,30,140.5,95.7,176.4
35,2510,Prey,30,1708,1440.6999999999998,2205.2
35,2520,Predators,30,144.5,97.5,181.20000000000002
35,2520,Prey,30,1822,1549.9,2272.6
35,2530,Predators,30,146.5,100.6,181.20000000000002
35,2530,Prey,30,1864.5,1636.8000000000002,2378.2
35,2540,Predators,30,152.5,104.7,183.2
35,2540,Prey,30,1949,1726.9,2448.7000000000003
35,2550,Predators,30,155.5,109.7,188.10000000000002
35,2550,Prey,30,2025.5,1772.1999999999998,2468.5000000000005
35,2560,Predators,30,157.5,112.80000000000001,194.90000000000003
35,2560,Prey,30,2113,1789.8,2467.3
35,2570,Predators,30,158.5,115.8,204.4
35,2570,Prey,30,2199.5,1829.8999999999999,2535.2000000000003
35,2580,Predators,30,167,119.7,208.2
35,2580,Prey,30,2228,1911.3000000000002,2613.1000000000004
35,2590,Predators,30,169,123.7,215.1
35,2590,Prey,30,2231.5,1954.7,2651.3000000000006
35,2600,Predators,30,171,125.7,221.3
35,2600,Prey,30,2222.5,1963.6,2718.4000000000005
35,2610,Predators,30,178,132,221.4
35,2610,Prey,30,2221.5,1907.9,2721.1
35,2620,Predators,30,183,138.8,227.7
35,2620,Prey,30,2196.5,1891.1,2730.7999999999997
35,2630,Predators,30,187,145.79999999999998,234.3
35,2630,Prey,30,2192,1892.4,2684.2000000000003
35,2640,Predators,30,195.5,153.5,240.1
35,2640,Prey,30,2169,1919.4,2643.9
35,2650,Predators,30,198.5,158.6,241
35,2650,Prey,30,2116.5,1794,2558.3
35,2660,Predators,30,205.5,165.3,243.4
35,2660,Prey,30,2094.5,1759.4,2486.9
35,2670,Predators,30,207.5,174,246
35,2670,Prey,30,2030,1665.6,2364.7
35,2680,Predators,30,211.5,177.29999999999998,248.4
35,2680,Prey,30,1969,1623.9,2303.4
35,2690,Predators,30,212.5,176.8,250.70000000000002
35,2690,Prey,30,1917,1546.1,2216.7000000000003
35,2700,Predators,30,219.5,183.7,259.2
35,2700,Prey,30,1854,1459,2136.5000000000005
35,2710,Predators,30,225,186.60000000000002,267.2
35,2710,Prey,30,1744,1398,2078.6000000000004
35,2720,Predators,30,224,186.2,270.2
35,2720,Prey,30,1649.5,1323.1000000000001,1984.0000000000002
35,2730,Predators,30,232.5,190.8,272.1
35,2730,Prey,30,1594,1248.1,1897.4
35,2740,Predators,30,238,188.4,274.3
35,2740,Prey,30,1525.5,1176.2,1780.1
35,2750,Predators,30,242.5,192.9,278.3
35,2750,Prey,30,1457.5,1139.7,1697
35,2760,Predators,30,245.5,197.7,278.3
35,2760,Prey,30,1381.5,1053.3,1616.2
35,2770,Predators,30,243.5,199.39999999999998,279.1
35,2770,Prey,30,1314,970,1534.3
35,2780,Predators,30,245,200.5,279.7
35,2780,Prey,30,1256,893.2,1444.3000000000002
35,2790,Predators,30,243.5,201.5,280.2
35,2790,Prey,30,1165.5,861.5,1375.3000000000002
35,2800,Predators,30,244.5,199.79999999999998,273.5
35,2800,Prey,30,1114.5,815.3,1332.4
35,2810,Predators,30,246.5,201,273
35,2810,Prey,30,1066.5,753.6,1273.9
35,2820,Predators,30,248.5,203,270.3
35,2820,Prey,30,998.5,706.2,1234
35,2830,Predators,30,242.5,204.8,270.09999999999997
35,2830,Prey,30,949.5,680.1,1159.1
35,2840,Predators,30,242,200.89999999999998,268.2
35,2840,Prey,30,919,607.5,1106.1000000000001
35,2850,Predators,30,239,198.9,267
35,2850,Prey,30,873,577.7,1066.2
35,2860,Predators,30,236.5,196.9,263.5
35,2860,Prey,30,814,546.8000000000001,1002.8000000000001
35,2870,Predators,30,233.5,196.6,265.1
35,2870,Prey,30,788.5,549.2,964.5
35,2880,Predators,30,230.5,189.29999999999998,258.70000000000005
35,2880,Prey,30,771.5,561,945.6
35,2890,Predators,30,227.5,178,255.4
35,2890,Prey,30,734.5,513.8000000000001,932.9000000000001
35,2900,Predators,30,223,170.8,248.70000000000002
35,2900,Prey,30,719,512.4,910.2
35,2910,Predators,30,219.5,163.7,245.20000000000002
35,2910,Prey,30,716,501.7,919.7
35,2920,Predators,30,212.5,162.6,240.3
35,2920,Prey,30,696,476.6,922.4000000000001
35,2930,Predators,30,208,155.5,237.10000000000002
35,2930,Prey,30,688,456.79999999999995,926.7000000000002
35,2940,Predators,30,201.5,149.1,227.9
35,2940,Prey,30,682,453.6,937.4000000000001
35,2950,Predators,30,198.5,145.10000000000002,225.90000000000003
35,2950,Prey,30,694.5,440.2,931.8
35,2960,Predators,30,191.5,144.60000000000002,220.10000000000002
35,2960,Prey,30,692.5,448.5,952.5
35,2970,Predators,30,185,138.3,219.9
35,2970,Prey,30,732,476.6,977
35,2980,Predators,30,180.5,134.2,216.5
35,2980,Prey,30,759,510.70000000000005,996.4000000000001
35,2990,Predators,30,176,131,215.60000000000002
35,2990,Prey,30,768.5,519.8,1015.9000000000001
35,3000,Predators,30,175.5,123.80000000000001,214.20000000000002
35,3000,Prey,30,777.5,564.1,1045.8
40,0,Predators,30,10,10,10
40,0,Prey,30,100,100,100
40,10,Predators,30,10,10,10
40,10,Prey,30,109,105,113.10000000000001
40,20,Predators,30,10,10,11
40,20,Prey,30,140.5,131.9,149.4
40,30,Predators,30,10,10,11
40,30,Prey,30,199.5,181.9,210.70000000000002
40,40,Predators,30,10,10,11
40,40,Prey,30,285,260.4,307.3
40,50,Predators,30,10,10,11.100000000000001
40,50,Prey,30,406,374.4,446.1
40,60,Predators,30,10,10,11.100000000000001
40,60,Prey,30,579.5,532.8000000000001,635.4000000000001
40,70,Predators,30,10.5,10,12
40,70,Prey,30,824,744,904.4
40,80,Predators,30,8,6,10.100000000000001
40,80,Prey,30,1164.5,1039.7,1256.1000000000001
40,90,Predators,30,8,6,10.100000000000001
40,90,Prey,30,1603,1428.3000000000002,1717.9
40,100,Predators,30,8,6,10.100000000000001
40,100,Prey,30,2200,2006.6000000000001,2359.4
40,110,Predators,30,9,6,11
40,110,Prey,30,2956,2744,3182.6000000000004
40,120,Predators,30,9,6.9,11.100000000000001
40,120,Prey,30,3924,3585.8,4200.4000000000005
40,130,Predators,30,9,6.9,12.300000000000004
40,130,Prey,30,5079,4649.6,5414.3
40,140,Predators,30,9.5,7.9,13.200000000000003
40,140,Prey,30,6390,5915.5,6719.8
40,150,Predators,30,10,7.9,16
40,150,Prey,30,7747.5,7252,8163.4
40,160,Predators,30,11,7.9,16.1
40,160,Prey,30,9087,8555.1,9555
40,170,Predators,30,11,7,17
40,170,Prey,30,10317.5,9829.1,10891.300000000001
40,180,Predators,30,11,7,17.1
40,180,Prey,30,11462.5,10994.4,11955.6
40,190,Predators,30,12.5,7.9,17.1
40,190,Prey,30,12322,11868.4,12695
40,200,Predators,30,13,7.9,18
40,200,Prey,30,12872,12591.5,13183.9
40,210,Predators,30,13,7.9,19
40,210,Prey,30,13177,12895.6,13396.2
40,220,Predators,30,13,7.9,20
40,220,Prey,30,13219.5,13009.9,13414.599999999999
40,230,Predators,30,13.5,8,20.1
40,230,Prey,30,13092,12920.9,13314.699999999999
40,240,Predators,30,14,8.9,20.300000000000004
40,240,Prey,30,12879.5,12573.8,13073.3
40,250,Predators,30,14.5,9,21.300000000000004
40,250,Prey,30,12564,12256.4,12743.1
40,260,Predators,30,15,9,24
40,260,Prey,30,12150,11847.300000000001,12357
40,270,Predators,30,15,9.9,24.200000000000003
40,270,Prey,30,11673.5,11434.3,11901.5
40,280,Predators,30,16,10,26
40,280,Prey,30,11211,10951.300000000001,11421.9
40,290,Predators,30,16.5,10,25.200000000000003
40,290,Prey,30,10658.5,10440.6,10897.4
40,300,Predators,30,16.5,10.9,25.300000000000004
40,300,Prey,30,10103.5,9847.1,10354.6
40,310,Predators,30,16.5,10.8,26.200000000000003
40,310,Prey,30,9524,9288.1,9772.4
40,320,Predators,30,17,10.9,27.300000000000004
40,320,Prey,30,8930,8700.1,9248.300000000001
40,330,Predators,30,18,10.9,30
40,330,Prey,30,8384.5,8185,8604
40,340,Predators,30,19,11,31
40,340,Prey,30,7834.5,7613.4000000000005,8075.4
40,350,Predators,30,19,12,32.1
40,350,Prey,30,7285,7053.1,7478
40,360,Predators,30,20,11.9,33
40,360,Prey,30,6751,6504.6,6946.1
40,370,Predators,30,20,12,34
40,370,Prey,30,6204,5970.1,6442.5
40,380,Predators,30,20,12.9,34.1
40,380,Prey,30,5703,5455.8,5914.2
40,390,Predators,30,21.5,13.8,33.1
40,390,Prey,30,5217.5,5002.3,5446
40,400,Predators,30,22,13.8,34.2
40,400,Prey,30,4771.5,4531.3,4944.1
40,410,Predators,30,21,13.8,34.300000000000004
40,410,Prey,30,4314.5,4143.6,4476.8
40,420,Predators,30,22,13.8,36.1
40,420,Prey,30,3916.5,3751.2,4125.4000000000005
40,430,Predators,30,22.5,13.8,36.1
40,430,Prey,30,3539,3370.6,3712.1
40,440,Predators,30,23,14.8,36.2
40,440,Prey,30,3197.5,3006.9,3334.2
40,450,Predators,30,23.5,14.8,36.300000000000004
40,450,Prey,30,2884,2726.1000000000004,3018.3999999999996
40,460,Predators,30,23,14,37.2
40,460,Prey,30,2589.5,2452.3,2751.4
40,470,Predators,30,24,13.9,37
40,470,Prey,30,2328.5,2163.8,2460.7
40,480,Predators,30,24.5,14,37
40,480,Prey,30,2103.5,1927.2,2209.4
40,490,Predators,30,25.5,14,38.1
40,490,Prey,30,1904,1734.4,1983.5
40,500,Predators,30,25.5,14,38.2
40,500,Prey,30,1733,1551.2,1822.1000000000001
40,510,Predators,30,27,14.9,40.1
40,510,Prey,30,1558.5,1373.7,1646.8000000000002
40,520,Predators,30,28,15.9,41.1
40,520,Prey,30,1415.5,1260,1501.5
40,530,Predators,30,28,15.8,41
40,530,Prey,30,1298.5,1151.5,1379.6000000000001
40,540,Predators,30,28.5,15,41.1
40,540,Prey,30,1182.5,1050.5,1286.1000000000001
40,550,Predators,30,29.5,14.9,42.1
40,550,Prey,30,1088.5,967.4,1185.3000000000002
40,560,Predators,30,31.5,14.9,43
40,560,Prey,30,997,874.6,1103.6000000000001
40,570,Predators,30,31.5,15.8,44.1
40,570,Prey,30,926.5,823.6,1041
40,580,Predators,30,31.5,16.700000000000003,45
40,580,Prey,30,867,770.3000000000001,959.9000000000001
40,590,Predators,30,32,15.700000000000001,45.1
40,590,Prey,30,813.5,735.2,917.7
40,600,Predators,30,32,16.700000000000003,46
40,600,Prey,30,769,703.4,874.4000000000001
40,610,Predators,30,31.5,15.8,48
40,610,Prey,30,736,670.8,828.1000000000001
40,620,Predators,30,31.5,14.9,48.1
40,620,Prey,30,705,649.3,816.6
40,630,Predators,30,31.5,15.9,49
40,630,Prey,30,680.5,617.8000000000001,793.8000000000001
40,640,Predators,30,32.5,16.8,51.1
40,640,Prey,30,668,602.6999999999999,769.9
40,650,Predators,30,33.5,16.9,50
40,650,Prey,30,663,603.8000000000001,762.1
40,660,Predators,30,33.5,17.9,51.1
40,660,Prey,30,657.5,606.8000000000001,748.7
40,670,Predators,30,32.5,17.8,50.2
40,670,Prey,30,663.5,615.8000000000001,753.5
40,680,Predators,30,32,16.9,51.300000000000004
40,680,Prey,30,691,626.5,761.4
40,690,Predators,30,32.5,16,51.2
40,690,Prey,30,714.5,644.7,781.2
40,700,Predators,30,32.5,16,54
40,700,Prey,30,762,691.9,813.0000000000001
40,710,Predators,30,33,17,55
40,710,Prey,30,817,725.5,878.5
40,720,Predators,30,34,17,54.1
40,720,Prey,30,874,789.7,946.2
40,730,Predators,30,33.5,17.9,55
40,730,Prey,30,963,858.6999999999999,1045.4
40,740,Predators,30,34,18.900000000000002,56.1
40,740,Prey,30,1075,971.5,1179.1
40,750,Predators,30,35,19,57.1
40,750,Prey,30,1194.5,1077.7,1325
40,760,Predators,30,34.5,19.9,56.1
40,760,Prey,30,1363.5,1193.7,1488.6000000000001
40,770,Predators,30,35,19.9,58.1
40,770,Prey,30,1540,1331.8,1686.1000000000001
40,780,Predators,30,36.5,20.9,58.300000000000004
40,780,Prey,30,1746,1519.9,1922.3000000000002
40,790,Predators,30,38,20.9,60.60000000000001
40,790,Prey,30,1991.5,1728.8,2171.1000000000004
40,800,Predators,30,39,21.8,61.70000000000001
40,800,Prey,30,2222.5,1958.3,2479.4000000000005
40,810,Predators,30,40,21.8,65.70000000000002
40,810,Prey,30,2498,2205.6,2791.0000000000005
40,820,Predators,30,42.5,22.700000000000003,66.80000000000001
40,820,Prey,30,2784,2466.9,3122.4000000000005
40,830,Predators,30,43,23.9,67.9
40,830,Prey,30,3074.5,2746,3452.6000000000004
40,840,Predators,30,46,25.700000000000003,68.80000000000001
40,840,Prey,30,3388.5,3102.3999999999996,3769.1000000000004
40,850,Predators,30,47.5,26.6,71.60000000000001
40,850,Prey,30,3669,3435,4112.8
40,860,Predators,30,49,26.700000000000003,72.70000000000002
40,860,Prey,30,3939.5,3728.5,4435.9000000000005
40,870,Predators,30,50,27.700000000000003,72.9
40,870,Prey,30,4195,3972.8,4699.200000000001
40,880,Predators,30,50.5,27.700000000000003,74.80000000000001
40,880,Prey,30,4468.5,4138.9,4866
40,890,Predators,30,53,27.8,76.80000000000001
40,890,Prey,30,4647,4274.8,4967.5
40,900,Predators,30,54,29.700000000000003,79.4
40,900,Prey,30,4738.5,4418.8,5024.9
40,910,Predators,30,54,29,78.5
40,910,Prey,30,4771.5,4394.7,5028.7
40,920,Predators,30,53,29.9,76.60000000000001
40,920,Prey,30,4745.5,4371.9000000000005,4958.9000000000005
40,930,Predators,30,53.5,31,78.9
40,930,Prey,30,4646.5,4346.6,4868.700000000001
40,940,Predators,30,54.5,34.900000000000006,80.70000000000002
40,940,Prey,30,4548.5,4280.2,4702.1
40,950,Predators,30,58,34,79.10000000000002
40,950,Prey,30,4369,4087.7999999999997,4547.3
40,960,Predators,30,58,34.800000000000004,82.70000000000002
40,960,Prey,30,4174,3886.6,4390
40,970,Predators,30,59.5,35.8,81.90000000000002
40,970,Prey,30,3952,3673.9,4195.8
40,980,Predators,30,62,35,82.80000000000001
40,980,Prey,30,3728.5,3467.2,3946.9
40,990,Predators,30,63,34.900000000000006,86.70000000000002
40,990,Prey,30,3465,3209.5,3699.8999999999996
40,1000,Predators,30,65,36.9,86.60000000000001
40,1000,Prey,30,3234,2993.2,3478.8
40,1010,Predators,30,65,37.900000000000006,84.80000000000001
40,1010,Prey,30,3017.5,2793.7,3225
40,1020,Predators,30,64,37.7,86.5
40,1020,Prey,30,2839,2613,3018.4
40,1030,Predators,30,65.5,38.6,85.80000000000001
40,1030,Prey,30,2655,2431.2000000000003,2826
40,1040,Predators,30,66.5,40.6,89.60000000000002
40,1040,Prey,30,2457,2223,2656
40,1050,Predators,30,67,41.599999999999994,89.60000000000002
40,1050,Prey,30,2274.5,2036.5,2478.6
40,1060,Predators,30,66.5,41.699999999999996,88.70000000000002
40,1060,Prey,30,2109,1873.6,2314.3
40,1070,Predators,30,67.5,44.2,89.70000000000002
40,1070,Prey,30,1953,1742,2163.7
40,1080,Predators,30,69.5,46.400000000000006,92
40,1080,Prey,30,1821,1605.6000000000001,2023.2
40,1090,Predators,30,71,46.400000000000006,92.4
40,1090,Prey,30,1692.5,1475.1,1890.1
40,1100,Predators,30,73,45.400000000000006,94.4
40,1100,Prey,30,1578.5,1376.6000000000001,1779.3
40,1110,Predators,30,73,46.5,94.80000000000001
40,1110,Prey,30,1475,1273.1999999999998,1690.3
40,1120,Predators,30,74,47.300000000000004,97.60000000000002
40,1120,Prey,30,1388.5,1175.8999999999999,1584.3
40,1130,Predators,30,74,48.4,98.80000000000001
40,1130,Prey,30,1305.5,1107.6000000000001,1500.0000000000002
40,1140,Predators,30,74.5,49.5,98.80000000000001
40,1140,Prey,30,1241,1030.2,1431.2000000000003
40,1150,Predators,30,76,49.5,97.10000000000002
40,1150,Prey,30,1186,1002.1,1359.2000000000003
40,1160,Predators,30,78,50.2,98.80000000000001
40,1160,Prey,30,1139.5,955.2,1318
40,1170,Predators,30,77,52.1,106.2
40,1170,Prey,30,1084.5,939.3,1279.6
40,1180,Predators,30,76.5,53.00000000000001,106.4
40,1180,Prey,30,1051.5,937.2,1232.7
40,1190,Predators,30,76.5,53.10000000000001,106.1
40,1190,Prey,30,1017,908.7,1206.8999999999999
40,1200,Predators,30,76.5,53.10000000000001,107.1
40,1200,Prey,30,997.5,900,1185.1000000000001
40,1210,Predators,30,77,53.10000000000001,109
40,1210,Prey,30,987,892.5999999999999,1164.1000000000001
40,1220,Predators,30,78.5,54.10000000000001,107.4
40,1220,Prey,30,981,884,1159.3999999999999
40,1230,Predators,30,79.5,54.10000000000001,108.60000000000001
40,1230,Prey,30,987,881.0999999999999,1174.3000000000002
40,1240,Predators,30,78.5,54.300000000000004,111.19999999999999
40,1240,Prey,30,1003,883.2,1179.3000000000002
40,1250,Predators,30,79.5,56.2,109.70000000000002
40,1250,Prey,30,1015.5,910.1,1201.4
40,1260,Predators,30,81,55.6,112.4
40,1260,Prey,30,1047.5,941.5,1224.9
40,1270,Predators,30,82.5,56.6,113.50000000000001
40,1270,Prey,30,1093.5,960.5,1256.8000000000002
40,1280,Predators,30,84.5,56.9,114.60000000000001
40,1280,Prey,30,1141,1040.2,1317
40,1290,Predators,30,84.5,56.8,116.30000000000001
40,1290,Prey,30,1217.5,1080.4,1405.8
40,1300,Predators,30,85.5,58.7,118.2
40,1300,Prey,30,1287.5,1131.9,1492.4
40,1310,Predators,30,88,58.800000000000004,119.19999999999999
40,1310,Prey,30,1373,1233.2,1576.1
40,1320,Predators,30,89,59,119.6
40,1320,Prey,30,1490.5,1301.1,1685.4
40,1330,Predators,30,90.5,58.900000000000006,118.70000000000002
40,1330,Prey,30,1616.5,1421.3999999999999,1791.4
40,1340,Predators,30,91.5,59.7,123.3
40,1340,Prey,30,1768,1549.3,1963.6
40,1350,Predators,30,94,60.7,123.4
40,1350,Prey,30,1897,1669.4,2104.8
40,1360,Predators,30,97,64.3,125.20000000000002
40,1360,Prey,30,2063,1817.3000000000002,2284.6000000000004
40,1370,Predators,30,98,63.6,126.30000000000001
40,1370,Prey,30,2218.5,1986.7,2495.8
40,1380,Predators,30,100.5,68.1,125.60000000000002
40,1380,Prey,30,2406.5,2122.5,2744.3999999999996
40,1390,Predators,30,102.5,68.7,124.9
40,1390,Prey,30,2576,2263.5,2995.2000000000003
40,1400,Predators,30,104,70.7,128.8
40,1400,Prey,30,2754.5,2450.4,3174
40,1410,Predators,30,105.5,75.30000000000001,132.60000000000002
40,1410,Prey,30,2926,2614.5,3413
40,1420,Predators,30,107.5,76.1,135.2
40,1420,Prey,30,3103,2766.2000000000003,3587.3
40,1430,Predators,30,109.5,80.7,138.3
40,1430,Prey,30,3282.5,2917.7999999999997,3806.6
40,1440,Predators,30,112,85.2,143
40,1440,Prey,30,3449,3062.6000000000004,3990.9
40,1450,Predators,30,114,86.5,146.10000000000002
40,1450,Prey,30,3590.5,3173.2000000000003,4105.700000000001
40,1460,Predators,30,115.5,88.3,148.1
40,1460,Prey,30,3665.5,3254.7999999999997,4143.3
40,1470,Predators,30,113.5,90.10000000000001,145.8
40,1470,Prey,30,3748,3351.7,4129.200000000001
40,1480,Predators,30,117.5,90.9,144.9
40,1480,Prey,30,3777.5,3385.7000000000003,4104.6
40,1490,Predators,30,118.5,91.9,149.20000000000002
40,1490,Prey,30,3779.5,3375.6,4024.1
40,1500,Predators,30,120,92.10000000000001,151.6
40,1500,Prey,30,3769,3431.9,4001.3999999999996
40,1510,Predators,30,120.5,96,150.9
40,1510,Prey,30,3755,3387.5,3895.2
40,1520,Predators,30,122,95.20000000000002,151.6
40,1520,Prey,30,3700.5,3329.5,3854.6000000000004
40,1530,Predators,30,122.5,92.50000000000001,153.4
40,1530,Prey,30,3594,3257.1,3806.3
40,1540,Predators,30,124,93.6,153.3
40,1540,Prey,30,3476,3148.1,3731.5
40,1550,Predators,30,127,97.9,156.1
40,1550,Prey,30,3341.5,3042.5,3627.7
40,1560,Predators,30,126,96.70000000000002,157.20000000000002
40,1560,Prey,30,3213,2921.7,3508.1
40,1570,Predators,30,125.5,95.80000000000001,155.5
40,1570,Prey,30,3040.5,2801.5,3391.3
40,1580,Predators,30,126.5,96.80000000000001,157.60000000000002
40,1580,Prey,30,2881,2657.8999999999996,3259.2999999999997
40,1590,Predators,30,127,95.80000000000001,160.5
40,1590,Prey,30,2752.5,2522.9,3119.8
40,1600,Predators,30,128,97.6,158.7
40,1600,Prey,30,2612.5,2383,3005.6
40,1610,Predators,30,131,97.5,160.4
40,1610,Prey,30,2497,2253,2906
40,1620,Predators,30,130.5,96.50000000000001,162.3
40,1620,Prey,30,2380.5,2136.2,2781.1
40,1630,Predators,30,130,98.7,159.6
40,1630,Prey,30,2277,2028.2,2652.8999999999996
40,1640,Predators,30,132,96,159.7
40,1640,Prey,30,2168.5,1906.2,2509.9
40,1650,Predators,30,132.5,95.20000000000002,159.4
40,1650,Prey,30,2070.5,1822.8,2388.5
40,1660,Predators,30,134,94.5,162.10000000000002
40,1660,Prey,30,1995.5,1750.1,2278.4
40,1670,Predators,30,134.5,95.50000000000001,162
40,1670,Prey,30,1944,1648.3000000000002,2160.2000000000003
40,1680,Predators,30,134,96.4,161.3
40,1680,Prey,30,1861,1538.7,2101
40,1690,Predators,30,133,97.4,157.70000000000002
40,1690,Prey,30,1757.5,1437.7,2047.5
40,1700,Predators,30,136,96.4,156.4
40,1700,Prey,30,1659.5,1355.8000000000002,1963
40,1710,Predators,30,132.5,101,158.5
40,1710,Prey,30,1594.5,1306.7,1904.6
40,1720,Predators,30,133,101.1,158
40,1720,Prey,30,1533,1259.8,1838.5
40,1730,Predators,30,134.5,103.00000000000001,160.1
40,1730,Prey,30,1466.5,1218.1,1807.4
40,1740,Predators,30,134.5,102.10000000000001,160
40,1740,Prey,30,1426,1189,1769.6
40,1750,Predators,30,137,99.2,162
40,1750,Prey,30,1391.5,1178.9,1714.8
40,1760,Predators,30,138,100.4,163.2
40,1760,Prey,30,1366,1154.3000000000002,1658.4
40,1770,Predators,30,137.5,102.60000000000001,163.1
40,1770,Prey,30,1345.5,1122.2,1620
40,1780,Predators,30,137.5,102.80000000000001,165
40,1780,Prey,30,1332.5,1128.3,1586.6
40,1790,Predators,30,139,103.9,164.2
40,1790,Prey,30,1319,1132.8000000000002,1566.7
40,1800,Predators,30,140,105,165
40,1800,Prey,30,1341,1123.2,1547.3000000000002
40,1810,Predators,30,138.5,104.2,164.2
40,1810,Prey,30,1343.5,1159.3999999999999,1546.7
40,1820,Predators,30,140.5,103.6,162.40000000000003
40,1820,Prey,30,1376.5,1186.3000000000002,1550.6999999999998
40,1830,Predators,30,140.5,101,165.20000000000002
40,1830,Prey,30,1396.5,1211.4,1542.2
40,1840,Predators,30,140,101,162.90000000000003
40,1840,Prey,30,1429.5,1224,1550.1
40,1850,Predators,30,142.5,101,163.9
40,1850,Prey,30,1456.5,1264.6,1570.3
40,1860,Predators,30,142,100,162.60000000000002
40,1860,Prey,30,1528,1268.8,1611.6000000000001
40,1870,Predators,30,142.5,102.89999999999999,162.60000000000002
40,1870,Prey,30,1548,1321.1,1671.7
40,1880,Predators,30,143.5,105.89999999999999,164.60000000000002
40,1880,Prey,30,1596,1373.1,1738.8000000000002
40,1890,Predators,30,146,112.30000000000001,164.70000000000002
40,1890,Prey,30,1647,1440.3,1843.2000000000003
40,1900,Predators,30,149.5,113.4,167.7
40,1900,Prey,30,1721,1520.9,2011.4
40,1910,Predators,30,148.5,115.5,171.4
40,1910,Prey,30,1787,1600.3000000000002,2126.2000000000003
40,1920,Predators,30,151,113.8,174.5
40,1920,Prey,30,1874.5,1654.8999999999999,2214.8
40,1930,Predators,30,153.5,113.8,172.5
40,1930,Prey,30,1938,1751.8000000000002,2292.5000000000005
40,1940,Predators,30,152,111.8,172.3
40,1940,Prey,30,2030,1799.9,2376.1000000000004
40,1950,Predators,30,153,113.8,171.1
40,1950,Prey,30,2142,1899.6,2470.3
40,1960,Predators,30,154.5,118.69999999999999,170.50000000000003
40,1960,Prey,30,2241.5,2020.8000000000002,2587.3
40,1970,Predators,30,159,119.6,174.2
40,1970,Prey,30,2336,2100.8,2709
40,1980,Predators,30,160.5,119.8,174.5
40,1980,Prey,30,2439,2162.4,2844.3
40,1990,Predators,30,158.5,121.7,176.60000000000002
40,1990,Prey,30,2527.5,2269.3,2997.1000000000004
40,2000,Predators,30,159.5,123.7,182.1
40,2000,Prey,30,2629,2379.7,3143.4
40,2010,Predators,30,164.5,129.6,187.4
40,2010,Prey,30,2465,2204.5,2901.5
40,2020,Predators,30,171.5,135.8,194.3
40,2020,Prey,30,2316.5,2061,2719.3
40,2030,Predators,30,179,137.9,202.3
40,2030,Prey,30,2177,1953.9,2543.8
40,2040,Predators,30,187.5,144.9,208.4
40,2040,Prey,30,2088,1850.7,2430.9
40,2050,Predators,30,194,150,217.20000000000002
40,2050,Prey,30,1975.5,1774.3,2327.4
40,2060,Predators,30,198.5,153.9,225
40,2060,Prey,30,1879.5,1668,2136.3
40,2070,Predators,30,206.5,161.60000000000002,229
40,2070,Prey,30,1779,1534.3000000000002,1976.7000000000003
40,2080,Predators,30,213,164.8,240.1
40,2080,Prey,30,1669.5,1420.5,1877.8000000000002
40,2090,Predators,30,216.5,169.6,243
40,2090,Prey,30,1529,1301.7,1735.7
40,2100,Predators,30,220.5,176.3,250.20000000000002
40,2100,Prey,30,1398,1207.6000000000001,1610.1000000000001
40,2110,Predators,30,220,180,254
40,2110,Prey,30,1297,1134.7,1507.1
40,2120,Predators,30,225,179.79999999999998,258.3
40,2120,Prey,30,1175,1029.8,1387
40,2130,Predators,30,225.5,181.7,260
40,2130,Prey,30,1081.5,969.6,1290.8
40,2140,Predators,30,228.5,184.6,259.6
40,2140,Prey,30,992,917.1999999999999,1195
40,2150,Predators,30,227.5,187.70000000000002,258.20000000000005
40,2150,Prey,30,928,841.3,1123.6
40,2160,Predators,30,224.5,189.39999999999998,256.6
40,2160,Prey,30,873,758.2,1045.5
40,2170,Predators,30,225.5,191.9,252.5
40,2170,Prey,30,827.5,691.1,979.1
40,2180,Predators,30,223.5,184.5,248.3
40,2180,Prey,30,761,613.4,904.4
40,2190,Predators,30,219,178.39999999999998,243
40,2190,Prey,30,699,559.7,858.4
40,2200,Predators,30,215.5,182.90000000000003,236.3
40,2200,Prey,30,646.5,485.29999999999995,809.6000000000001
40,2210,Predators,30,207.5,179.2,232.2
40,2210,Prey,30,617.5,452,782.5
40,2220,Predators,30,201.5,180.10000000000002,229.4
40,2220,Prey,30,598.5,419.5,739.8000000000001
40,2230,Predators,30,196,172.79999999999998,221.70000000000002
40,2230,Prey,30,578,387.6,695.1
40,2240,Predators,30,193,167.89999999999998,218.10000000000002
40,2240,Prey,30,556,361.5,668.4000000000001
40,2250,Predators,30,186.5,163,207
40,2250,Prey,30,525.5,352.9,645.8000000000001
40,2260,Predators,30,178,152.79999999999998,196.2
40,2260,Prey,30,509.5,352.7,611.1
40,2270,Predators,30,168.5,145.9,185.3
40,2270,Prey,30,490.5,342.4,617.1
40,2280,Predators,30,161,141.3,179
40,2280,Prey,30,491.5,341.6,620.5
40,2290,Predators,30,152.5,135.9,171.1
40,2290,Prey,30,478,325.6,646.0000000000001
40,2300,Predators,30,145.5,128.6,166
40,2300,Prey,30,484,324.40000000000003,655.9000000000001
40,2310,Predators,30,142,119.10000000000001,163.2
40,2310,Prey,30,496,338.5,663.6000000000001
40,2320,Predators,30,137,106.9,155.2
40,2320,Prey,30,504.5,351.40000000000003,672.7
40,2330,Predators,30,131,90.9,152.1
40,2330,Prey,30,521.5,360.9,698.4000000000001
40,2340,Predators,30,127,86.89999999999999,149.3
40,2340,Prey,30,539,369.1,740.5
40,2350,Predators,30,123,83.8,144.2
40,2350,Prey,30,572,390.8,766.0000000000001
40,2360,Predators,30,119,80.7,141
40,2360,Prey,30,605.5,430.1,822.4000000000001
40,2370,Predators,30,116.5,74.7,138.1
40,2370,Prey,30,640.5,460.90000000000003,902.3000000000001
40,2380,Predators,30,112,67.9,133.70000000000002
40,2380,Prey,30,692,482.1,968.2
40,2390,Predators,30,109,68.7,130.10000000000002
40,2390,Prey,30,748,518.6,1034.7
40,2400,Predators,30,108,70.60000000000001,131.4
40,2400,Prey,30,812,592.9000000000001,1084.8
40,2410,Predators,30,108,67.8,130.5
40,2410,Prey,30,876,656.7,1123.9
40,2420,Predators,30,105.5,65.8,128.10000000000002
40,2420,Prey,30,953,718,1204.9
40,2430,Predators,30,105,63.7,127.20000000000002
40,2430,Prey,30,1048.5,767.5,1277.8999999999999
40,2440,Predators,30,105.5,63.8,127.00000000000003
40,2440,Prey,30,1154.5,860.3000000000001,1364.2000000000003
40,2450,Predators,30,106.5,64.8,128.30000000000004
40,2450,Prey,30,1255,965.2,1503.1
40,2460,Predators,30,107.5,64.9,130.70000000000005
40,2460,Prey,30,1338.5,1068.1000000000001,1621.8000000000002
40,2470,Predators,30,108.5,66,134.30000000000004
40,2470,Prey,30,1423,1128.2,1733.6
40,2480,Predators,30,110,65.7,141.60000000000002
40,2480,Prey,30,1498.5,1220.2,1865.1000000000001
40,2490,Predators,30,109,65.7,145.3
40,2490,Prey,30,1622.5,1319.5,1975.6
40,2500,Predators,30,109.5,69.7,149.8
40,2500,Prey,30,1758,1384.4,2097.4
40,2510,Predators,30,110,70.8,153
40,2510,Prey,30,1881.5,1450.7,2221.5
40,2520,Predators,30,112.5,71,158.2
40,2520,Prey,30,1965.5,1538.6000000000001,2399.3
40,2530,Predators,30,119.5,71.7,163
40,2530,Prey,30,2020,1605.8000000000002,2501.3
40,2540,Predators,30,123.5,78.5,164.60000000000002
40,2540,Prey,30,2065.5,1668.5,2549.4
40,2550,Predators,30,128.5,79.8,167.3
40,2550,Prey,30,2099.5,1758.7,2621.2
40,2560,Predators,30,133,85.60000000000001,171.1
40,2560,Prey,30,2110,1820.1,2707.5
40,2570,Predators,30,139.5,90.4,175.1
40,2570,Prey,30,2153,1834.7,2769.7999999999997
40,2580,Predators,30,142.5,93.4,180.4
40,2580,Prey,30,2162.5,1838.7,2862
40,2590,Predators,30,146,93.60000000000001,186.3
40,2590,Prey,30,2142,1871.5,2823.7000000000003
40,2600,Predators,30,152.5,97.3,187.7
40,2600,Prey,30,2138,1917.8000000000002,2772
40,2610,Predators,30,159,100.80000000000001,195.3
40,2610,Prey,30,2133,1892,2769.4
40,2620,Predators,30,162.5,106.9,200.1
40,2620,Prey,30,2114,1863.5,2819.0000000000005
40,2630,Predators,30,167.5,110,206.5
40,2630,Prey,30,2124,1788.5,2802.2
40,2640,Predators,30,171.5,113,209.5
40,2640,Prey,30,2078,1735,2690.2
40,2650,Predators,30,175.5,117,216.5
40,2650,Prey,30,2050.5,1659.9,2567.6
40,2660,Predators,30,182.5,118.39999999999999,226.10000000000002
40,2660,Prey,30,1984,1558.3,2423.6
40,2670,Predators,30,188,125.9,227.3
40,2670,Prey,30,1875,1479.8,2325.5
40,2680,Predators,30,192.5,130.6,230.29999999999998
40,2680,Prey,30,1797.5,1445,2200
40,2690,Predators,30,193,134.1,231.6
40,2690,Prey,30,1706,1373.6999999999998,2102.1
40,2700,Predators,30,198,134.4,238.29999999999998
40,2700,Prey,30,1607,1341.9,2004.9
40,2710,Predators,30,206.5,139.3,238.1
40,2710,Prey,30,1511.5,1286.4,1928.6
40,2720,Predators,30,209.5,139.8,236
40,2720,Prey,30,1438.5,1246.9,1839.5
40,2730,Predators,30,212,142.79999999999998,233.90000000000003
40,2730,Prey,30,1373.5,1172.1000000000001,1739.4
40,2740,Predators,30,215.5,145.8,241.20000000000002
40,2740,Prey,30,1279.5,1105.2,1623
40,2750,Predators,30,215.5,149.9,240.1
40,2750,Prey,30,1211,999.7,1529.6
40,2760,Predators,30,216.5,155,242
40,2760,Prey,30,1131,942.9000000000001,1449
40,2770,Predators,30,217,159.7,241.10000000000002
40,2770,Prey,30,1060.5,883.5,1342.9
40,2780,Predators,30,219,164.6,245.10000000000002
40,2780,Prey,30,997,833.5,1278.4
40,2790,Predators,30,219,167.5,244.2
40,2790,Prey,30,924,759.1,1202
40,2800,Predators,30,220,170.3,245.20000000000002
40,2800,Prey,30,861.5,721.3000000000001,1135.1000000000001
40,2810,Predators,30,219.5,168.6,248.1
40,2810,Prey,30,837,696.0000000000001,1070.2
40,2820,Predators,30,224,167,246
40,2820,Prey,30,788,667.2,1019.5
40,2830,Predators,30,222,166.8,247.1
40,2830,Prey,30,737.5,616.5,946.8
40,2840,Predators,30,220.5,166.8,241.3
40,2840,Prey,30,704,585.8,886.6
40,2850,Predators,30,219,167.79999999999998,238.29999999999998
40,2850,Prey,30,675,566.9000000000001,837.1
40,2860,Predators,30,215,162.5,231.8
40,2860,Prey,30,649,532.2,780.2000000000002
40,2870,Predators,30,206,157.39999999999998,225.10000000000002
40,2870,Prey,30,645,509.70000000000005,766
40,2880,Predators,30,200.5,147.7,220.3
40,2880,Prey,30,619,485.4,747
40,2890,Predators,30,194,137,218
40,2890,Prey,30,593,462.7,768.5
40,2900,Predators,30,193,133.9,212
40,2900,Prey,30,593.5,444,774.2
40,2910,Predators,30,188,127.8,204
40,2910,Prey,30,577,432.1,770.1
40,2920,Predators,30,181.5,122.7,199.1
40,2920,Prey,30,552,423.3,781.1999999999999
40,2930,Predators,30,170,114.7,192.3
40,2930,Prey,30,550,428.7,805.1
40,2940,Predators,30,159.5,111.5,190.39999999999998
40,2940,Prey,30,558.5,448.2,811.5
40,2950,Predators,30,153,110.9,193
40,2950,Prey,30,577,444.70000000000005,814.7
40,2960,Predators,30,148.5,107.10000000000001,189.10000000000002
40,2960,Prey,30,591,474,828.9000000000001
40,2970,Predators,30,144,104.60000000000001,186.40000000000003
40,2970,Prey,30,618,487,839.7
40,2980,Predators,30,139.5,100.9,181.20000000000002
40,2980,Prey,30,638.5,511.7,850.0000000000001
40,2990,Predators,30,138.5,98.9,179.2
40,2990,Prey,30,669.5,524.7,888.7
40,3000,Predators,30,137.5,97.4,178
40,3000,Prey,30,726,549.8000000000001,927.4000000000001
45,0,Predators,30,10,10,10
45,0,Prey,30,100,100,100
45,10,Predators,30,10,10,10
45,10,Prey,30,109,105,113.10000000000001
45,20,Predators,30,10,10,11
45,20,Prey,30,140.5,131.9,149.4
45,30,Predators,30,10,10,11
45,30,Prey,30,199.5,181.9,210.70000000000002
45,40,Predators,30,10,10,11
45,40,Prey,30,285,260.4,307.3
45,50,Predators,30,10,10,11.100000000000001
45,50,Prey,30,406,374.4,446.1
45,60,Predators,30,10,10,11.100000000000001
45,60,Prey,30,579.5,532.8000000000001,635.4000000000001
45,70,Predators,30,10.5,10,12
45,70,Prey,30,824,744,904.4
45,80,Predators,30,8,6,10.100000000000001
45,80,Prey,30,1164.5,1039.7,1256.1000000000001
45,90,Predators,30,8,6,10.100000000000001
45,90,Prey,30,1603,1428.3000000000002,1717.9
45,100,Predators,30,8,6,10.100000000000001
45,100,Prey,30,2200,2006.6000000000001,2359.4
45,110,Predators,30,9,6,11
45,110,Prey,30,2956,2744,3182.6000000000004
45,120,Predators,30,9,6.9,11.100000000000001
45,120,Prey,30,3924,3585.8,4200.4000000000005
45,130,Predators,30,9,6.9,12.300000000000004
45,130,Prey,30,5079,4649.6,5414.3
45,140,Predators,30,9.5,7.9,13.200000000000003
45,140,Prey,30,6390,5915.5,6719.8
45,150,Predators,30,10,7.9,16
45,150,Prey,30,7747.5,7252,8163.4
45,160,Predators,30,11,7.9,16.1
45,160,Prey,30,9087,8555.1,9555
45,170,Predators,30,11,7,17
45,170,Prey,30,10317.5,9829.1,10891.300000000001
45,180,Predators,30,11,7,17.1
45,180,Prey,30,11462.5,10994.4,11955.6
45,190,Predators,30,12.5,7.9,17.1
45,190,Prey,30,12322,11868.4,12695
45,200,Predators,30,13,7.9,18
45,200,Prey,30,12872,12591.5,13183.9
45,210,Predators,30,13,7.9,19
45,210,Prey,30,13177,12895.6,13396.2
45,220,Predators,30,13,7.9,20
45,220,Prey,30,13219.5,13009.9,13414.599999999999
45,230,Predators,30,13.5,8,20.1
45,230,Prey,30,13092,12920.9,13314.699999999999
45,240,Predators,30,14,8.9,20.300000000000004
45,240,Prey,30,12879.5,12573.8,13073.3
45,250,Predators,30,14.5,9,21.300000000000004
45,250,Prey,30,12564,12256.4,12743.1
45,260,Predators,30,15,9,24
45,260,Prey,30,12150,11847.300000000001,12357
45,270,Predators,30,15,9.9,24.200000000000003
45,270,Prey,30,11673.5,11434.3,11901.5
45,280,Predators,30,16,10,26
45,280,Prey,30,11211,10951.300000000001,11421.9
45,290,Predators,30,16.5,10,25.200000000000003
45,290,Prey,30,10658.5,10440.6,10897.4
45,300,Predators,30,16.5,10.9,25.300000000000004
45,300,Prey,30,10103.5,9847.1,10354.6
45,310,Predators,30,16.5,10.8,26.200000000000003
45,310,Prey,30,9524,9288.1,9772.4
45,320,Predators,30,17,10.9,27.300000000000004
45,320,Prey,30,8930,8700.1,9248.300000000001
45,330,Predators,30,18,10.9,30
45,330,Prey,30,8384.5,8185,8604
45,340,Predators,30,19,11,31
45,340,Prey,30,7834.5,7613.4000000000005,8075.4
45,350,Predators,30,19,12,32.1
45,350,Prey,30,7285,7053.1,7478
45,360,Predators,30,20,11.9,33
45,360,Prey,30,6751,6504.6,6946.1
45,370,Predators,30,20,12,34
45,370,Prey,30,6204,5970.1,6442.5
45,380,Predators,30,20,12.9,34.1
45,380,Prey,30,5703,5455.8,5914.2
45,390,Predators,30,21.5,13.8,33.1
45,390,Prey,30,5217.5,5002.3,5446
45,400,Predators,30,22,13.8,34.2
45,400,Prey,30,4771.5,4531.3,4944.1
45,410,Predators,30,21,13.8,34.300000000000004
45,410,Prey,30,4314.5,4143.6,4476.8
45,420,Predators,30,22,13.8,36.1
45,420,Prey,30,3916.5,3751.2,4125.4000000000005
45,430,Predators,30,22.5,13.8,36.1
45,430,Prey,30,3539,3370.6,3712.1
45,440,Predators,30,23,14.8,36.2
45,440,Prey,30,3197.5,3006.9,3334.2
45,450,Predators,30,23.5,14.8,36.300000000000004
45,450,Prey,30,2884,2726.1000000000004,3018.3999999999996
45,460,Predators,30,23,14,37.2
45,460,Prey,30,2589.5,2452.3,2751.4
45,470,Predators,30,24,13.9,37
45,470,Prey,30,2328.5,2163.8,2460.7
45,480,Predators,30,24.5,14,37
45,480,Prey,30,2103.5,1927.2,2209.4
45,490,Predators,30,25.5,14,38.1
45,490,Prey,30,1904,1734.4,1983.5
45,500,Predators,30,25.5,14,38.2
45,500,Prey,30,1733,1551.2,1822.1000000000001
45,510,Predators,30,27,14.9,40.1
45,510,Prey,30,1558.5,1373.7,1646.8000000000002
45,520,Predators,30,28,15.9,41.1
45,520,Prey,30,1415.5,1260,1501.5
45,530,Predators,30,28,15.8,41
45,530,Prey,30,1298.5,1151.5,1379.6000000000001
45,540,Predators,30,28.5,15,41.1
45,540,Prey,30,1182.5,1050.5,1286.1000000000001
45,550,Predators,30,29.5,14.9,42.1
45,550,Prey,30,1088.5,967.4,1185.3000000000002
45,560,Predators,30,31.5,14.9,43
45,560,Prey,30,997,874.6,1103.6000000000001
45,570,Predators,30,31.5,15.8,44.1
45,570,Prey,30,926.5,823.6,1041
45,580,Predators,30,31.5,16.700000000000003,45
45,580,Prey,30,867,770.3000000000001,959.9000000000001
45,590,Predators,30,32,15.700000000000001,45.1
45,590,Prey,30,813.5,735.2,917.7
45,600,Predators,30,32,16.700000000000003,46
45,600,Prey,30,769,703.4,874.4000000000001
45,610,Predators,30,31.5,15.8,48
45,610,Prey,30,736,670.8,828.1000000000001
45,620,Predators,30,31.5,14.9,48.1
45,620,Prey,30,705,649.3,816.6
45,630,Predators,30,31.5,15.9,49
45,630,Prey,30,680.5,617.8000000000001,793.8000000000001
45,640,Predators,30,32.5,16.8,51.1
45,640,Prey,30,668,602.6999999999999,769.9
45,650,Predators,30,33.5,16.9,50
45,650,Prey,30,663,603.8000000000001,762.1
45,660,Predators,30,33.5,17.9,51.1
45,660,Prey,30,657.5,606.8000000000001,748.7
45,670,Predators,30,32.5,17.8,50.2
45,670,Prey,30,663.5,615.8000000000001,753.5
45,680,Predators,30,32,16.9,51.300000000000004
45,680,Prey,30,691,626.5,761.4
45,690,Predators,30,32.5,16,51.2
45,690,Prey,30,714.5,644.7,781.2
45,700,Predators,30,32.5,16,54
45,700,Prey,30,762,691.9,813.0000000000001
45,710,Predators,30,33,17,55
45,710,Prey,30,817,725.5,878.5
45,720,Predators,30,34,17,54.1
45,720,Prey,30,874,789.7,946.2
45,730,Predators,30,33.5,17.9,55
45,730,Prey,30,963,858.6999999999999,1045.4
45,740,Predators,30,34,18.900000000000002,56.1
45,740,Prey,30,1075,971.5,1179.1
45,750,Predators,30,35,19,57.1
45,750,Prey,30,1194.5,1077.7,1325
45,760,Predators,30,34.5,19.9,56.1
45,760,Prey,30,1363.5,1193.7,1488.6000000000001
45,770,Predators,30,35,19.9,58.1
45,770,Prey,30,1540,1331.8,1686.1000000000001
45,780,Predators,30,36.5,20.9,58.300000000000004
45,780,Prey,30,1746,1519.9,1922.3000000000002
45,790,Predators,30,38,20.9,60.60000000000001
45,790,Prey,30,1991.5,1728.8,2171.1000000000004
45,800,Predators,30,39,21.8,61.70000000000001
45,800,Prey,30,2222.5,1958.3,2479.4000000000005
45,810,Predators,30,40,21.8,65.70000000000002
45,810,Prey,30,2498,2205.6,2791.0000000000005
45,820,Predators,30,42.5,22.700000000000003,66.80000000000001
45,820,Prey,30,2784,2466.9,3122.4000000000005
45,830,Predators,30,43,23.9,67.9
45,830,Prey,30,3074.5,2746,3452.6000000000004
45,840,Predators,30,46,25.700000000000003,68.80000000000001
45,840,Prey,30,3388.5,3102.3999999999996,3769.1000000000004
45,850,Predators,30,47.5,26.6,71.60000000000001
45,850,Prey,30,3669,3435,4112.8
45,860,Predators,30,49,26.700000000000003,72.70000000000002
45,860,Prey,30,3939.5,3728.5,4435.9000000000005
45,870,Predators,30,50,27.700000000000003,72.9
45,870,Prey,30,4195,3972.8,4699.200000000001
45,880,Predators,30,50.5,27.700000000000003,74.80000000000001
45,880,Prey,30,4468.5,4138.9,4866
45,890,Predators,30,53,27.8,76.80000000000001
45,890,Prey,30,4647,4274.8,4967.5
45,900,Predators,30,54,29.700000000000003,79.4
45,900,Prey,30,4738.5,4418.8,5024.9
45,910,Predators,30,54,29,78.5
45,910,Prey,30,4771.5,4394.7,5028.7
45,920,Predators,30,53,29.9,76.60000000000001
45,920,Prey,30,4745.5,4371.9000000000005,4958.9000000000005
45,930,Predators,30,53.5,31,78.9
45,930,Prey,30,4646.5,4346.6,4868.700000000001
45,940,Predators,30,54.5,34.900000000000006,80.70000000000002
45,940,Prey,30,4548.5,4280.2,4702.1
45,950,Predators,30,58,34,79.10000000000002
45,950,Prey,30,4369,4087.7999999999997,4547.3
45,960,Predators,30,58,34.800000000000004,82.70000000000002
45,960,Prey,30,4174,3886.6,4390
45,970,Predators,30,59.5,35.8,81.90000000000002
45,970,Prey,30,3952,3673.9,4195.8
45,980,Predators,30,62,35,82.80000000000001
45,980,Prey,30,3728.5,3467.2,3946.9
45,990,Predators,30,63,34.900000000000006,86.70000000000002
45,990,Prey,30,3465,3209.5,3699.8999999999996
45,1000,Predators,30,65,36.9,86.60000000000001
45,1000,Prey,30,3234,2993.2,3478.8
45,1010,Predators,30,65,37.900000000000006,84.80000000000001
45,1010,Prey,30,3017.5,2793.7,3225
45,1020,Predators,30,64,37.7,86.5
45,1020,Prey,30,2839,2613,3018.4
45,1030,Predators,30,65.5,38.6,85.80000000000001
45,1030,Prey,30,2655,2431.2000000000003,2826
45,1040,Predators,30,66.5,40.6,89.60000000000002
45,1040,Prey,30,2457,2223,2656
45,1050,Predators,30,67,41.599999999999994,89.60000000000002
45,1050,Prey,30,2274.5,2036.5,2478.6
45,1060,Predators,30,66.5,41.699999999999996,88.70000000000002
45,1060,Prey,30,2109,1873.6,2314.3
45,1070,Predators,30,67.5,44.2,89.70000000000002
45,1070,Prey,30,1953,1742,2163.7
45,1080,Predators,30,69.5,46.400000000000006,92
45,1080,Prey,30,1821,1605.6000000000001,2023.2
45,1090,Predators,30,71,46.400000000000006,92.4
45,1090,Prey,30,1692.5,1475.1,1890.1
45,1100,Predators,30,73,45.400000000000006,94.4
45,1100,Prey,30,1578.5,1376.6000000000001,1779.3
45,1110,Predators,30,73,46.5,94.80000000000001
45,1110,Prey,30,1475,1273.1999999999998,1690.3
45,1120,Predators,30,74,47.300000000000004,97.60000000000002
45,1120,Prey,30,1388.5,1175.8999999999999,1584.3
45,1130,Predators,30,74,48.4,98.80000000000001
45,1130,Prey,30,1305.5,1107.6000000000001,1500.0000000000002
45,1140,Predators,30,74.5,49.5,98.80000000000001
45,1140,Prey,30,1241,1030.2,1431.2000000000003
45,1150,Predators,30,76,49.5,97.10000000000002
45,1150,Prey,30,1186,1002.1,1359.2000000000003
45,1160,Predators,30,78,50.2,98.80000000000001
45,1160,Prey,30,1139.5,955.2,1318
45,1170,Predators,30,77,52.1,106.2
45,1170,Prey,30,1084.5,939.3,1279.6
45,1180,Predators,30,76.5,53.00000000000001,106.4
45,1180,Prey,30,1051.5,937.2,1232.7
45,1190,Predators,30,76.5,53.10000000000001,106.1
45,1190,Prey,30,1017,908.7,1206.8999999999999
45,1200,Predators,30,76.5,53.10000000000001,107.1
45,1200,Prey,30,997.5,900,1185.1000000000001
45,1210,Predators,30,77,53.10000000000001,109
45,1210,Prey,30,987,892.5999999999999,1164.1000000000001
45,1220,Predators,30,78.5,54.10000000000001,107.4
45,1220,Prey,30,981,884,1159.3999999999999
45,1230,Predators,30,79.5,54.10000000000001,108.60000000000001
45,1230,Prey,30,987,881.0999999999999,1174.3000000000002
45,1240,Predators,30,78.5,54.300000000000004,111.19999999999999
45,1240,Prey,30,1003,883.2,1179.3000000000002
45,1250,Predators,30,79.5,56.2,109.70000000000002
45,1250,Prey,30,1015.5,910.1,1201.4
45,1260,Predators,30,81,55.6,112.4
45,1260,Prey,30,1047.5,941.5,1224.9
45,1270,Predators,30,82.5,56.6,113.50000000000001
45,1270,Prey,30,1093.5,960.5,1256.8000000000002
45,1280,Predators,30,84.5,56.9,114.60000000000001
45,1280,Prey,30,1141,1040.2,1317
45,1290,Predators,30,84.5,56.8,116.30000000000001
45,1290,Prey,30,1217.5,1080.4,1405.8
45,1300,Predators,30,85.5,58.7,118.2
45,1300,Prey,30,1287.5,1131.9,1492.4
45,1310,Predators,30,88,58.800000000000004,119.19999999999999
45,1310,Prey,30,1373,1233.2,1576.1
45,1320,Predators,30,89,59,119.6
45,1320,Prey,30,1490.5,1301.1,1685.4
45,1330,Predators,30,90.5,58.900000000000006,118.70000000000002
45,1330,Prey,30,1616.5,1421.3999999999999,1791.4
45,1340,Predators,30,91.5,59.7,123.3
45,1340,Prey,30,1768,1549.3,1963.6
45,1350,Predators,30,94,60.7,123.4
45,1350,Prey,30,1897,1669.4,2104.8
45,1360,Predators,30,97,64.3,125.20000000000002
45,1360,Prey,30,2063,1817.3000000000002,2284.6000000000004
45,1370,Predators,30,98,63.6,126.30000000000001
45,1370,Prey,30,2218.5,1986.7,2495.8
45,1380,Predators,30,100.5,68.1,125.60000000000002
45,1380,Prey,30,2406.5,2122.5,2744.3999999999996
45,1390,Predators,30,102.5,68.7,124.9
45,1390,Prey,30,2576,2263.5,2995.2000000000003
45,1400,Predators,30,104,70.7,128.8
45,1400,Prey,30,2754.5,2450.4,3174
45,1410,Predators,30,105.5,75.30000000000001,132.60000000000002
45,1410,Prey,30,2926,2614.5,3413
45,1420,Predators,30,107.5,76.1,135.2
45,1420,Prey,30,3103,2766.2000000000003,3587.3
45,1430,Predators,30,109.5,80.7,138.3
45,1430,Prey,30,3282.5,2917.7999999999997,3806.6
45,1440,Predators,30,112,85.2,143
45,1440,Prey,30,3449,3062.6000000000004,3990.9
45,1450,Predators,30,114,86.5,146.10000000000002
45,1450,Prey,30,3590.5,3173.2000000000003,4105.700000000001
45,1460,Predators,30,115.5,88.3,148.1
45,1460,Prey,30,3665.5,3254.7999999999997,4143.3
45,1470,Predators,30,113.5,90.10000000000001,145.8
45,1470,Prey,30,3748,3351.7,4129.200000000001
45,1480,Predators,30,117.5,90.9,144.9
45,1480,Prey,30,3777.5,3385.7000000000003,4104.6
45,1490,Predators,30,118.5,91.9,149.20000000000002
45,1490,Prey,30,3779.5,3375.6,4024.1
45,1500,Predators,30,120,92.10000000000001,151.6
45,1500,Prey,30,3769,3431.9,4001.3999999999996
45,1510,Predators,30,120.5,96,150.9
45,1510,Prey,30,3755,3387.5,3895.2
45,1520,Predators,30,122,95.20000000000002,151.6
45,1520,Prey,30,3700.5,3329.5,3854.6000000000004
45,1530,Predators,30,122.5,92.50000000000001,153.4
45,1530,Prey,30,3594,3257.1,3806.3
45,1540,Predators,30,124,93.6,153.3
45,1540,Prey,30,3476,3148.1,3731.5
45,1550,Predators,30,127,97.9,156.1
45,1550,Prey,30,3341.5,3042.5,3627.7
45,1560,Predators,30,126,96.70000000000002,157.20000000000002
45,1560,Prey,30,3213,2921.7,3508.1
45,1570,Predators,30,125.5,95.80000000000001,155.5
45,1570,Prey,30,3040.5,2801.5,3391.3
45,1580,Predators,30,126.5,96.80000000000001,157.60000000000002
45,1580,Prey,30,2881,2657.8999999999996,3259.2999999999997
45,1590,Predators,30,127,95.80000000000001,160.5
45,1590,Prey,30,2752.5,2522.9,3119.8
45,1600,Predators,30,128,97.6,158.7
45,1600,Prey,30,2612.5,2383,3005.6
45,1610,Predators,30,131,97.5,160.4
45,1610,Prey,30,2497,2253,2906
45,1620,Predators,30,130.5,96.50000000000001,162.3
45,1620,Prey,30,2380.5,2136.2,2781.1
45,1630,Predators,30,130,98.7,159.6
45,1630,Prey,30,2277,2028.2,2652.8999999999996
45,1640,Predators,30,132,96,159.7
45,1640,Prey,30,2168.5,1906.2,2509.9
45,1650,Predators,30,132.5,95.20000000000002,159.4
45,1650,Prey,30,2070.5,1822.8,2388.5
45,1660,Predators,30,134,94.5,162.10000000000002
45,1660,Prey,30,1995.5,1750.1,2278.4
45,1670,Predators,30,134.5,95.50000000000001,162
45,1670,Prey,30,1944,1648.3000000000002,2160.2000000000003
45,1680,Predators,30,134,96.4,161.3
45,1680,Prey,30,1861,1538.7,2101
45,1690,Predators,30,133,97.4,157.70000000000002
45,1690,Prey,30,1757.5,1437.7,2047.5
45,1700,Predators,30,136,96.4,156.4
45,1700,Prey,30,1659.5,1355.8000000000002,1963
45,1710,Predators,30,132.5,101,158.5
45,1710,Prey,30,1594.5,1306.7,1904.6
45,1720,Predators,30,133,101.1,158
45,1720,Prey,30,1533,1259.8,1838.5
45,1730,Predators,30,134.5,103.00000000000001,160.1
45,1730,Prey,30,1466.5,1218.1,1807.4
45,1740,Predators,30,134.5,102.10000000000001,160
45,1740,Prey,30,1426,1189,1769.6
45,1750,Predators,30,137,99.2,162
45,1750,Prey,30,1391.5,1178.9,1714.8
45,1760,Predators,30,138,100.4,163.2
45,1760,Prey,30,1366,1154.3000000000002,1658.4
45,1770,Predators,30,137.5,102.60000000000001,163.1
45,1770,Prey,30,1345.5,1122.2,1620
45,1780,Predators,30,137.5,102.80000000000001,165
45,1780,Prey,30,1332.5,1128.3,1586.6
45,1790,Predators,30,139,103.9,164.2
45,1790,Prey,30,1319,1132.8000000000002,1566.7
45,1800,Predators,30,140,105,165
45,1800,Prey,30,1341,1123.2,1547.3000000000002
45,1810,Predators,30,138.5,104.2,164.2
45,1810,Prey,30,1343.5,1159.3999999999999,1546.7
45,1820,Predators,30,140.5,103.6,162.40000000000003
45,1820,Prey,30,1376.5,1186.3000000000002,1550.6999999999998
45,1830,Predators,30,140.5,101,165.20000000000002
45,1830,Prey,30,1396.5,1211.4,1542.2
45,1840,Predators,30,140,101,162.90000000000003
45,1840,Prey,30,1429.5,1224,1550.1
45,1850,Predators,30,142.5,101,163.9
45,1850,Prey,30,1456.5,1264.6,1570.3
45,1860,Predators,30,142,100,162.60000000000002
45,1860,Prey,30,1528,1268.8,1611.6000000000001
45,1870,Predators,30,142.5,102.89999999999999,162.60000000000002
45,1870,Prey,30,1548,1321.1,1671.7
45,1880,Predators,30,143.5,105.89999999999999,164.60000000000002
45,1880,Prey,30,1596,1373.1,1738.8000000000002
45,1890,Predators,30,146,112.30000000000001,164.70000000000002
45,1890,Prey,30,1647,1440.3,1843.2000000000003
45,1900,Predators,30,149.5,113.4,167.7
45,1900,Prey,30,1721,1520.9,2011.4
45,1910,Predators,30,148.5,115.5,171.4
45,1910,Prey,30,1787,1600.3000000000002,2126.2000000000003
45,1920,Predators,30,151,113.8,174.5
45,1920,Prey,30,1874.5,1654.8999999999999,2214.8
45,1930,Predators,30,153.5,113.8,172.5
45,1930,Prey,30,1938,1751.8000000000002,2292.5000000000005
45,1940,Predators,30,152,111.8,172.3
45,1940,Prey,30,2030,1799.9,2376.1000000000004
45,1950,Predators,30,153,113.8,171.1
45,1950,Prey,30,2142,1899.6,2470.3
45,1960,Predators,30,154.5,118.69999999999999,170.50000000000003
45,1960,Prey,30,2241.5,2020.8000000000002,2587.3
45,1970,Predators,30,159,119.6,174.2
45,1970,Prey,30,2336,2100.8,2709
45,1980,Predators,30,160.5,119.8,174.5
45,1980,Prey,30,2439,2162.4,2844.3
45,1990,Predators,30,158.5,121.7,176.60000000000002
45,1990,Prey,30,2527.5,2269.3,2997.1000000000004
45,2000,Predators,30,159.5,123.7,182.1
45,2000,Prey,30,2629,2379.7,3143.4
45,2010,Predators,30,164.5,129.9,185
45,2010,Prey,30,2421.5,2142.9,2824.2000000000003
45,2020,Predators,30,172,139.4,194.10000000000002
45,2020,Prey,30,2230,2006.7,2594.4
45,2030,Predators,30,180.5,141.9,202.20000000000002
45,2030,Prey,30,2078.5,1875.7,2443.7999999999997
45,2040,Predators,30,182,147.5,209.4
45,2040,Prey,30,1942,1736.8000000000002,2270.5
45,2050,Predators,30,189.5,150.8,217.10000000000002
45,2050,Prey,30,1826,1623.8,2064.9
45,2060,Predators,30,197,155.8,220.5
45,2060,Prey,30,1722.5,1485.6,1924
45,2070,Predators,30,202.5,161.70000000000002,229.10000000000002
45,2070,Prey,30,1578,1372,1764.5
45,2080,Predators,30,207.5,161.9,237.10000000000002
45,2080,Prey,30,1447.5,1258.9,1650.2
45,2090,Predators,30,212,163.79999999999998,237.10000000000002
45,2090,Prey,30,1340,1173.1000000000001,1523.8000000000002
45,2100,Predators,30,212.5,172.60000000000002,241.10000000000002
45,2100,Prey,30,1210,1039.5,1389.7000000000003
45,2110,Predators,30,215.5,174.4,242.20000000000002
45,2110,Prey,30,1077,944.9,1285
45,2120,Predators,30,216.5,179.7,247
45,2120,Prey,30,992.5,872,1175.1000000000001
45,2130,Predators,30,217.5,184,245.20000000000002
45,2130,Prey,30,906.5,807.9000000000001,1093
45,2140,Predators,30,221,181.5,241
45,2140,Prey,30,849.5,735.8000000000001,1005.7
45,2150,Predators,30,220,181.6,237.20000000000002
45,2150,Prey,30,769,675.4000000000001,960.1
45,2160,Predators,30,215,180.8,234.10000000000002
45,2160,Prey,30,707.5,604.4,865.4
45,2170,Predators,30,211,177,234.20000000000002
45,2170,Prey,30,659,552.2,802.3000000000001
45,2180,Predators,30,206,174.7,228.1
45,2180,Prey,30,611.5,486.7,749.9
45,2190,Predators,30,204,170.9,225.20000000000002
45,2190,Prey,30,555,445.1,694.5
45,2200,Predators,30,200.5,166,218
45,2200,Prey,30,522,395.1,645
45,2210,Predators,30,196,162.5,212
45,2210,Prey,30,507,352.09999999999997,602.6
45,2220,Predators,30,189,158.5,201.3
45,2220,Prey,30,480.5,341.3,567.1
45,2230,Predators,30,179,152.5,196.8
45,2230,Prey,30,463.5,322.09999999999997,529.6
45,2240,Predators,30,171,142.79999999999998,192.4
45,2240,Prey,30,445,293.29999999999995,510.5
45,2250,Predators,30,166.5,138.1,182.5
45,2250,Prey,30,415,286.8,496.40000000000003
45,2260,Predators,30,158,132.9,175.2
45,2260,Prey,30,408,275.6,490.2
45,2270,Predators,30,146.5,127.2,166.2
45,2270,Prey,30,399.5,289.40000000000003,489.09999999999997
45,2280,Predators,30,136,118.6,154.50000000000003
45,2280,Prey,30,390.5,291,507.3
45,2290,Predators,30,130.5,110.3,148.4
45,2290,Prey,30,398.5,294.2,518.2
45,2300,Predators,30,123.5,101.9,142.2
45,2300,Prey,30,393,307.5,535.3000000000001
45,2310,Predators,30,118,92.1,136.3
45,2310,Prey,30,403,316.3,533.7
45,2320,Predators,30,109,87.9,130
45,2320,Prey,30,424,320.5,555.9000000000001
45,2330,Predators,30,102.5,76.5,116.70000000000002
45,2330,Prey,30,455,342.8,594.4
45,2340,Predators,30,96.5,70.5,114.1
45,2340,Prey,30,483,363.8,639.2
45,2350,Predators,30,92.5,68.2,112.1
45,2350,Prey,30,521,387.1,680.3000000000001
45,2360,Predators,30,90.5,66.30000000000001,106.10000000000002
45,2360,Prey,30,552,418.3,728.4
45,2370,Predators,30,89,61.2,103.80000000000001
45,2370,Prey,30,581.5,455.4,817.2
45,2380,Predators,30,84,60,102.70000000000002
45,2380,Prey,30,633,502.4,895.2
45,2390,Predators,30,81,58.2,101
45,2390,Prey,30,706,555,959.3000000000001
45,2400,Predators,30,79,55.400000000000006,94.70000000000002
45,2400,Prey,30,790.5,602.9,1047
45,2410,Predators,30,79,55.300000000000004,94.9
45,2410,Prey,30,867.5,661.9,1131.3
45,2420,Predators,30,74,52.7,95.5
45,2420,Prey,30,945,748.5,1210.3999999999999
45,2430,Predators,30,74.5,49.9,95.6
45,2430,Prey,30,1052.5,835,1327.1
45,2440,Predators,30,76,51.8,95.6
45,2440,Prey,30,1153.5,905.6,1393.3
45,2450,Predators,30,75,53.7,95.1
45,2450,Prey,30,1243.5,965.1999999999999,1530.2
45,2460,Predators,30,75.5,54.7,96.2
45,2460,Prey,30,1355.5,1051.9,1658.3000000000002
45,2470,Predators,30,78.5,56.6,98.2
45,2470,Prey,30,1485,1139.3000000000002,1810
45,2480,Predators,30,82.5,58.5,102.1
45,2480,Prey,30,1598.5,1244.2,1938.1000000000001
45,2490,Predators,30,82.5,61.10000000000001,102.30000000000001
45,2490,Prey,30,1688.5,1350.4,2054.9
45,2500,Predators,30,84,59.5,104.1
45,2500,Prey,30,1778,1473.1,2195
45,2510,Predators,30,85,62.5,108.2
45,2510,Prey,30,1872,1600.3000000000002,2281.5
45,2520,Predators,30,87.5,65.4,109.70000000000002
45,2520,Prey,30,1980.5,1737.3000000000002,2373.2999999999997
45,2530,Predators,30,89.5,70,115.6
45,2530,Prey,30,2082.5,1794,2435.1000000000004
45,2540,Predators,30,94,73,122.2
45,2540,Prey,30,2166,1834.4,2496.2
45,2550,Predators,30,98.5,76.9,123.19999999999999
45,2550,Prey,30,2193.5,1909.3000000000002,2491.5000000000005
45,2560,Predators,30,104,81,124.1
45,2560,Prey,30,2246.5,1957.6000000000001,2527.4
45,2570,Predators,30,107.5,84.9,129.10000000000002
45,2570,Prey,30,2256,1985.6000000000001,2548.6000000000004
45,2580,Predators,30,113,89.7,131.3
45,2580,Prey,30,2258.5,1963,2539
45,2590,Predators,30,118.5,89.8,137
45,2590,Prey,30,2244.5,1975.2,2495.2
45,2600,Predators,30,121.5,95.7,141.90000000000003
45,2600,Prey,30,2219,1928.5,2483.5
45,2610,Predators,30,127,99.8,145.10000000000002
45,2610,Prey,30,2163.5,1882.6,2422.6
45,2620,Predators,30,133,106.60000000000001,155.3
45,2620,Prey,30,2118,1782.3000000000002,2432
45,2630,Predators,30,138,107.80000000000001,162.3
45,2630,Prey,30,2017.5,1712.1,2408.7
45,2640,Predators,30,138.5,113.4,166.5
45,2640,Prey,30,1945.5,1664.7,2348.7
45,2650,Predators,30,141,117.4,167.5
45,2650,Prey,30,1860.5,1588.3999999999999,2251.9
45,2660,Predators,30,145.5,122.4,173.4
45,2660,Prey,30,1764,1527.6000000000001,2150.8
45,2670,Predators,30,148.5,125.60000000000001,178.40000000000003
45,2670,Prey,30,1664.5,1461.3,2068.7
45,2680,Predators,30,152.5,126.69999999999999,179.2
45,2680,Prey,30,1587,1369,1965.8000000000002
45,2690,Predators,30,156,130.9,182
45,2690,Prey,30,1463,1274.5,1856.3999999999999
45,2700,Predators,30,160,134,183.2
45,2700,Prey,30,1370.5,1204.8,1737.8000000000002
45,2710,Predators,30,165,144.5,186.60000000000002
45,2710,Prey,30,1293,1124.8,1641.5
45,2720,Predators,30,172,147.29999999999998,192.3
45,2720,Prey,30,1232,1047.6,1552.1
45,2730,Predators,30,174.5,146.79999999999998,195.2
45,2730,Prey,30,1170.5,998.8000000000001,1459.0000000000002
45,2740,Predators,30,176.5,146.79999999999998,198.39999999999998
45,2740,Prey,30,1100,913.4,1410
45,2750,Predators,30,179.5,151.50000000000003,199.4
45,2750,Prey,30,1027.5,843.3,1306.4
45,2760,Predators,30,178.5,150.5,207.1
45,2760,Prey,30,946,777.6999999999999,1222.6
45,2770,Predators,30,183,155.70000000000002,210.10000000000002
45,2770,Prey,30,884,704.6999999999999,1121.1000000000001
45,2780,Predators,30,183,158.3,205
45,2780,Prey,30,807.5,638.7,1038.8000000000002
45,2790,Predators,30,183.5,157.7,202.60000000000002
45,2790,Prey,30,744.5,575.5,976.0000000000002
45,2800,Predators,30,184.5,157.6,204
45,2800,Prey,30,700,507.8,942.2
45,2810,Predators,30,183,153.1,202.10000000000002
45,2810,Prey,30,653.5,445.8,886.9000000000001
45,2820,Predators,30,181.5,150.4,197
45,2820,Prey,30,621,405.4,805
45,2830,Predators,30,175.5,150.5,194.40000000000003
45,2830,Prey,30,587,387.4,766.3000000000001
45,2840,Predators,30,174,143.9,194.20000000000002
45,2840,Prey,30,565,363,750.7
45,2850,Predators,30,170.5,142.79999999999998,190
45,2850,Prey,30,547,359.59999999999997,718.0999999999999
45,2860,Predators,30,166,139.70000000000002,185.5
45,2860,Prey,30,529.5,361.3,706.0999999999999
45,2870,Predators,30,161,132.9,184.3
45,2870,Prey,30,504.5,363.20000000000005,663
45,2880,Predators,30,155.5,129.6,179
45,2880,Prey,30,495.5,369.6,634.5
45,2890,Predators,30,144,118.6,176.2
45,2890,Prey,30,490,367.6,625.7
45,2900,Predators,30,136,111.3,172.1
45,2900,Prey,30,478,360.70000000000005,628.1000000000001
45,2910,Predators,30,130,100.5,167.2
45,2910,Prey,30,474,385.8,645.3000000000001
45,2920,Predators,30,127.5,93.80000000000001,163.2
45,2920,Prey,30,483,382.5,655.1
45,2930,Predators,30,126,91.80000000000001,157.4
45,2930,Prey,30,502,390.2,648.8000000000001
45,2940,Predators,30,122.5,86.89999999999999,155.1
45,2940,Prey,30,521.5,416,667.8
45,2950,Predators,30,119.5,80.7,149.3
45,2950,Prey,30,545,419.70000000000005,658.7
45,2960,Predators,30,117.5,77.9,140.1
45,2960,Prey,30,552,433.5,683.2
45,2970,Predators,30,112,74.7,137.20000000000002
45,2970,Prey,30,606,466.8,704.2
45,2980,Predators,30,109,73.6,133.3
45,2980,Prey,30,628.5,476.90000000000003,761.2
45,2990,Predators,30,106,71.4,128.1
45,2990,Prey,30,669.5,507.9,803.4000000000001
45,3000,Predators,30,105.5,73.9,126.4
45,3000,Prey,30,725.5,541.2,834.4
50,0,Predators,30,10,10,10
50,0,Prey,30,100,100,100
50,10,Predators,30,10,10,10
50,10,Prey,30,109,105,113.10000000000001
50,20,Predators,30,10,10,11
50,20,Prey,30,140.5,131.9,149.4
50,30,Predators,30,10,10,11
50,30,Prey,30,199.5,181.9,210.70000000000002
50,40,Predators,30,10,10,11
50,40,Prey,30,285,260.4,307.3
50,50,Predators,30,10,10,11.100000000000001
50,50,Prey,30,406,374.4,446.1
50,60,Predators,30,10,10,11.100000000000001
50,60,Prey,30,579.5,532.8000000000001,635.4000000000001
50,70,Predators,30,10.5,10,12
50,70,Prey,30,824,744,904.4
50,80,Predators,30,8,6,10.100000000000001
50,80,Prey,30,1164.5,1039.7,1256.1000000000001
50,90,Predators,30,8,6,10.100000000000001
50,90,Prey,30,1603,1428.3000000000002,1717.9
50,100,Predators,30,8,6,10.100000000000001
50,100,Prey,30,2200,2006.6000000000001,2359.4
50,110,Predators,30,9,6,11
50,110,Prey,30,2956,2744,3182.6000000000004
50,120,Predators,30,9,6.9,11.100000000000001
50,120,Prey,30,3924,3585.8,4200.4000000000005
50,130,Predators,30,9,6.9,12.300000000000004
50,130,Prey,30,5079,4649.6,5414.3
50,140,Predators,30,9.5,7.9,13.200000000000003
50,140,Prey,30,6390,5915.5,6719.8
50,150,Predators,30,10,7.9,16
50,150,Prey,30,7747.5,7252,8163.4
50,160,Predators,30,11,7.9,16.1
50,160,Prey,30,9087,8555.1,9555
50,170,Predators,30,11,7,17
50,170,Prey,30,10317.5,9829.1,10891.300000000001
50,180,Predators,30,11,7,17.1
50,180,Prey,30,11462.5,10994.4,11955.6
50,190,Predators,30,12.5,7.9,17.1
50,190,Prey,30,12322,11868.4,12695
50,200,Predators,30,13,7.9,18
50,200,Prey,30,12872,12591.5,13183.9
50,210,Predators,30,13,7.9,19
50,210,Prey,30,13177,12895.6,13396.2
50,220,Predators,30,13,7.9,20
50,220,Prey,30,13219.5,13009.9,13414.599999999999
50,230,Predators,30,13.5,8,20.1
50,230,Prey,30,13092,12920.9,13314.699999999999
50,240,Predators,30,14,8.9,20.300000000000004
50,240,Prey,30,12879.5,12573.8,13073.3
50,250,Predators,30,14.5,9,21.300000000000004
50,250,Prey,30,12564,12256.4,12743.1
50,260,Predators,30,15,9,24
50,260,Prey,30,12150,11847.300000000001,12357
50,270,Predators,30,15,9.9,24.200000000000003
50,270,Prey,30,11673.5,11434.3,11901.5
50,280,Predators,30,16,10,26
50,280,Prey,30,11211,10951.300000000001,11421.9
50,290,Predators,30,16.5,10,25.200000000000003
50,290,Prey,30,10658.5,10440.6,10897.4
50,300,Predators,30,16.5,10.9,25.300000000000004
50,300,Prey,30,10103.5,9847.1,10354.6
50,310,Predators,30,16.5,10.8,26.200000000000003
50,310,Prey,30,9524,9288.1,9772.4
50,320,Predators,30,17,10.9,27.300000000000004
50,320,Prey,30,8930,8700.1,9248.300000000001
50,330,Predators,30,18,10.9,30
50,330,Prey,30,8384.5,8185,8604
50,340,Predators,30,19,11,31
50,340,Prey,30,7834.5,7613.4000000000005,8075.4
50,350,Predators,30,19,12,32.1
50,350,Prey,30,7285,7053.1,7478
50,360,Predators,30,20,11.9,33
50,360,Prey,30,6751,6504.6,6946.1
50,370,Predators,30,20,12,34
50,370,Prey,30,6204,5970.1,6442.5
50,380,Predators,30,20,12.9,34.1
50,380,Prey,30,5703,5455.8,5914.2
50,390,Predators,30,21.5,13.8,33.1
50,390,Prey,30,5217.5,5002.3,5446
50,400,Predators,30,22,13.8,34.2
50,400,Prey,30,4771.5,4531.3,4944.1
50,410,Predators,30,21,13.8,34.300000000000004
50,410,Prey,30,4314.5,4143.6,4476.8
50,420,Predators,30,22,13.8,36.1
50,420,Prey,30,3916.5,3751.2,4125.4000000000005
50,430,Predators,30,22.5,13.8,36.1
50,430,Prey,30,3539,3370.6,3712.1
50,440,Predators,30,23,14.8,36.2
50,440,Prey,30,3197.5,3006.9,3334.2
50,450,Predators,30,23.5,14.8,36.300000000000004
50,450,Prey,30,2884,2726.1000000000004,3018.3999999999996
50,460,Predators,30,23,14,37.2
50,460,Prey,30,2589.5,2452.3,2751.4
50,470,Predators,30,24,13.9,37
50,470,Prey,30,2328.5,2163.8,2460.7
50,480,Predators,30,24.5,14,37
50,480,Prey,30,2103.5,1927.2,2209.4
50,490,Predators,30,25.5,14,38.1
50,490,Prey,30,1904,1734.4,1983.5
50,500,Predators,30,25.5,14,38.2
50,500,Prey,30,1733,1551.2,1822.1000000000001
50,510,Predators,30,27,14.9,40.1
50,510,Prey,30,1558.5,1373.7,1646.8000000000002
50,520,Predators,30,28,15.9,41.1
50,520,Prey,30,1415.5,1260,1501.5
50,530,Predators,30,28,15.8,41
50,530,Prey,30,1298.5,1151.5,1379.6000000000001
50,540,Predators,30,28.5,15,41.1
50,540,Prey,30,1182.5,1050.5,1286.1000000000001
50,550,Predators,30,29.5,14.9,42.1
50,550,Prey,30,1088.5,967.4,1185.3000000000002
50,560,Predators,30,31.5,14.9,43
50,560,Prey,30,997,874.6,1103.6000000000001
50,570,Predators,30,31.5,15.8,44.1
50,570,Prey,30,926.5,823.6,1041
50,580,Predators,30,31.5,16.700000000000003,45
50,580,Prey,30,867,770.3000000000001,959.9000000000001
50,590,Predators,30,32,15.700000000000001,45.1
50,590,Prey,30,813.5,735.2,917.7
50,600,Predators,30,32,16.700000000000003,46
50,600,Prey,30,769,703.4,874.4000000000001
50,610,Predators,30,31.5,15.8,48
50,610,Prey,30,736,670.8,828.1000000000001
50,620,Predators,30,31.5,14.9,48.1
50,620,Prey,30,705,649.3,816.6
50,630,Predators,30,31.5,15.9,49
50,630,Prey,30,680.5,617.8000000000001,793.8000000000001
50,640,Predators,30,32.5,16.8,51.1
50,640,Prey,30,668,602.6999999999999,769.9
50,650,Predators,30,33.5,16.9,50
50,650,Prey,30,663,603.8000000000001,762.1
50,660,Predators,30,33.5,17.9,51.1
50,660,Prey,30,657.5,606.8000000000001,748.7
50,670,Predators,30,32.5,17.8,50.2
50,670,Prey,30,663.5,615.8000000000001,753.5
50,680,Predators,30,32,16.9,51.300000000000004
50,680,Prey,30,691,626.5,761.4
50,690,Predators,30,32.5,16,51.2
50,690,Prey,30,714.5,644.7,781.2
50,700,Predators,30,32.5,16,54
50,700,Prey,30,762,691.9,813.0000000000001
50,710,Predators,30,33,17,55
50,710,Prey,30,817,725.5,878.5
50,720,Predators,30,34,17,54.1
50,720,Prey,30,874,789.7,946.2
50,730,Predators,30,33.5,17.9,55
50,730,Prey,30,963,858.6999999999999,1045.4
50,740,Predators,30,34,18.900000000000002,56.1
50,740,Prey,30,1075,971.5,1179.1
50,750,Predators,30,35,19,57.1
50,750,Prey,30,1194.5,1077.7,1325
50,760,Predators,30,34.5,19.9,56.1
50,760,Prey,30,1363.5,1193.7,1488.6000000000001
50,770,Predators,30,35,19.9,58.1
50,770,Prey,30,1540,1331.8,1686.1000000000001
50,780,Predators,30,36.5,20.9,58.300000000000004
50,780,Prey,30,1746,1519.9,1922.3000000000002
50,790,Predators,30,38,20.9,60.60000000000001
50,790,Prey,30,1991.5,1728.8,2171.1000000000004
50,800,Predators,30,39,21.8,61.70000000000001
50,800,Prey,30,2222.5,1958.3,2479.4000000000005
50,810,Predators,30,40,21.8,65.70000000000002
50,810,Prey,30,2498,2205.6,2791.0000000000005
50,820,Predators,30,42.5,22.700000000000003,66.80000000000001
50,820,Prey,30,2784,2466.9,3122.4000000000005
50,830,Predators,30,43,23.9,67.9
50,830,Prey,30,3074.5,2746,3452.6000000000004
50,840,Predators,30,46,25.700000000000003,68.80000000000001
50,840,Prey,30,3388.5,3102.3999999999996,3769.1000000000004
50,850,Predators,30,47.5,26.6,71.60000000000001
50,850,Prey,30,3669,3435,4112.8
50,860,Predators,30,49,26.700000000000003,72.70000000000002
50,860,Prey,30,3939.5,3728.5,4435.9000000000005
50,870,Predators,30,50,27.700000000000003,72.9
50,870,Prey,30,4195,3972.8,4699.200000000001
50,880,Predators,30,50.5,27.700000000000003,74.80000000000001
50,880,Prey,30,4468.5,4138.9,4866
50,890,Predators,30,53,27.8,76.80000000000001
50,890,Prey,30,4647,4274.8,4967.5
50,900,Predators,30,54,29.700000000000003,79.4
50,900,Prey,30,4738.5,4418.8,5024.9
50,910,Predators,30,54,29,78.5
50,910,Prey,30,4771.5,4394.7,5028.7
50,920,Predators,30,53,29.9,76.60000000000001
50,920,Prey,30,4745.5,4371.9000000000005,4958.9000000000005
50,930,Predators,30,53.5,31,78.9
50,930,Prey,30,4646.5,4346.6,4868.700000000001
50,940,Predators,30,54.5,34.900000000000006,80.70000000000002
50,940,Prey,30,4548.5,4280.2,4702.1
50,950,Predators,30,58,34,79.10000000000002
50,950,Prey,30,4369,4087.7999999999997,4547.3
50,960,Predators,30,58,34.800000000000004,82.70000000000002
50,960,Prey,30,4174,3886.6,4390
50,970,Predators,30,59.5,35.8,81.90000000000002
50,970,Prey,30,3952,3673.9,4195.8
50,980,Predators,30,62,35,82.80000000000001
50,980,Prey,30,3728.5,3467.2,3946.9
50,990,Predators,30,63,34.900000000000006,86.70000000000002
50,990,Prey,30,3465,3209.5,3699.8999999999996
50,1000,Predators,30,65,36.9,86.60000000000001
50,1000,Prey,30,3234,2993.2,3478.8
50,1010,Predators,30,65,37.900000000000006,84.80000000000001
50,1010,Prey,30,3017.5,2793.7,3225
50,1020,Predators,30,64,37.7,86.5
50,1020,Prey,30,2839,2613,3018.4
50,1030,Predators,30,65.5,38.6,85.80000000000001
50,1030,Prey,30,2655,2431.2000000000003,2826
50,1040,Predators,30,66.5,40.6,89.60000000000002
50,1040,Prey,30,2457,2223,2656
50,1050,Predators,30,67,41.599999999999994,89.60000000000002
50,1050,Prey,30,2274.5,2036.5,2478.6
50,1060,Predators,30,66.5,41.699999999999996,88.70000000000002
50,1060,Prey,30,2109,1873.6,2314.3
50,1070,Predators,30,67.5,44.2,89.70000000000002
50,1070,Prey,30,1953,1742,2163.7
50,1080,Predators,30,69.5,46.400000000000006,92
50,1080,Prey,30,1821,1605.6000000000001,2023.2
50,1090,Predators,30,71,46.400000000000006,92.4
50,1090,Prey,30,1692.5,1475.1,1890.1
50,1100,Predators,30,73,45.400000000000006,94.4
50,1100,Prey,30,1578.5,1376.6000000000001,1779.3
50,1110,Predators,30,73,46.5,94.80000000000001
50,1110,Prey,30,1475,1273.1999999999998,1690.3
50,1120,Predators,30,74,47.300000000000004,97.60000000000002
50,1120,Prey,30,1388.5,1175.8999999999999,1584.3
50,1130,Predators,30,74,48.4,98.80000000000001
50,1130,Prey,30,1305.5,1107.6000000000001,1500.0000000000002
50,1140,Predators,30,74.5,49.5,98.80000000000001
50,1140,Prey,30,1241,1030.2,1431.2000000000003
50,1150,Predators,30,76,49.5,97.10000000000002
50,1150,Prey,30,1186,1002.1,1359.2000000000003
50,1160,Predators,30,78,50.2,98.80000000000001
50,1160,Prey,30,1139.5,955.2,1318
50,1170,Predators,30,77,52.1,106.2
50,1170,Prey,30,1084.5,939.3,1279.6
50,1180,Predators,30,76.5,53.00000000000001,106.4
50,1180,Prey,30,1051.5,937.2,1232.7
50,1190,Predators,30,76.5,53.10000000000001,106.1
50,1190,Prey,30,1017,908.7,1206.8999999999999
50,1200,Predators,30,76.5,53.10000000000001,107.1
50,1200,Prey,30,997.5,900,1185.1000000000001
50,1210,Predators,30,77,53.10000000000001,109
50,1210,Prey,30,987,892.5999999999999,1164.1000000000001
50,1220,Predators,30,78.5,54.10000000000001,107.4
50,1220,Prey,30,981,884,1159.3999999999999
50,1230,Predators,30,79.5,54.10000000000001,108.60000000000001
50,1230,Prey,30,987,881.0999999999999,1174.3000000000002
50,1240,Predators,30,78.5,54.300000000000004,111.19999999999999
50,1240,Prey,30,1003,883.2,1179.3000000000002
50,1250,Predators,30,79.5,56.2,109.70000000000002
50,1250,Prey,30,1015.5,910.1,1201.4
50,1260,Predators,30,81,55.6,112.4
50,1260,Prey,30,1047.5,941.5,1224.9
50,1270,Predators,30,82.5,56.6,113.50000000000001
50,1270,Prey,30,1093.5,960.5,1256.8000000000002
50,1280,Predators,30,84.5,56.9,114.60000000000001
50,1280,Prey,30,1141,1040.2,1317
50,1290,Predators,30,84.5,56.8,116.30000000000001
50,1290,Prey,30,1217.5,1080.4,1405.8
50,1300,Predators,30,85.5,58.7,118.2
50,1300,Prey,30,1287.5,1131.9,1492.4
50,1310,Predators,30,88,58.800000000000004,119.19999999999999
50,1310,Prey,30,1373,1233.2,1576.1
50,1320,Predators,30,89,59,119.6
50,1320,Prey,30,1490.5,1301.1,1685.4
50,1330,Predators,30,90.5,58.900000000000006,118.70000000000002
50,1330,Prey,30,1616.5,1421.3999999999999,1791.4
50,1340,Predators,30,91.5,59.7,123.3
50,1340,Prey,30,1768,1549.3,1963.6
50,1350,Predators,30,94,60.7,123.4
50,1350,Prey,30,1897,1669.4,2104.8
50,1360,Predators,30,97,64.3,125.20000000000002
50,1360,Prey,30,2063,1817.3000000000002,2284.6000000000004
50,1370,Predators,30,98,63.6,126.30000000000001
50,1370,Prey,30,2218.5,1986.7,2495.8
50,1380,Predators,30,100.5,68.1,125.60000000000002
50,1380,Prey,30,2406.5,2122.5,2744.3999999999996
50,1390,Predators,30,102.5,68.7,124.9
50,1390,Prey,30,2576,2263.5,2995.2000000000003
50,1400,Predators,30,104,70.7,128.8
50,1400,Prey,30,2754.5,2450.4,3174
50,1410,Predators,30,105.5,75.30000000000001,132.60000000000002
50,1410,Prey,30,2926,2614.5,3413
50,1420,Predators,30,107.5,76.1,135.2
50,1420,Prey,30,3103,2766.2000000000003,3587.3
50,1430,Predators,30,109.5,80.7,138.3
50,1430,Prey,30,3282.5,2917.7999999999997,3806.6
50,1440,Predators,30,112,85.2,143
50,1440,Prey,30,3449,3062.6000000000004,3990.9
50,1450,Predators,30,114,86.5,146.10000000000002
50,1450,Prey,30,3590.5,3173.2000000000003,4105.700000000001
50,1460,Predators,30,115.5,88.3,148.1
50,1460,Prey,30,3665.5,3254.7999999999997,4143.3
50,1470,Predators,30,113.5,90.10000000000001,145.8
50,1470,Prey,30,3748,3351.7,4129.200000000001
50,1480,Predators,30,117.5,90.9,144.9
50,1480,Prey,30,3777.5,3385.7000000000003,4104.6
50,1490,Predators,30,118.5,91.9,149.20000000000002
50,1490,Prey,30,3779.5,3375.6,4024.1
50,1500,Predators,30,120,92.10000000000001,151.6
50,1500,Prey,30,3769,3431.9,4001.3999999999996
50,1510,Predators,30,120.5,96,150.9
50,1510,Prey,30,3755,3387.5,3895.2
50,1520,Predators,30,122,95.20000000000002,151.6
50,1520,Prey,30,3700.5,3329.5,3854.6000000000004
50,1530,Predators,30,122.5,92.50000000000001,153.4
50,1530,Prey,30,3594,3257.1,3806.3
50,1540,Predators,30,124,93.6,153.3
50,1540,Prey,30,3476,3148.1,3731.5
50,1550,Predators,30,127,97.9,156.1
50,1550,Prey,30,3341.5,3042.5,3627.7
50,1560,Predators,30,126,96.70000000000002,157.20000000000002
50,1560,Prey,30,3213,2921.7,3508.1
50,1570,Predators,30,125.5,95.80000000000001,155.5
50,1570,Prey,30,3040.5,2801.5,3391.3
50,1580,Predators,30,126.5,96.80000000000001,157.60000000000002
50,1580,Prey,30,2881,2657.8999999999996,3259.2999999999997
50,1590,Predators,30,127,95.80000000000001,160.5
50,1590,Prey,30,2752.5,2522.9,3119.8
50,1600,Predators,30,128,97.6,158.7
50,1600,Prey,30,2612.5,2383,3005.6
50,1610,Predators,30,131,97.5,160.4
50,1610,Prey,30,2497,2253,2906
50,1620,Predators,30,130.5,96.50000000000001,162.3
50,1620,Prey,30,2380.5,2136.2,2781.1
50,1630,Predators,30,130,98.7,159.6
50,1630,Prey,30,2277,2028.2,2652.8999999999996
50,1640,Predators,30,132,96,159.7
50,1640,Prey,30,2168.5,1906.2,2509.9
50,1650,Predators,30,132.5,95.20000000000002,159.4
50,1650,Prey,30,2070.5,1822.8,2388.5
50,1660,Predators,30,134,94.5,162.10000000000002
50,1660,Prey,30,1995.5,1750.1,2278.4
50,1670,Predators,30,134.5,95.50000000000001,162
50,1670,Prey,30,1944,1648.3000000000002,2160.2000000000003
50,1680,Predators,30,134,96.4,161.3
50,1680,Prey,30,1861,1538.7,2101
50,1690,Predators,30,133,97.4,157.70000000000002
50,1690,Prey,30,1757.5,1437.7,2047.5
50,1700,Predators,30,136,96.4,156.4
50,1700,Prey,30,1659.5,1355.8000000000002,1963
50,1710,Predators,30,132.5,101,158.5
50,1710,Prey,30,1594.5,1306.7,1904.6
50,1720,Predators,30,133,101.1,158
50,1720,Prey,30,1533,1259.8,1838.5
50,1730,Predators,30,134.5,103.00000000000001,160.1
50,1730,Prey,30,1466.5,1218.1,1807.4
50,1740,Predators,30,134.5,102.10000000000001,160
50,1740,Prey,30,1426,1189,1769.6
50,1750,Predators,30,137,99.2,162
50,1750,Prey,30,1391.5,1178.9,1714.8
50,1760,Predators,30,138,100.4,163.2
50,1760,Prey,30,1366,1154.3000000000002,1658.4
50,1770,Predators,30,137.5,102.60000000000001,163.1
50,1770,Prey,30,1345.5,1122.2,1620
50,1780,Predators,30,137.5,102.80000000000001,165
50,1780,Prey,30,1332.5,1128.3,1586.6
50,1790,Predators,30,139,103.9,164.2
50,1790,Prey,30,1319,1132.8000000000002,1566.7
50,1800,Predators,30,140,105,165
50,1800,Prey,30,1341,1123.2,1547.3000000000002
50,1810,Predators,30,138.5,104.2,164.2
50,1810,Prey,30,1343.5,1159.3999999999999,1546.7
50,1820,Predators,30,140.5,103.6,162.40000000000003
50,1820,Prey,30,1376.5,1186.3000000000002,1550.6999999999998
50,1830,Predators,30,140.5,101,165.20000000000002
50,1830,Prey,30,1396.5,1211.4,1542.2
50,1840,Predators,30,140,101,162.90000000000003
50,1840,Prey,30,1429.5,1224,1550.1
50,1850,Predators,30,142.5,101,163.9
50,1850,Prey,30,1456.5,1264.6,1570.3
50,1860,Predators,30,142,100,162.60000000000002
50,1860,Prey,30,1528,1268.8,1611.6000000000001
50,1870,Predators,30,142.5,102.89999999999999,162.60000000000002
50,1870,Prey,30,1548,1321.1,1671.7
50,1880,Predators,30,143.5,105.89999999999999,164.60000000000002
50,1880,Prey,30,1596,1373.1,1738.8000000000002
50,1890,Predators,30,146,112.30000000000001,164.70000000000002
50,1890,Prey,30,1647,1440.3,1843.2000000000003
50,1900,Predators,30,149.5,113.4,167.7
50,1900,Prey,30,1721,1520.9,2011.4
50,1910,Predators,30,148.5,115.5,171.4
50,1910,Prey,30,1787,1600.3000000000002,2126.2000000000003
50,1920,Predators,30,151,113.8,174.5
50,1920,Prey,30,1874.5,1654.8999999999999,2214.8
50,1930,Predators,30,153.5,113.8,172.5
50,1930,Prey,30,1938,1751.8000000000002,2292.5000000000005
50,1940,Predators,30,152,111.8,172.3
50,1940,Prey,30,2030,1799.9,2376.1000000000004
50,1950,Predators,30,153,113.8,171.1
50,1950,Prey,30,2142,1899.6,2470.3
50,1960,Predators,30,154.5,118.69999999999999,170.50000000000003
50,1960,Prey,30,2241.5,2020.8000000000002,2587.3
50,1970,Predators,30,159,119.6,174.2
50,1970,Prey,30,2336,2100.8,2709
50,1980,Predators,30,160.5,119.8,174.5
50,1980,Prey,30,2439,2162.4,2844.3
50,1990,Predators,30,158.5,121.7,176.60000000000002
50,1990,Prey,30,2527.5,2269.3,2997.1000000000004
50,2000,Predators,30,159.5,123.7,182.1
50,2000,Prey,30,2629,2379.7,3143.4
50,2010,Predators,30,166.5,129.7,190.2
50,2010,Prey,30,2341.5,2087.6,2780
50,2020,Predators,30,174.5,135.6,199.1
50,2020,Prey,30,2149.5,1901.3,2453.9
50,2030,Predators,30,180.5,140.7,209.4
50,2030,Prey,30,1971,1713.7,2242.7000000000003
50,2040,Predators,30,190,144.6,218.10000000000002
50,2040,Prey,30,1818,1583.5,2065.7
50,2050,Predators,30,198.5,153.4,224.70000000000002
50,2050,Prey,30,1662,1417.3,1909.4
50,2060,Predators,30,207,157.79999999999998,232.1
50,2060,Prey,30,1527,1290.9,1736.9
50,2070,Predators,30,215,166.60000000000002,240
50,2070,Prey,30,1396,1158.1,1550.3
50,2080,Predators,30,223,171.9,246.1
50,2080,Prey,30,1269.5,1054.7,1414.7
50,2090,Predators,30,226,175,246.6
50,2090,Prey,30,1139,948.3,1266.3
50,2100,Predators,30,227,179.5,250.40000000000003
50,2100,Prey,30,1017.5,873,1145.9
50,2110,Predators,30,226,180.9,253.70000000000002
50,2110,Prey,30,916,775.4,1051.9
50,2120,Predators,30,222.5,186.7,256.1
50,2120,Prey,30,818.5,699.9,970.1
50,2130,Predators,30,223,186,254.10000000000002
50,2130,Prey,30,724.5,628.4,876.4
50,2140,Predators,30,220.5,188.8,251.7
50,2140,Prey,30,647.5,544.9,804.5
50,2150,Predators,30,217,192.70000000000002,252.1
50,2150,Prey,30,583,485.7,722.6
50,2160,Predators,30,211.5,188.70000000000002,241
50,2160,Prey,30,528.5,438.20000000000005,677.1
50,2170,Predators,30,203,182.70000000000002,240.1
50,2170,Prey,30,483.5,387.8,614.9000000000001
50,2180,Predators,30,197,174.6,222.9
50,2180,Prey,30,438,344.90000000000003,580.2
50,2190,Predators,30,188.5,167.29999999999998,214.7
50,2190,Prey,30,403,315.1,540
50,2200,Predators,30,178,161.10000000000002,204.4
50,2200,Prey,30,362,272.4,515.1
50,2210,Predators,30,169,152.79999999999998,194.20000000000002
50,2210,Prey,30,347.5,252.89999999999998,466.6000000000001
50,2220,Predators,30,161.5,142.79999999999998,181
50,2220,Prey,30,333.5,244.60000000000002,442.2000000000001
50,2230,Predators,30,154,127.6,170.10000000000002
50,2230,Prey,30,310.5,247.10000000000002,441.00000000000006
50,2240,Predators,30,144.5,119.7,164
50,2240,Prey,30,297.5,231.8,425.3000000000001
50,2250,Predators,30,133,111.8,153.10000000000002
50,2250,Prey,30,298,220.9,441.50000000000006
50,2260,Predators,30,122,104.00000000000001,140.5
50,2260,Prey,30,298,222.6,438.30000000000007
50,2270,Predators,30,111.5,92.7,132.1
50,2270,Prey,30,309,228.1,432
50,2280,Predators,30,102.5,81.8,122.4
50,2280,Prey,30,324.5,244.4,439.6
50,2290,Predators,30,96,70.8,113.30000000000001
50,2290,Prey,30,331.5,249.70000000000002,449.8
50,2300,Predators,30,88.5,63.7,109.30000000000001
50,2300,Prey,30,345.5,263,463.2
50,2310,Predators,30,82.5,60.4,101.50000000000001
50,2310,Prey,30,357.5,266.3,459.2
50,2320,Predators,30,74.5,52.5,97.60000000000002
50,2320,Prey,30,395,282.6,471.70000000000005
50,2330,Predators,30,68.5,48.4,98.1
50,2330,Prey,30,419.5,300.90000000000003,524.5
50,2340,Predators,30,65,40.6,91.1
50,2340,Prey,30,445.5,324.59999999999997,576.2
50,2350,Predators,30,63,37.50000000000001,90.2
50,2350,Prey,30,489.5,363.3,620.3
50,2360,Predators,30,59.5,32.9,85.30000000000001
50,2360,Prey,30,534.5,397.4,670.0999999999999
50,2370,Predators,30,57.5,31.700000000000003,82.4
50,2370,Prey,30,591,424,750.9
50,2380,Predators,30,55.5,30.800000000000004,82.4
50,2380,Prey,30,658.5,452,835.3000000000001
50,2390,Predators,30,53.5,29.8,78.5
50,2390,Prey,30,728,497.90000000000003,928.0000000000001
50,2400,Predators,30,53.5,29.700000000000003,77.4
50,2400,Prey,30,795.5,547.6,1034.4
50,2410,Predators,30,55,28,78.1
50,2410,Prey,30,863.5,628.4,1120.3
50,2420,Predators,30,53.5,27.9,77.20000000000002
50,2420,Prey,30,954,727.9,1209.6000000000001
50,2430,Predators,30,54.5,30.800000000000004,79.4
50,2430,Prey,30,1060,828.9,1337.6000000000001
50,2440,Predators,30,54.5,29.9,78.60000000000001
50,2440,Prey,30,1152.5,892.4,1503
50,2450,Predators,30,55,31,79.6
50,2450,Prey,30,1268.5,1001.9,1580.7
50,2460,Predators,30,55.5,33.9,82.4
50,2460,Prey,30,1381.5,1125.7,1679.9
50,2470,Predators,30,55.5,34.7,84.60000000000001
50,2470,Prey,30,1501.5,1244.6999999999998,1796.7
50,2480,Predators,30,54,34.900000000000006,85.30000000000001
50,2480,Prey,30,1602,1311.8,1915.3
50,2490,Predators,30,57,35.8,89.10000000000001
50,2490,Prey,30,1696.5,1349.6,1973.7
50,2500,Predators,30,57.5,38.5,87
50,2500,Prey,30,1771,1382,2049.8
50,2510,Predators,30,60.5,37.800000000000004,89.20000000000002
50,2510,Prey,30,1867.5,1462.3000000000002,2158
50,2520,Predators,30,63,38.7,93.4
50,2520,Prey,30,1946.5,1525.5,2247.8
50,2530,Predators,30,65.5,40.6,96.5
50,2530,Prey,30,2005.5,1612.2,2304
50,2540,Predators,30,69,44.6,99.4
50,2540,Prey,30,2049,1675.6,2344.2000000000003
50,2550,Predators,30,74,45.60000000000001,104.5
50,2550,Prey,30,2068,1747.5000000000002,2370.6
50,2560,Predators,30,77,48.3,115.19999999999999
50,2560,Prey,30,2150,1785.1000000000001,2414
50,2570,Predators,30,80.5,49.4,117.4
50,2570,Prey,30,2165,1798.8000000000002,2451.9
50,2580,Predators,30,84,49.699999999999996,118.80000000000001
50,2580,Prey,30,2132.5,1819,2424.3
50,2590,Predators,30,87,51.7,120.10000000000001
50,2590,Prey,30,2102.5,1804.7,2378.4
50,2600,Predators,30,93,56.5,125.70000000000002
50,2600,Prey,30,2069,1770.3000000000002,2301.2000000000003
50,2610,Predators,30,96.5,58.6,127.6
50,2610,Prey,30,1996.5,1731.9,2246.4
50,2620,Predators,30,103.5,60.6,134.8
50,2620,Prey,30,1923.5,1653.1,2166.7000000000003
50,2630,Predators,30,106,65.3,137.3
50,2630,Prey,30,1865.5,1570,2110
50,2640,Predators,30,110,66.5,139.8
50,2640,Prey,30,1816,1491.5,2018.2
50,2650,Predators,30,111.5,73.2,144.70000000000002
50,2650,Prey,30,1723.5,1434.7,1959.8000000000002
50,2660,Predators,30,113,79.80000000000001,148.70000000000002
50,2660,Prey,30,1597.5,1382.8,1901.8000000000002
50,2670,Predators,30,115.5,84.30000000000001,154.40000000000003
50,2670,Prey,30,1534,1305,1831.8000000000002
50,2680,Predators,30,119,85.5,155.40000000000003
50,2680,Prey,30,1461,1229.9,1771
50,2690,Predators,30,119.5,89.60000000000001,158.80000000000004
50,2690,Prey,30,1385,1155,1665.5
50,2700,Predators,30,121,89.80000000000001,163.30000000000004
50,2700,Prey,30,1304.5,1077.4,1576.1000000000001
50,2710,Predators,30,121,93.5,164.20000000000002
50,2710,Prey,30,1208.5,1028.7,1479.2
50,2720,Predators,30,122,95.50000000000001,167.9
50,2720,Prey,30,1128.5,963.9,1393.1999999999998
50,2730,Predators,30,126.5,99.10000000000001,169.10000000000002
50,2730,Prey,30,1074,912.6999999999999,1306.9
50,2740,Predators,30,128,100.4,170.00000000000003
50,2740,Prey,30,1021.5,847.5,1184.6000000000001
50,2750,Predators,30,129.5,99.5,172.3
50,2750,Prey,30,947.5,774.6999999999999,1104.1000000000001
50,2760,Predators,30,131.5,99.4,170.50000000000003
50,2760,Prey,30,869.5,711.4,1037.8000000000002
50,2770,Predators,30,131.5,100.80000000000001,166.29999999999998
50,2770,Prey,30,831.5,673.1,988.7
50,2780,Predators,30,133.5,103.9,169.20000000000002
50,2780,Prey,30,753,632.6,964.6
50,2790,Predators,30,133,104.9,162.50000000000003
50,2790,Prey,30,697,605,917.4
50,2800,Predators,30,133,105.2,163.1
50,2800,Prey,30,654.5,551,874.6
50,2810,Predators,30,134.5,101,160.3
50,2810,Prey,30,615.5,520,842
50,2820,Predators,30,135.5,101.9,159
50,2820,Prey,30,585,486.70000000000005,793.5
50,2830,Predators,30,131.5,101.9,160
50,2830,Prey,30,556,442.9,769.7
50,2840,Predators,30,129,102.69999999999999,154.70000000000002
50,2840,Prey,30,522.5,419,728.3
50,2850,Predators,30,123.5,101.9,154.50000000000003
50,2850,Prey,30,510,402,683.3000000000001
50,2860,Predators,30,119,99.89999999999999,151.2
50,2860,Prey,30,496.5,381.40000000000003,654.2
50,2870,Predators,30,114,98.9,150.39999999999998
50,2870,Prey,30,484.5,380.6,642.8
50,2880,Predators,30,114,95.8,145.60000000000002
50,2880,Prey,30,461.5,365.90000000000003,629.4000000000001
50,2890,Predators,30,112.5,94.69999999999999,142.60000000000002
50,2890,Prey,30,465,364.7,608.5
50,2900,Predators,30,107.5,91.60000000000001,140.2
50,2900,Prey,30,460,366.40000000000003,611.7
50,2910,Predators,30,104,85.4,139.1
50,2910,Prey,30,468.5,355.6,607.5
50,2920,Predators,30,100.5,84.6,133.10000000000002
50,2920,Prey,30,477.5,359.9,608.6
50,2930,Predators,30,94.5,79.9,128.5
50,2930,Prey,30,496.5,368.59999999999997,632.9
50,2940,Predators,30,91.5,73.6,127.6
50,2940,Prey,30,510,372.3,689
50,2950,Predators,30,89,71.7,124.5
50,2950,Prey,30,525.5,392.5,719
50,2960,Predators,30,86,67,121.80000000000001
50,2960,Prey,30,541,410.8,740.1
50,2970,Predators,30,81,62.900000000000006,115.5
50,2970,Prey,30,570.5,433.70000000000005,779.9000000000001
50,2980,Predators,30,79.5,61.400000000000006,114.30000000000001
50,2980,Prey,30,608,464.7,840.7
50,2990,Predators,30,78.5,58.900000000000006,111.1
50,2990,Prey,30,649.5,513,880.0000000000001
50,3000,Predators,30,78,57.9,106.2
50,3000,Prey,30,691.5,552.7,942.6000000000001
55,0,Predators,30,10,10,10
55,0,Prey,30,100,100,100
55,10,Predators,30,10,10,10
55,10,Prey,30,109,105,113.10000000000001
55,20,Predators,30,10,10,11
55,20,Prey,30,140.5,131.9,149.4
55,30,Predators,30,10,10,11
55,30,Prey,30,199.5,181.9,210.70000000000002
55,40,Predators,30,10,10,11
55,40,Prey,30,285,260.4,307.3
55,50,Predators,30,10,10,11.100000000000001
55,50,Prey,30,406,374.4,446.1
55,60,Predators,30,10,10,11.100000000000001
55,60,Prey,30,579.5,532.8000000000001,635.4000000000001
55,70,Predators,30,10.5,10,12
55,70,Prey,30,824,744,904.4
55,80,Predators,30,8,6,10.100000000000001
55,80,Prey,30,1164.5,1039.7,1256.1000000000001
55,90,Predators,30,8,6,10.100000000000001
55,90,Prey,30,1603,1428.3000000000002,1717.9
55,100,Predators,30,8,6,10.100000000000001
55,100,Prey,30,2200,2006.6000000000001,2359.4
55,110,Predators,30,9,6,11
55,110,Prey,30,2956,2744,3182.6000000000004
55,120,Predators,30,9,6.9,11.100000000000001
55,120,Prey,30,3924,3585.8,4200.4000000000005
55,130,Predators,30,9,6.9,12.300000000000004
55,130,Prey,30,5079,4649.6,5414.3
55,140,Predators,30,9.5,7.9,13.200000000000003
55,140,Prey,30,6390,5915.5,6719.8
55,150,Predators,30,10,7.9,16
55,150,Prey,30,7747.5,7252,8163.4
55,160,Predators,30,11,7.9,16.1
55,160,Prey,30,9087,8555.1,9555
55,170,Predators,30,11,7,17
55,170,Prey,30,10317.5,9829.1,10891.300000000001
55,180,Predators,30,11,7,17.1
55,180,Prey,30,11462.5,10994.4,11955.6
55,190,Predators,30,12.5,7.9,17.1
55,190,Prey,30,12322,11868.4,12695
55,200,Predators,30,13,7.9,18
55,200,Prey,30,12872,12591.5,13183.9
55,210,Predators,30,13,7.9,19
55,210,Prey,30,13177,12895.6,13396.2
55,220,Predators,30,13,7.9,20
55,220,Prey,30,13219.5,13009.9,13414.599999999999
55,230,Predators,30,13.5,8,20.1
55,230,Prey,30,13092,12920.9,13314.699999999999
55,240,Predators,30,14,8.9,20.300000000000004
55,240,Prey,30,12879.5,12573.8,13073.3
55,250,Predators,30,14.5,9,21.300000000000004
55,250,Prey,30,12564,12256.4,12743.1
55,260,Predators,30,15,9,24
55,260,Prey,30,12150,11847.300000000001,12357
55,270,Predators,30,15,9.9,24.200000000000003
55,270,Prey,30,11673.5,11434.3,11901.5
55,280,Predators,30,16,10,26
55,280,Prey,30,11211,10951.300000000001,11421.9
55,290,Predators,30,16.5,10,25.200000000000003
55,290,Prey,30,10658.5,10440.6,10897.4
55,300,Predators,30,16.5,10.9,25.300000000000004
55,300,Prey,30,10103.5,9847.1,10354.6
55,310,Predators,30,16.5,10.8,26.200000000000003
55,310,Prey,30,9524,9288.1,9772.4
55,320,Predators,30,17,10.9,27.300000000000004
55,320,Prey,30,8930,8700.1,9248.300000000001
55,330,Predators,30,18,10.9,30
55,330,Prey,30,8384.5,8185,8604
55,340,Predators,30,19,11,31
55,340,Prey,30,7834.5,7613.4000000000005,8075.4
55,350,Predators,30,19,12,32.1
55,350,Prey,30,7285,7053.1,7478
55,360,Predators,30,20,11.9,33
55,360,Prey,30,6751,6504.6,6946.1
55,370,Predators,30,20,12,34
55,370,Prey,30,6204,5970.1,6442.5
55,380,Predators,30,20,12.9,34.1
55,380,Prey,30,5703,5455.8,5914.2
55,390,Predators,30,21.5,13.8,33.1
55,390,Prey,30,5217.5,5002.3,5446
55,400,Predators,30,22,13.8,34.2
55,400,Prey,30,4771.5,4531.3,4944.1
55,410,Predators,30,21,13.8,34.300000000000004
55,410,Prey,30,4314.5,4143.6,4476.8
55,420,Predators,30,22,13.8,36.1
55,420,Prey,30,3916.5,3751.2,4125.4000000000005
55,430,Predators,30,22.5,13.8,36.1
55,430,Prey,30,3539,3370.6,3712.1
55,440,Predators,30,23,14.8,36.2
55,440,Prey,30,3197.5,3006.9,3334.2
55,450,Predators,30,23.5,14.8,36.300000000000004
55,450,Prey,30,2884,2726.1000000000004,3018.3999999999996
55,460,Predators,30,23,14,37.2
55,460,Prey,30,2589.5,2452.3,2751.4
55,470,Predators,30,24,13.9,37
55,470,Prey,30,2328.5,2163.8,2460.7
55,480,Predators,30,24.5,14,37
55,480,Prey,30,2103.5,1927.2,2209.4
55,490,Predators,30,25.5,14,38.1
55,490,Prey,30,1904,1734.4,1983.5
55,500,Predators,30,25.5,14,38.2
55,500,Prey,30,1733,1551.2,1822.1000000000001
55,510,Predators,30,27,14.9,40.1
55,510,Prey,30,1558.5,1373.7,1646.8000000000002
55,520,Predators,30,28,15.9,41.1
55,520,Prey,30,1415.5,1260,1501.5
55,530,Predators,30,28,15.8,41
55,530,Prey,30,1298.5,1151.5,1379.6000000000001
55,540,Predators,30,28.5,15,41.1
55,540,Prey,30,1182.5,1050.5,1286.1000000000001
55,550,Predators,30,29.5,14.9,42.1
55,550,Prey,30,1088.5,967.4,1185.3000000000002
55,560,Predators,30,31.5,14.9,43
55,560,Prey,30,997,874.6,1103.6000000000001
55,570,Predators,30,31.5,15.8,44.1
55,570,Prey,30,926.5,823.6,1041
55,580,Predators,30,31.5,16.700000000000003,45
55,580,Prey,30,867,770.3000000000001,959.9000000000001
55,590,Predators,30,32,15.700000000000001,45.1
55,590,Prey,30,813.5,735.2,917.7
55,600,Predators,30,32,16.700000000000003,46
55,600,Prey,30,769,703.4,874.4000000000001
55,610,Predators,30,31.5,15.8,48
55,610,Prey,30,736,670.8,828.1000000000001
55,620,Predators,30,31.5,14.9,48.1
55,620,Prey,30,705,649.3,816.6
55,630,Predators,30,31.5,15.9,49
55,630,Prey,30,680.5,617.8000000000001,793.8000000000001
55,640,Predators,30,32.5,16.8,51.1
55,640,Prey,30,668,602.6999999999999,769.9
55,650,Predators,30,33.5,16.9,50
55,650,Prey,30,663,603.8000000000001,762.1
55,660,Predators,30,33.5,17.9,51.1
55,660,Prey,30,657.5,606.8000000000001,748.7
55,670,Predators,30,32.5,17.8,50.2
55,670,Prey,30,663.5,615.8000000000001,753.5
55,680,Predators,30,32,16.9,51.300000000000004
55,680,Prey,30,691,626.5,761.4
55,690,Predators,30,32.5,16,51.2
55,690,Prey,30,714.5,644.7,781.2
55,700,Predators,30,32.5,16,54
55,700,Prey,30,762,691.9,813.0000000000001
55,710,Predators,30,33,17,55
55,710,Prey,30,817,725.5,878.5
55,720,Predators,30,34,17,54.1
55,720,Prey,30,874,789.7,946.2
55,730,Predators,30,33.5,17.9,55
55,730,Prey,30,963,858.6999999999999,1045.4
55,740,Predators,30,34,18.900000000000002,56.1
55,740,Prey,30,1075,971.5,1179.1
55,750,Predators,30,35,19,57.1
55,750,Prey,30,1194.5,1077.7,1325
55,760,Predators,30,34.5,19.9,56.1
55,760,Prey,30,1363.5,1193.7,1488.6000000000001
55,770,Predators,30,35,19.9,58.1
55,770,Prey,30,1540,1331.8,1686.1000000000001
55,780,Predators,30,36.5,20.9,58.300000000000004
55,780,Prey,30,1746,1519.9,1922.3000000000002
55,790,Predators,30,38,20.9,60.60000000000001
55,790,Prey,30,1991.5,1728.8,2171.1000000000004
55,800,Predators,30,39,21.8,61.70000000000001
55,800,Prey,30,2222.5,1958.3,2479.4000000000005
55,810,Predators,30,40,21.8,65.70000000000002
55,810,Prey,30,2498,2205.6,2791.0000000000005
55,820,Predators,30,42.5,22.700000000000003,66.80000000000001
55,820,Prey,30,2784,2466.9,3122.4000000000005
55,830,Predators,30,43,23.9,67.9
55,830,Prey,30,3074.5,2746,3452.6000000000004
55,840,Predators,30,46,25.700000000000003,68.80000000000001
55,840,Prey,30,3388.5,3102.3999999999996,3769.1000000000004
55,850,Predators,30,47.5,26.6,71.60000000000001
55,850,Prey,30,3669,3435,4112.8
55,860,Predators,30,49,26.700000000000003,72.70000000000002
55,860,Prey,30,3939.5,3728.5,4435.9000000000005
55,870,Predators,30,50,27.700000000000003,72.9
55,870,Prey,30,4195,3972.8,4699.200000000001
55,880,Predators,30,50.5,27.700000000000003,74.80000000000001
55,880,Prey,30,4468.5,4138.9,4866
55,890,Predators,30,53,27.8,76.80000000000001
55,890,Prey,30,4647,4274.8,4967.5
55,900,Predators,30,54,29.700000000000003,79.4
55,900,Prey,30,4738.5,4418.8,5024.9
55,910,Predators,30,54,29,78.5
55,910,Prey,30,4771.5,4394.7,5028.7
55,920,Predators,30,53,29.9,76.60000000000001
55,920,Prey,30,4745.5,4371.9000000000005,4958.9000000000005
55,930,Predators,30,53.5,31,78.9
55,930,Prey,30,4646.5,4346.6,4868.700000000001
55,940,Predators,30,54.5,34.900000000000006,80.70000000000002
55,940,Prey,30,4548.5,4280.2,4702.1
55,950,Predators,30,58,34,79.10000000000002
55,950,Prey,30,4369,4087.7999999999997,4547.3
55,960,Predators,30,58,34.800000000000004,82.70000000000002
55,960,Prey,30,4174,3886.6,4390
55,970,Predators,30,59.5,35.8,81.90000000000002
55,970,Prey,30,3952,3673.9,4195.8
55,980,Predators,30,62,35,82.80000000000001
55,980,Prey,30,3728.5,3467.2,3946.9
55,990,Predators,30,63,34.900000000000006,86.70000000000002
55,990,Prey,30,3465,3209.5,3699.8999999999996
55,1000,Predators,30,65,36.9,86.60000000000001
55,1000,Prey,30,3234,2993.2,3478.8
55,1010,Predators,30,65,37.900000000000006,84.80000000000001
55,1010,Prey,30,3017.5,2793.7,3225
55,1020,Predators,30,64,37.7,86.5
55,1020,Prey,30,2839,2613,3018.4
55,1030,Predators,30,65.5,38.6,85.80000000000001
55,1030,Prey,30,2655,2431.2000000000003,2826
55,1040,Predators,30,66.5,40.6,89.60000000000002
55,1040,Prey,30,2457,2223,2656
55,1050,Predators,30,67,41.599999999999994,89.60000000000002
55,1050,Prey,30,2274.5,2036.5,2478.6
55,1060,Predators,30,66.5,41.699999999999996,88.70000000000002
55,1060,Prey,30,2109,1873.6,2314.3
55,1070,Predators,30,67.5,44.2,89.70000000000002
55,1070,Prey,30,1953,1742,2163.7
55,1080,Predators,30,69.5,46.400000000000006,92
55,1080,Prey,30,1821,1605.6000000000001,2023.2
55,1090,Predators,30,71,46.400000000000006,92.4
55,1090,Prey,30,1692.5,1475.1,1890.1
55,1100,Predators,30,73,45.400000000000006,94.4
55,1100,Prey,30,1578.5,1376.6000000000001,1779.3
55,1110,Predators,30,73,46.5,94.80000000000001
55,1110,Prey,30,1475,1273.1999999999998,1690.3
55,1120,Predators,30,74,47.300000000000004,97.60000000000002
55,1120,Prey,30,1388.5,1175.8999999999999,1584.3
55,1130,Predators,30,74,48.4,98.80000000000001
55,1130,Prey,30,1305.5,1107.6000000000001,1500.0000000000002
55,1140,Predators,30,74.5,49.5,98.80000000000001
55,1140,Prey,30,1241,1030.2,1431.2000000000003
55,1150,Predators,30,76,49.5,97.10000000000002
55,1150,Prey,30,1186,1002.1,1359.2000000000003
55,1160,Predators,30,78,50.2,98.80000000000001
55,1160,Prey,30,1139.5,955.2,1318
55,1170,Predators,30,77,52.1,106.2
55,1170,Prey,30,1084.5,939.3,1279.6
55,1180,Predators,30,76.5,53.00000000000001,106.4
55,1180,Prey,30,1051.5,937.2,1232.7
55,1190,Predators,30,76.5,53.10000000000001,106.1
55,1190,Prey,30,1017,908.7,1206.8999999999999
55,1200,Predators,30,76.5,53.10000000000001,107.1
55,1200,Prey,30,997.5,900,1185.1000000000001
55,1210,Predators,30,77,53.10000000000001,109
55,1210,Prey,30,987,892.5999999999999,1164.1000000000001
55,1220,Predators,30,78.5,54.10000000000001,107.4
55,1220,Prey,30,981,884,1159.3999999999999
55,1230,Predators,30,79.5,54.10000000000001,108.60000000000001
55,1230,Prey,30,987,881.0999999999999,1174.3000000000002
55,1240,Predators,30,78.5,54.300000000000004,111.19999999999999
55,1240,Prey,30,1003,883.2,1179.3000000000002
55,1250,Predators,30,79.5,56.2,109.70000000000002
55,1250,Prey,30,1015.5,910.1,1201.4
55,1260,Predators,30,81,55.6,112.4
55,1260,Prey,30,1047.5,941.5,1224.9
55,1270,Predators,30,82.5,56.6,113.50000000000001
55,1270,Prey,30,1093.5,960.5,1256.8000000000002
55,1280,Predators,30,84.5,56.9,114.60000000000001
55,1280,Prey,30,1141,1040.2,1317
55,1290,Predators,30,84.5,56.8,116.30000000000001
55,1290,Prey,30,1217.5,1080.4,1405.8
55,1300,Predators,30,85.5,58.7,118.2
55,1300,Prey,30,1287.5,1131.9,1492.4
55,1310,Predators,30,88,58.800000000000004,119.19999999999999
55,1310,Prey,30,1373,1233.2,1576.1
55,1320,Predators,30,89,59,119.6
55,1320,Prey,30,1490.5,1301.1,1685.4
55,1330,Predators,30,90.5,58.900000000000006,118.70000000000002
55,1330,Prey,30,1616.5,1421.3999999999999,1791.4
55,1340,Predators,30,91.5,59.7,123.3
55,1340,Prey,30,1768,1549.3,1963.6
55,1350,Predators,30,94,60.7,123.4
55,1350,Prey,30,1897,1669.4,2104.8
55,1360,Predators,30,97,64.3,125.20000000000002
55,1360,Prey,30,2063,1817.3000000000002,2284.6000000000004
55,1370,Predators,30,98,63.6,126.30000000000001
55,1370,Prey,30,2218.5,1986.7,2495.8
55,1380,Predators,30,100.5,68.1,125.60000000000002
55,1380,Prey,30,2406.5,2122.5,2744.3999999999996
55,1390,Predators,30,102.5,68.7,124.9
55,1390,Prey,30,2576,2263.5,2995.2000000000003
55,1400,Predators,30,104,70.7,128.8
55,1400,Prey,30,2754.5,2450.4,3174
55,1410,Predators,30,105.5,75.30000000000001,132.60000000000002
55,1410,Prey,30,2926,2614.5,3413
55,1420,Predators,30,107.5,76.1,135.2
55,1420,Prey,30,3103,2766.2000000000003,3587.3
55,1430,Predators,30,109.5,80.7,138.3
55,1430,Prey,30,3282.5,2917.7999999999997,3806.6
55,1440,Predators,30,112,85.2,143
55,1440,Prey,30,3449,3062.6000000000004,3990.9
55,1450,Predators,30,114,86.5,146.10000000000002
55,1450,Prey,30,3590.5,3173.2000000000003,4105.700000000001
55,1460,Predators,30,115.5,88.3,148.1
55,1460,Prey,30,3665.5,3254.7999999999997,4143.3
55,1470,Predators,30,113.5,90.10000000000001,145.8
55,1470,Prey,30,3748,3351.7,4129.200000000001
55,1480,Predators,30,117.5,90.9,144.9
55,1480,Prey,30,3777.5,3385.7000000000003,4104.6
55,1490,Predators,30,118.5,91.9,149.20000000000002
55,1490,Prey,30,3779.5,3375.6,4024.1
55,1500,Predators,30,120,92.10000000000001,151.6
55,1500,Prey,30,3769,3431.9,4001.3999999999996
55,1510,Predators,30,120.5,96,150.9
55,1510,Prey,30,3755,3387.5,3895.2
55,1520,Predators,30,122,95.20000000000002,151.6
55,1520,Prey,30,3700.5,3329.5,3854.6000000000004
55,1530,Predators,30,122.5,92.50000000000001,153.4
55,1530,Prey,30,3594,3257.1,3806.3
55,1540,Predators,30,124,93.6,153.3
55,1540,Prey,30,3476,3148.1,3731.5
55,1550,Predators,30,127,97.9,156.1
55,1550,Prey,30,3341.5,3042.5,3627.7
55,1560,Predators,30,126,96.70000000000002,157.20000000000002
55,1560,Prey,30,3213,2921.7,3508.1
55,1570,Predators,30,125.5,95.80000000000001,155.5
55,1570,Prey,30,3040.5,2801.5,3391.3
55,1580,Predators,30,126.5,96.80000000000001,157.60000000000002
55,1580,Prey,30,2881,2657.8999999999996,3259.2999999999997
55,1590,Predators,30,127,95.80000000000001,160.5
55,1590,Prey,30,2752.5,2522.9,3119.8
55,1600,Predators,30,128,97.6,158.7
55,1600,Prey,30,2612.5,2383,3005.6
55,1610,Predators,30,131,97.5,160.4
55,1610,Prey,30,2497,2253,2906
55,1620,Predators,30,130.5,96.50000000000001,162.3
55,1620,Prey,30,2380.5,2136.2,2781.1
55,1630,Predators,30,130,98.7,159.6
55,1630,Prey,30,2277,2028.2,2652.8999999999996
55,1640,Predators,30,132,96,159.7
55,1640,Prey,30,2168.5,1906.2,2509.9
55,1650,Predators,30,132.5,95.20000000000002,159.4
55,1650,Prey,30,2070.5,1822.8,2388.5
55,1660,Predators,30,134,94.5,162.10000000000002
55,1660,Prey,30,1995.5,1750.1,2278.4
55,1670,Predators,30,134.5,95.50000000000001,162
55,1670,Prey,30,1944,1648.3000000000002,2160.2000000000003
55,1680,Predators,30,134,96.4,161.3
55,1680,Prey,30,1861,1538.7,2101
55,1690,Predators,30,133,97.4,157.70000000000002
55,1690,Prey,30,1757.5,1437.7,2047.5
55,1700,Predators,30,136,96.4,156.4
55,1700,Prey,30,1659.5,1355.8000000000002,1963
55,1710,Predators,30,132.5,101,158.5
55,1710,Prey,30,1594.5,1306.7,1904.6
55,1720,Predators,30,133,101.1,158
55,1720,Prey,30,1533,1259.8,1838.5
55,1730,Predators,30,134.5,103.00000000000001,160.1
55,1730,Prey,30,1466.5,1218.1,1807.4
55,1740,Predators,30,134.5,102.10000000000001,160
55,1740,Prey,30,1426,1189,1769.6
55,1750,Predators,30,137,99.2,162
55,1750,Prey,30,1391.5,1178.9,1714.8
55,1760,Predators,30,138,100.4,163.2
55,1760,Prey,30,1366,1154.3000000000002,1658.4
55,1770,Predators,30,137.5,102.60000000000001,163.1
55,1770,Prey,30,1345.5,1122.2,1620
55,1780,Predators,30,137.5,102.80000000000001,165
55,1780,Prey,30,1332.5,1128.3,1586.6
55,1790,Predators,30,139,103.9,164.2
55,1790,Prey,30,1319,1132.8000000000002,1566.7
55,1800,Predators,30,140,105,165
55,1800,Prey,30,1341,1123.2,1547.3000000000002
55,1810,Predators,30,138.5,104.2,164.2
55,1810,Prey,30,1343.5,1159.3999999999999,1546.7
55,1820,Predators,30,140.5,103.6,162.40000000000003
55,1820,Prey,30,1376.5,1186.3000000000002,1550.6999999999998
55,1830,Predators,30,140.5,101,165.20000000000002
55,1830,Prey,30,1396.5,1211.4,1542.2
55,1840,Predators,30,140,101,162.90000000000003
55,1840,Prey,30,1429.5,1224,1550.1
55,1850,Predators,30,142.5,101,163.9
55,1850,Prey,30,1456.5,1264.6,1570.3
55,1860,Predators,30,142,100,162.60000000000002
55,1860,Prey,30,1528,1268.8,1611.6000000000001
55,1870,Predators,30,142.5,102.89999999999999,162.60000000000002
55,1870,Prey,30,1548,1321.1,1671.7
55,1880,Predators,30,143.5,105.89999999999999,164.60000000000002
55,1880,Prey,30,1596,1373.1,1738.8000000000002
55,1890,Predators,30,146,112.30000000000001,164.70000000000002
55,1890,Prey,30,1647,1440.3,1843.2000000000003
55,1900,Predators,30,149.5,113.4,167.7
55,1900,Prey,30,1721,1520.9,2011.4
55,1910,Predators,30,148.5,115.5,171.4
55,1910,Prey,30,1787,1600.3000000000002,2126.2000000000003
55,1920,Predators,30,151,113.8,174.5
55,1920,Prey,30,1874.5,1654.8999999999999,2214.8
55,1930,Predators,30,153.5,113.8,172.5
55,1930,Prey,30,1938,1751.8000000000002,2292.5000000000005
55,1940,Predators,30,152,111.8,172.3
55,1940,Prey,30,2030,1799.9,2376.1000000000004
55,1950,Predators,30,153,113.8,171.1
55,1950,Prey,30,2142,1899.6,2470.3
55,1960,Predators,30,154.5,118.69999999999999,170.50000000000003
55,1960,Prey,30,2241.5,2020.8000000000002,2587.3
55,1970,Predators,30,159,119.6,174.2
55,1970,Prey,30,2336,2100.8,2709
55,1980,Predators,30,160.5,119.8,174.5
55,1980,Prey,30,2439,2162.4,2844.3
55,1990,Predators,30,158.5,121.7,176.60000000000002
55,1990,Prey,30,2527.5,2269.3,2997.1000000000004
55,2000,Predators,30,159.5,123.7,182.1
55,2000,Prey,30,2629,2379.7,3143.4
55,2010,Predators,30,168,137.7,190.39999999999998
55,2010,Prey,30,2293.5,2069.2,2704.8
55,2020,Predators,30,174,141.70000000000002,197.4
55,2020,Prey,30,2012,1855.7,2350.8
55,2030,Predators,30,179,147.79999999999998,205.90000000000003
55,2030,Prey,30,1838,1665.8,2141.5
55,2040,Predators,30,184,158,212.70000000000002
55,2040,Prey,30,1663,1503.2,1991.5
55,2050,Predators,30,191.5,162,223.2
55,2050,Prey,30,1494,1323.1999999999998,1769.8000000000002
55,2060,Predators,30,201,166,233
55,2060,Prey,30,1345.5,1160.9,1540.5
55,2070,Predators,30,204,170.7,239.3
55,2070,Prey,30,1216,1035.3,1343.5
55,2080,Predators,30,210,177.70000000000002,243.5
55,2080,Prey,30,1084.5,913.9000000000001,1198.9
55,2090,Predators,30,212.5,182,245.5
55,2090,Prey,30,958,806.5,1103.9
55,2100,Predators,30,211,182.9,248.2
55,2100,Prey,30,856.5,702.1,1010.5999999999999
55,2110,Predators,30,211.5,182.9,250
55,2110,Prey,30,767.5,630.5,878.1000000000001
55,2120,Predators,30,210.5,184.79999999999998,247.5
55,2120,Prey,30,685,543.5,782.5000000000001
55,2130,Predators,30,208.5,186.8,246.39999999999998
55,2130,Prey,30,610,479.6,723.7
55,2140,Predators,30,208.5,180.9,242
55,2140,Prey,30,530.5,423.09999999999997,649.5
55,2150,Predators,30,202.5,176.70000000000002,229.10000000000002
55,2150,Prey,30,471.5,373.80000000000007,576.6
55,2160,Predators,30,194,169.7,218.60000000000002
55,2160,Prey,30,424,339.40000000000003,518.2
55,2170,Predators,30,189.5,166.60000000000002,214.7
55,2170,Prey,30,385,291.79999999999995,482.00000000000006
55,2180,Predators,30,179,155.8,207.2
55,2180,Prey,30,353,270.8,443.00000000000006
55,2190,Predators,30,170.5,152.5,193.3
55,2190,Prey,30,322,236.89999999999998,406.6
55,2200,Predators,30,158.5,138.7,184
55,2200,Prey,30,309.5,227.2,382.9
55,2210,Predators,30,149,128.70000000000002,170.10000000000002
55,2210,Prey,30,290.5,211.6,378.3
55,2220,Predators,30,137,123.30000000000001,159.2
55,2220,Prey,30,282,208.70000000000002,350.40000000000003
55,2230,Predators,30,126,108.9,142.2
55,2230,Prey,30,276,208.9,344.80000000000007
55,2240,Predators,30,115.5,102.2,129.5
55,2240,Prey,30,275,203.9,348.90000000000003
55,2250,Predators,30,104.5,92.6,119.7
55,2250,Prey,30,272,194.29999999999998,344.1000000000001
55,2260,Predators,30,95.5,85.80000000000001,110.60000000000001
55,2260,Prey,30,271.5,188.1,371.9
55,2270,Predators,30,86,74.5,106
55,2270,Prey,30,274,176.9,386
55,2280,Predators,30,80.5,65.7,94.4
55,2280,Prey,30,285,177.4,384.6
55,2290,Predators,30,70.5,55.7,90.2
55,2290,Prey,30,298.5,186,379.1000000000001
55,2300,Predators,30,64.5,46,83.19999999999999
55,2300,Prey,30,325.5,204.6,408.1000000000001
55,2310,Predators,30,59.5,43.8,78.4
55,2310,Prey,30,349.5,231.20000000000002,432.70000000000005
55,2320,Predators,30,54,40.6,74.4
55,2320,Prey,30,370.5,261,475.4
55,2330,Predators,30,52,35.6,70.5
55,2330,Prey,30,410,297.70000000000005,508.79999999999995
55,2340,Predators,30,49.5,28.799999999999997,72.1
55,2340,Prey,30,437.5,336.8,567.3000000000001
55,2350,Predators,30,45.5,27.9,69.1
55,2350,Prey,30,486.5,371.8,640.1000000000001
55,2360,Predators,30,43,25.8,64.70000000000002
55,2360,Prey,30,535,428.70000000000005,708.2
55,2370,Predators,30,42.5,23.9,62.70000000000001
55,2370,Prey,30,589.5,476.40000000000003,750.9
55,2380,Predators,30,41,24.799999999999997,58.70000000000001
55,2380,Prey,30,648.5,530.8000000000001,834.3
55,2390,Predators,30,40.5,25.5,57.50000000000001
55,2390,Prey,30,730.5,597.1999999999999,907.7
55,2400,Predators,30,41,24.6,60.400000000000006
55,2400,Prey,30,808,668.7,1007.2
55,2410,Predators,30,39,26.500000000000004,62.2
55,2410,Prey,30,898,735.1000000000001,1093.5
55,2420,Predators,30,39,23.9,63.2
55,2420,Prey,30,1004.5,821.2,1153.3000000000002
55,2430,Predators,30,37.5,25.700000000000003,66.2
55,2430,Prey,30,1100.5,884.9,1236.8000000000002
55,2440,Predators,30,39.5,25.8,68.5
55,2440,Prey,30,1197.5,960.3000000000001,1342.2
55,2450,Predators,30,38,25,72.1
55,2450,Prey,30,1286,1031.6,1433.9
55,2460,Predators,30,39.5,26,73.10000000000001
55,2460,Prey,30,1359,1112.1,1514.8000000000002
55,2470,Predators,30,42.5,26,72.4
55,2470,Prey,30,1472.5,1212.8000000000002,1601.4
55,2480,Predators,30,43,26,75.1
55,2480,Prey,30,1551,1283.1,1691
55,2490,Predators,30,45,28.9,75.80000000000001
55,2490,Prey,30,1645.5,1333.8,1787.1
55,2500,Predators,30,47.5,28,76.20000000000002
55,2500,Prey,30,1673,1411,1869.9
55,2510,Predators,30,48.5,29.700000000000003,80.30000000000001
55,2510,Prey,30,1757.5,1484.5,1912.9
55,2520,Predators,30,52.5,30.800000000000004,83.00000000000001
55,2520,Prey,30,1812.5,1520.5,1969.7
55,2530,Predators,30,55.5,28.9,86.00000000000003
55,2530,Prey,30,1825.5,1557.3,2025
55,2540,Predators,30,58.5,30.900000000000002,88
55,2540,Prey,30,1830.5,1592.2,2083
55,2550,Predators,30,59,33.7,93.20000000000002
55,2550,Prey,30,1848,1595.8,2093.6
55,2560,Predators,30,63,39.1,95.9
55,2560,Prey,30,1840.5,1588.9,2061.2000000000003
55,2570,Predators,30,66.5,41.900000000000006,98.70000000000002
55,2570,Prey,30,1833,1590.1,2023.1000000000004
55,2580,Predators,30,69,46.10000000000001,102.10000000000002
55,2580,Prey,30,1798,1547.3000000000002,1989.1000000000001
55,2590,Predators,30,70,46.10000000000001,105.00000000000001
55,2590,Prey,30,1782.5,1548.3000000000002,1950.6000000000001
55,2600,Predators,30,73,48.1,110.5
55,2600,Prey,30,1746.5,1522.7,1909.8999999999999
55,2610,Predators,30,76.5,52,110.9
55,2610,Prey,30,1683,1467.9,1881.3
55,2620,Predators,30,76.5,54.7,120
55,2620,Prey,30,1627.5,1391.4,1850.5
55,2630,Predators,30,78,56.7,120.5
55,2630,Prey,30,1558,1302.3999999999999,1805.4
55,2640,Predators,30,77.5,60.400000000000006,122.5
55,2640,Prey,30,1483,1262.9,1725.2
55,2650,Predators,30,79,60.70000000000001,127.3
55,2650,Prey,30,1409.5,1205.6999999999998,1634.9
55,2660,Predators,30,80,60.900000000000006,135.3
55,2660,Prey,30,1313.5,1150.1999999999998,1558.5000000000002
55,2670,Predators,30,81.5,61.900000000000006,140.1
55,2670,Prey,30,1251,1094.8,1498.4
55,2680,Predators,30,84,62.300000000000004,140.1
55,2680,Prey,30,1184,1029.8,1440.5
55,2690,Predators,30,87.5,67.10000000000001,141
55,2690,Prey,30,1107,985.5999999999999,1363.1999999999998
55,2700,Predators,30,91.5,69.10000000000001,140.60000000000002
55,2700,Prey,30,1038,922.2,1273.2
55,2710,Predators,30,93,72.30000000000001,141.3
55,2710,Prey,30,968,843.2,1179.1000000000001
55,2720,Predators,30,96.5,74.30000000000001,143.3
55,2720,Prey,30,920,760.2,1138.3000000000002
55,2730,Predators,30,100,74.30000000000001,143.10000000000002
55,2730,Prey,30,878.5,709.9000000000001,1085
55,2740,Predators,30,99.5,78.7,147.70000000000005
55,2740,Prey,30,832,630,1038.6000000000001
55,2750,Predators,30,101,80.10000000000001,148.70000000000002
55,2750,Prey,30,788.5,583.5,986
55,2760,Predators,30,101.5,79,148.70000000000002
55,2760,Prey,30,749,535.2,941.4000000000001
55,2770,Predators,30,103,79.3,146.50000000000003
55,2770,Prey,30,709,494.50000000000006,889.9
55,2780,Predators,30,102,80.4,139.8
55,2780,Prey,30,670.5,453.70000000000005,827.7
55,2790,Predators,30,103,78.5,136
55,2790,Prey,30,642,434.2,786.8000000000001
55,2800,Predators,30,103,76.9,133.4
55,2800,Prey,30,609,442.40000000000003,773.8000000000002
55,2810,Predators,30,102.5,76,132.3
55,2810,Prey,30,575.5,437.1,806.1
55,2820,Predators,30,103,74.9,127.4
55,2820,Prey,30,561,413.4,770.3
55,2830,Predators,30,102,77.4,124
55,2830,Prey,30,534,389.6,741.6
55,2840,Predators,30,100,74.60000000000001,118.2
55,2840,Prey,30,506,373.9,709.9000000000001
55,2850,Predators,30,99.5,71.5,115.1
55,2850,Prey,30,490.5,374,703.6
55,2860,Predators,30,96,68.7,112.4
55,2860,Prey,30,497,384,679.8
55,2870,Predators,30,89.5,65.89999999999999,110
55,2870,Prey,30,498.5,381,671.6
55,2880,Predators,30,88.5,62.800000000000004,107
55,2880,Prey,30,498,397.3,646.9000000000001
55,2890,Predators,30,88.5,60,107
55,2890,Prey,30,480.5,384.7,641.5
55,2900,Predators,30,87,58,109
55,2900,Prey,30,467,396,630
55,2910,Predators,30,83,57.9,110.1
55,2910,Prey,30,470,399.6,637.4
55,2920,Predators,30,77,55.8,107.1
55,2920,Prey,30,479.5,400.5,650.1
55,2930,Predators,30,75,55.8,108.1
55,2930,Prey,30,493.5,421,673.1
55,2940,Predators,30,75.5,52.7,102.30000000000001
55,2940,Prey,30,493,439.70000000000005,703.2
55,2950,Predators,30,72.5,50.7,100.70000000000002
55,2950,Prey,30,536,448.59999999999997,701.9
55,2960,Predators,30,69.5,50,99.7
55,2960,Prey,30,563,483.9,746.8000000000001
55,2970,Predators,30,70,47,95.30000000000001
55,2970,Prey,30,592.5,503.3,747.4000000000001
55,2980,Predators,30,69,46.800000000000004,93.30000000000001
55,2980,Prey,30,629.5,523.9,755
55,2990,Predators,30,65.5,45.900000000000006,91.60000000000002
55,2990,Prey,30,666.5,567,756.2
55,3000,Predators,30,63,44.8,89.90000000000003
55,3000,Prey,30,713,599.5,796
60,0,Predators,30,10,10,10
60,0,Prey,30,100,100,100
60,10,Predators,30,10,10,10
60,10,Prey,30,109,105,113.10000000000001
60,20,Predators,30,10,10,11
60,20,Prey,30,140.5,131.9,149.4
60,30,Predators,30,10,10,11
60,30,Prey,30,199.5,181.9,210.70000000000002
60,40,Predators,30,10,10,11
60,40,Prey,30,285,260.4,307.3
60,50,Predators,30,10,10,11.100000000000001
60,50,Prey,30,406,374.4,446.1
60,60,Predators,30,10,10,11.100000000000001
60,60,Prey,30,579.5,532.8000000000001,635.4000000000001
60,70,Predators,30,10.5,10,12
60,70,Prey,30,824,744,904.4
60,80,Predators,30,8,6,10.100000000000001
60,80,Prey,30,1164.5,1039.7,1256.1000000000001
60,90,Predators,30,8,6,10.100000000000001
60,90,Prey,30,1603,1428.3000000000002,1717.9
60,100,Predators,30,8,6,10.100000000000001
60,100,Prey,30,2200,2006.6000000000001,2359.4
60,110,Predators,30,9,6,11
60,110,Prey,30,2956,2744,3182.6000000000004
60,120,Predators,30,9,6.9,11.100000000000001
60,120,Prey,30,3924,3585.8,4200.4000000000005
60,130,Predators,30,9,6.9,12.300000000000004
60,130,Prey,30,5079,4649.6,5414.3
60,140,Predators,30,9.5,7.9,13.200000000000003
60,140,Prey,30,6390,5915.5,6719.8
60,150,Predators,30,10,7.9,16
60,150,Prey,30,7747.5,7252,8163.4
60,160,Predators,30,11,7.9,16.1
60,160,Prey,30,9087,8555.1,9555
60,170,Predators,30,11,7,17
60,170,Prey,30,10317.5,9829.1,10891.300000000001
60,180,Predators,30,11,7,17.1
60,180,Prey,30,11462.5,10994.4,11955.6
60,190,Predators,30,12.5,7.9,17.1
60,190,Prey,30,12322,11868.4,12695
60,200,Predators,30,13,7.9,18
60,200,Prey,30,12872,12591.5,13183.9
60,210,Predators,30,13,7.9,19
60,210,Prey,30,13177,12895.6,13396.2
60,220,Predators,30,13,7.9,20
60,220,Prey,30,13219.5,13009.9,13414.599999999999
60,230,Predators,30,13.5,8,20.1
60,230,Prey,30,13092,12920.9,13314.699999999999
60,240,Predators,30,14,8.9,20.300000000000004
60,240,Prey,30,12879.5,12573.8,13073.3
60,250,Predators,30,14.5,9,21.300000000000004
60,250,Prey,30,12564,12256.4,12743.1
60,260,Predators,30,15,9,24
60,260,Prey,30,12150,11847.300000000001,12357
60,270,Predators,30,15,9.9,24.200000000000003
60,270,Prey,30,11673.5,11434.3,11901.5
60,280,Predators,30,16,10,26
60,280,Prey,30,11211,10951.300000000001,11421.9
60,290,Predators,30,16.5,10,25.200000000000003
60,290,Prey,30,10658.5,10440.6,10897.4
60,300,Predators,30,16.5,10.9,25.300000000000004
60,300,Prey,30,10103.5,9847.1,10354.6
60,310,Predators,30,16.5,10.8,26.200000000000003
60,310,Prey,30,9524,9288.1,9772.4
60,320,Predators,30,17,10.9,27.300000000000004
60,320,Prey,30,8930,8700.1,9248.300000000001
60,330,Predators,30,18,10.9,30
60,330,Prey,30,8384.5,8185,8604
60,340,Predators,30,19,11,31
60,340,Prey,30,7834.5,7613.4000000000005,8075.4
60,350,Predators,30,19,12,32.1
60,350,Prey,30,7285,7053.1,7478
60,360,Predators,30,20,11.9,33
60,360,Prey,30,6751,6504.6,6946.1
60,370,Predators,30,20,12,34
60,370,Prey,30,6204,5970.1,6442.5
60,380,Predators,30,20,12.9,34.1
60,380,Prey,30,5703,5455.8,5914.2
60,390,Predators,30,21.5,13.8,33.1
60,390,Prey,30,5217.5,5002.3,5446
60,400,Predators,30,22,13.8,34.2
60,400,Prey,30,4771.5,4531.3,4944.1
60,410,Predators,30,21,13.8,34.300000000000004
60,410,Prey,30,4314.5,4143.6,4476.8
60,420,Predators,30,22,13.8,36.1
60,420,Prey,30,3916.5,3751.2,4125.4000000000005
60,430,Predators,30,22.5,13.8,36.1
60,430,Prey,30,3539,3370.6,3712.1
60,440,Predators,30,23,14.8,36.2
60,440,Prey,30,3197.5,3006.9,3334.2
60,450,Predators,30,23.5,14.8,36.300000000000004
60,450,Prey,30,2884,2726.1000000000004,3018.3999999999996
60,460,Predators,30,23,14,37.2
60,460,Prey,30,2589.5,2452.3,2751.4
60,470,Predators,30,24,13.9,37
60,470,Prey,30,2328.5,2163.8,2460.7
60,480,Predators,30,24.5,14,37
60,480,Prey,30,2103.5,1927.2,2209.4
60,490,Predators,30,25.5,14,38.1
60,490,Prey,30,1904,1734.4,1983.5
60,500,Predators,30,25.5,14,38.2
60,500,Prey,30,1733,1551.2,1822.1000000000001
60,510,Predators,30,27,14.9,40.1
60,510,Prey,30,1558.5,1373.7,1646.8000000000002
60,520,Predators,30,28,15.9,41.1
60,520,Prey,30,1415.5,1260,1501.5
60,530,Predators,30,28,15.8,41
60,530,Prey,30,1298.5,1151.5,1379.6000000000001
60,540,Predators,30,28.5,15,41.1
60,540,Prey,30,1182.5,1050.5,1286.1000000000001
60,550,Predators,30,29.5,14.9,42.1
60,550,Prey,30,1088.5,967.4,1185.3000000000002
60,560,Predators,30,31.5,14.9,43
60,560,Prey,30,997,874.6,1103.6000000000001
60,570,Predators,30,31.5,15.8,44.1
60,570,Prey,30,926.5,823.6,1041
60,580,Predators,30,31.5,16.700000000000003,45
60,580,Prey,30,867,770.3000000000001,959.9000000000001
60,590,Predators,30,32,15.700000000000001,45.1
60,590,Prey,30,813.5,735.2,917.7
60,600,Predators,30,32,16.700000000000003,46
60,600,Prey,30,769,703.4,874.4000000000001
60,610,Predators,30,31.5,15.8,48
60,610,Prey,30,736,670.8,828.1000000000001
60,620,Predators,30,31.5,14.9,48.1
60,620,Prey,30,705,649.3,816.6
60,630,Predators,30,31.5,15.9,49
60,630,Prey,30,680.5,617.8000000000001,793.8000000000001
60,640,Predators,30,32.5,16.8,51.1
60,640,Prey,30,668,602.6999999999999,769.9
60,650,Predators,30,33.5,16.9,50
60,650,Prey,30,663,603.8000000000001,762.1
60,660,Predators,30,33.5,17.9,51.1
60,660,Prey,30,657.5,606.8000000000001,748.7
60,670,Predators,30,32.5,17.8,50.2
60,670,Prey,30,663.5,615.8000000000001,753.5
60,680,Predators,30,32,16.9,51.300000000000004
60,680,Prey,30,691,626.5,761.4
60,690,Predators,30,32.5,16,51.2
60,690,Prey,30,714.5,644.7,781.2
60,700,Predators,30,32.5,16,54
60,700,Prey,30,762,691.9,813.0000000000001
60,710,Predators,30,33,17,55
60,710,Prey,30,817,725.5,878.5
60,720,Predators,30,34,17,54.1
60,720,Prey,30,874,789.7,946.2
60,730,Predators,30,33.5,17.9,55
60,730,Prey,30,963,858.6999999999999,1045.4
60,740,Predators,30,34,18.900000000000002,56.1
60,740,Prey,30,1075,971.5,1179.1
60,750,Predators,30,35,19,57.1
60,750,Prey,30,1194.5,1077.7,1325
60,760,Predators,30,34.5,19.9,56.1
60,760,Prey,30,1363.5,1193.7,1488.6000000000001
60,770,Predators,30,35,19.9,58.1
60,770,Prey,30,1540,1331.8,1686.1000000000001
60,780,Predators,30,36.5,20.9,58.300000000000004
60,780,Prey,30,1746,1519.9,1922.3000000000002
60,790,Predators,30,38,20.9,60.60000000000001
60,790,Prey,30,1991.5,1728.8,2171.1000000000004
60,800,Predators,30,39,21.8,61.70000000000001
60,800,Prey,30,2222.5,1958.3,2479.4000000000005
60,810,Predators,30,40,21.8,65.70000000000002
60,810,Prey,30,2498,2205.6,2791.0000000000005
60,820,Predators,30,42.5,22.700000000000003,66.80000000000001
60,820,Prey,30,2784,2466.9,3122.4000000000005
60,830,Predators,30,43,23.9,67.9
60,830,Prey,30,3074.5,2746,3452.6000000000004
60,840,Predators,30,46,25.700000000000003,68.80000000000001
60,840,Prey,30,3388.5,3102.3999999999996,3769.1000000000004
60,850,Predators,30,47.5,26.6,71.60000000000001
60,850,Prey,30,3669,3435,4112.8
60,860,Predators,30,49,26.700000000000003,72.70000000000002
60,860,Prey,30,3939.5,3728.5,4435.9000000000005
60,870,Predators,30,50,27.700000000000003,72.9
60,870,Prey,30,4195,3972.8,4699.200000000001
60,880,Predators,30,50.5,27.700000000000003,74.80000000000001
60,880,Prey,30,4468.5,4138.9,4866
60,890,Predators,30,53,27.8,76.80000000000001
60,890,Prey,30,4647,4274.8,4967.5
60,900,Predators,30,54,29.700000000000003,79.4
60,900,Prey,30,4738.5,4418.8,5024.9
60,910,Predators,30,54,29,78.5
60,910,Prey,30,4771.5,4394.7,5028.7
60,920,Predators,30,53,29.9,76.60000000000001
60,920,Prey,30,4745.5,4371.9000000000005,4958.9000000000005
60,930,Predators,30,53.5,31,78.9
60,930,Prey,30,4646.5,4346.6,4868.700000000001
60,940,Predators,30,54.5,34.900000000000006,80.70000000000002
60,940,Prey,30,4548.5,4280.2,4702.1
60,950,Predators,30,58,34,79.10000000000002
60,950,Prey,30,4369,4087.7999999999997,4547.3
60,960,Predators,30,58,34.800000000000004,82.70000000000002
60,960,Prey,30,4174,3886.6,4390
60,970,Predators,30,59.5,35.8,81.90000000000002
60,970,Prey,30,3952,3673.9,4195.8
60,980,Predators,30,62,35,82.80000000000001
60,980,Prey,30,3728.5,3467.2,3946.9
60,990,Predators,30,63,34.900000000000006,86.70000000000002
60,990,Prey,30,3465,3209.5,3699.8999999999996
60,1000,Predators,30,65,36.9,86.60000000000001
60,1000,Prey,30,3234,2993.2,3478.8
60,1010,Predators,30,65,37.900000000000006,84.80000000000001
60,1010,Prey,30,3017.5,2793.7,3225
60,1020,Predators,30,64,37.7,86.5
60,1020,Prey,30,2839,2613,3018.4
60,1030,Predators,30,65.5,38.6,85.80000000000001
60,1030,Prey,30,2655,2431.2000000000003,2826
60,1040,Predators,30,66.5,40.6,89.60000000000002
60,1040,Prey,30,2457,2223,2656
60,1050,Predators,30,67,41.599999999999994,89.60000000000002
60,1050,Prey,30,2274.5,2036.5,2478.6
60,1060,Predators,30,66.5,41.699999999999996,88.70000000000002
60,1060,Prey,30,2109,1873.6,2314.3
60,1070,Predators,30,67.5,44.2,89.70000000000002
60,1070,Prey,30,1953,1742,2163.7
60,1080,Predators,30,69.5,46.400000000000006,92
60,1080,Prey,30,1821,1605.6000000000001,2023.2
60,1090,Predators,30,71,46.400000000000006,92.4
60,1090,Prey,30,1692.5,1475.1,1890.1
60,1100,Predators,30,73,45.400000000000006,94.4
60,1100,Prey,30,1578.5,1376.6000000000001,1779.3
60,1110,Predators,30,73,46.5,94.80000000000001
60,1110,Prey,30,1475,1273.1999999999998,1690.3
60,1120,Predators,30,74,47.300000000000004,97.60000000000002
60,1120,Prey,30,1388.5,1175.8999999999999,1584.3
60,1130,Predators,30,74,48.4,98.80000000000001
60,1130,Prey,30,1305.5,1107.6000000000001,1500.0000000000002
60,1140,Predators,30,74.5,49.5,98.80000000000001
60,1140,Prey,30,1241,1030.2,1431.2000000000003
60,1150,Predators,30,76,49.5,97.10000000000002
60,1150,Prey,30,1186,1002.1,1359.2000000000003
60,1160,Predators,30,78,50.2,98.80000000000001
60,1160,Prey,30,1139.5,955.2,1318
60,1170,Predators,30,77,52.1,106.2
60,1170,Prey,30,1084.5,939.3,1279.6
60,1180,Predators,30,76.5,53.00000000000001,106.4
60,1180,Prey,30,1051.5,937.2,1232.7
60,1190,Predators,30,76.5,53.10000000000001,106.1
60,1190,Prey,30,1017,908.7,1206.8999999999999
60,1200,Predators,30,76.5,53.10000000000001,107.1
60,1200,Prey,30,997.5,900,1185.1000000000001
60,1210,Predators,30,77,53.10000000000001,109
60,1210,Prey,30,987,892.5999999999999,1164.1000000000001
60,1220,Predators,30,78.5,54.10000000000001,107.4
60,1220,Prey,30,981,884,1159.3999999999999
60,1230,Predators,30,79.5,54.10000000000001,108.60000000000001
60,1230,Prey,30,987,881.0999999999999,1174.3000000000002
60,1240,Predators,30,78.5,54.300000000000004,111.19999999999999
60,1240,Prey,30,1003,883.2,1179.3000000000002
60,1250,Predators,30,79.5,56.2,109.70000000000002
60,1250,Prey,30,1015.5,910.1,1201.4
60,1260,Predators,30,81,55.6,112.4
60,1260,Prey,30,1047.5,941.5,1224.9
60,1270,Predators,30,82.5,56.6,113.50000000000001
60,1270,Prey,30,1093.5,960.5,1256.8000000000002
60,1280,Predators,30,84.5,56.9,114.60000000000001
60,1280,Prey,30,1141,1040.2,1317
60,1290,Predators,30,84.5,56.8,116.30000000000001
60,1290,Prey,30,1217.5,1080.4,1405.8
60,1300,Predators,30,85.5,58.7,118.2
60,1300,Prey,30,1287.5,1131.9,1492.4
60,1310,Predators,30,88,58.800000000000004,119.19999999999999
60,1310,Prey,30,1373,1233.2,1576.1
60,1320,Predators,30,89,59,119.6
60,1320,Prey,30,1490.5,1301.1,1685.4
60,1330,Predators,30,90.5,58.900000000000006,118.70000000000002
60,1330,Prey,30,1616.5,1421.3999999999999,1791.4
60,1340,Predators,30,91.5,59.7,123.3
60,1340,Prey,30,1768,1549.3,1963.6
60,1350,Predators,30,94,60.7,123.4
60,1350,Prey,30,1897,1669.4,2104.8
60,1360,Predators,30,97,64.3,125.20000000000002
60,1360,Prey,30,2063,1817.3000000000002,2284.6000000000004
60,1370,Predators,30,98,63.6,126.30000000000001
60,1370,Prey,30,2218.5,1986.7,2495.8
60,1380,Predators,30,100.5,68.1,125.60000000000002
60,1380,Prey,30,2406.5,2122.5,2744.3999999999996
60,1390,Predators,30,102.5,68.7,124.9
60,1390,Prey,30,2576,2263.5,2995.2000000000003
60,1400,Predators,30,104,70.7,128.8
60,1400,Prey,30,2754.5,2450.4,3174
60,1410,Predators,30,105.5,75.30000000000001,132.60000000000002
60,1410,Prey,30,2926,2614.5,3413
60,1420,Predators,30,107.5,76.1,135.2
60,1420,Prey,30,3103,2766.2000000000003,3587.3
60,1430,Predators,30,109.5,80.7,138.3
60,1430,Prey,30,3282.5,2917.7999999999997,3806.6
60,1440,Predators,30,112,85.2,143
60,1440,Prey,30,3449,3062.6000000000004,3990.9
60,1450,Predators,30,114,86.5,146.10000000000002
60,1450,Prey,30,3590.5,3173.2000000000003,4105.700000000001
60,1460,Predators,30,115.5,88.3,148.1
60,1460,Prey,30,3665.5,3254.7999999999997,4143.3
60,1470,Predators,30,113.5,90.10000000000001,145.8
60,1470,Prey,30,3748,3351.7,4129.200000000001
60,1480,Predators,30,117.5,90.9,144.9
60,1480,Prey,30,3777.5,3385.7000000000003,4104.6
60,1490,Predators,30,118.5,91.9,149.20000000000002
60,1490,Prey,30,3779.5,3375.6,4024.1
60,1500,Predators,30,120,92.10000000000001,151.6
60,1500,Prey,30,3769,3431.9,4001.3999999999996
60,1510,Predators,30,120.5,96,150.9
60,1510,Prey,30,3755,3387.5,3895.2
60,1520,Predators,30,122,95.20000000000002,151.6
60,1520,Prey,30,3700.5,3329.5,3854.6000000000004
60,1530,Predators,30,122.5,92.50000000000001,153.4
60,1530,Prey,30,3594,3257.1,3806.3
60,1540,Predators,30,124,93.6,153.3
60,1540,Prey,30,3476,3148.1,3731.5
60,1550,Predators,30,127,97.9,156.1
60,1550,Prey,30,3341.5,3042.5,3627.7
60,1560,Predators,30,126,96.70000000000002,157.20000000000002
60,1560,Prey,30,3213,2921.7,3508.1
60,1570,Predators,30,125.5,95.80000000000001,155.5
60,1570,Prey,30,3040.5,2801.5,3391.3
60,1580,Predators,30,126.5,96.80000000000001,157.60000000000002
60,1580,Prey,30,2881,2657.8999999999996,3259.2999999999997
60,1590,Predators,30,127,95.80000000000001,160.5
60,1590,Prey,30,2752.5,2522.9,3119.8
60,1600,Predators,30,128,97.6,158.7
60,1600,Prey,30,2612.5,2383,3005.6
60,1610,Predators,30,131,97.5,160.4
60,1610,Prey,30,2497,2253,2906
60,1620,Predators,30,130.5,96.50000000000001,162.3
60,1620,Prey,30,2380.5,2136.2,2781.1
60,1630,Predators,30,130,98.7,159.6
60,1630,Prey,30,2277,2028.2,2652.8999999999996
60,1640,Predators,30,132,96,159.7
60,1640,Prey,30,2168.5,1906.2,2509.9
60,1650,Predators,30,132.5,95.20000000000002,159.4
60,1650,Prey,30,2070.5,1822.8,2388.5
60,1660,Predators,30,134,94.5,162.10000000000002
60,1660,Prey,30,1995.5,1750.1,2278.4
60,1670,Predators,30,134.5,95.50000000000001,162
60,1670,Prey,30,1944,1648.3000000000002,2160.2000000000003
60,1680,Predators,30,134,96.4,161.3
60,1680,Prey,30,1861,1538.7,2101
60,1690,Predators,30,133,97.4,157.70000000000002
60,1690,Prey,30,1757.5,1437.7,2047.5
60,1700,Predators,30,136,96.4,156.4
60,1700,Prey,30,1659.5,1355.8000000000002,1963
60,1710,Predators,30,132.5,101,158.5
60,1710,Prey,30,1594.5,1306.7,1904.6
60,1720,Predators,30,133,101.1,158
60,1720,Prey,30,1533,1259.8,1838.5
60,1730,Predators,30,134.5,103.00000000000001,160.1
60,1730,Prey,30,1466.5,1218.1,1807.4
60,1740,Predators,30,134.5,102.10000000000001,160
60,1740,Prey,30,1426,1189,1769.6
60,1750,Predators,30,137,99.2,162
60,1750,Prey,30,1391.5,1178.9,1714.8
60,1760,Predators,30,138,100.4,163.2
60,1760,Prey,30,1366,1154.3000000000002,1658.4
60,1770,Predators,30,137.5,102.60000000000001,163.1
60,1770,Prey,30,1345.5,1122.2,1620
60,1780,Predators,30,137.5,102.80000000000001,165
60,1780,Prey,30,1332.5,1128.3,1586.6
60,1790,Predators,30,139,103.9,164.2
60,1790,Prey,30,1319,1132.8000000000002,1566.7
60,1800,Predators,30,140,105,165
60,1800,Prey,30,1341,1123.2,1547.3000000000002
60,1810,Predators,30,138.5,104.2,164.2
60,1810,Prey,30,1343.5,1159.3999999999999,1546.7
60,1820,Predators,30,140.5,103.6,162.40000000000003
60,1820,Prey,30,1376.5,1186.3000000000002,1550.6999999999998
60,1830,Predators,30,140.5,101,165.20000000000002
60,1830,Prey,30,1396.5,1211.4,1542.2
60,1840,Predators,30,140,101,162.90000000000003
60,1840,Prey,30,1429.5,1224,1550.1
60,1850,Predators,30,142.5,101,163.9
60,1850,Prey,30,1456.5,1264.6,1570.3
60,1860,Predators,30,142,100,162.60000000000002
60,1860,Prey,30,1528,1268.8,1611.6000000000001
60,1870,Predators,30,142.5,102.89999999999999,162.60000000000002
60,1870,Prey,30,1548,1321.1,1671.7
60,1880,Predators,30,143.5,105.89999999999999,164.60000000000002
60,1880,Prey,30,1596,1373.1,1738.8000000000002
60,1890,Predators,30,146,112.30000000000001,164.70000000000002
60,1890,Prey,30,1647,1440.3,1843.2000000000003
60,1900,Predators,30,149.5,113.4,167.7
60,1900,Prey,30,1721,1520.9,2011.4
60,1910,Predators,30,148.5,115.5,171.4
60,1910,Prey,30,1787,1600.3000000000002,2126.2000000000003
60,1920,Predators,30,151,113.8,174.5
60,1920,Prey,30,1874.5,1654.8999999999999,2214.8
60,1930,Predators,30,153.5,113.8,172.5
60,1930,Prey,30,1938,1751.8000000000002,2292.5000000000005
60,1940,Predators,30,152,111.8,172.3
60,1940,Prey,30,2030,1799.9,2376.1000000000004
60,1950,Predators,30,153,113.8,171.1
60,1950,Prey,30,2142,1899.6,2470.3
60,1960,Predators,30,154.5,118.69999999999999,170.50000000000003
60,1960,Prey,30,2241.5,2020.8000000000002,2587.3
60,1970,Predators,30,159,119.6,174.2
60,1970,Prey,30,2336,2100.8,2709
60,1980,Predators,30,160.5,119.8,174.5
60,1980,Prey,30,2439,2162.4,2844.3
60,1990,Predators,30,158.5,121.7,176.60000000000002
60,1990,Prey,30,2527.5,2269.3,2997.1000000000004
60,2000,Predators,30,159.5,123.7,182.1
60,2000,Prey,30,2629,2379.7,3143.4
60,2010,Predators,30,170,129.9,192.2
60,2010,Prey,30,2223.5,2022.6999999999998,2627.3999999999996
60,2020,Predators,30,180.5,138.7,203.5
60,2020,Prey,30,1874.5,1692.7,2198.5
60,2030,Predators,30,190.5,142.9,211.7
60,2030,Prey,30,1678,1481.7,1913.8
60,2040,Predators,30,198,148,222.2
60,2040,Prey,30,1488.5,1325.9,1699
60,2050,Predators,30,203,153.9,226.50000000000003
60,2050,Prey,30,1291.5,1172.5,1524.1
60,2060,Predators,30,209.5,159.9,235.4
60,2060,Prey,30,1136,990.5999999999999,1336.1999999999998
60,2070,Predators,30,212,166.5,247.2
60,2070,Prey,30,999,859.5000000000001,1168.1000000000001
60,2080,Predators,30,214,167.7,255.5
60,2080,Prey,30,886,731.3,1019.8
60,2090,Predators,30,218.5,166.9,258.90000000000003
60,2090,Prey,30,771.5,634.2,893.8
60,2100,Predators,30,217.5,167.79999999999998,260.6
60,2100,Prey,30,674.5,541.3,786.9000000000001
60,2110,Predators,30,214.5,173.39999999999998,264
60,2110,Prey,30,583.5,449.4,682.9000000000001
60,2120,Predators,30,211,177.5,258.1
60,2120,Prey,30,510.5,377.6,613.9
60,2130,Predators,30,207.5,176.9,248.4
60,2130,Prey,30,451,314.1,527.5
60,2140,Predators,30,201,172.60000000000002,239.2
60,2140,Prey,30,386,283.70000000000005,476.70000000000005
60,2150,Predators,30,188.5,165,224.9
60,2150,Prey,30,338.5,247.4,437
60,2160,Predators,30,181,153.3,219.5
60,2160,Prey,30,305,211.6,385.8
60,2170,Predators,30,169,146.5,207.4
60,2170,Prey,30,265,184.5,344.3
60,2180,Predators,30,158,135.6,189.8
60,2180,Prey,30,234,171.70000000000002,326.3
60,2190,Predators,30,145.5,121.89999999999999,178
60,2190,Prey,30,214,168.9,300.7
60,2200,Predators,30,130,109.9,155
60,2200,Prey,30,209.5,158.6,292.20000000000005
60,2210,Predators,30,120,97,143
60,2210,Prey,30,196,158.9,274.5
60,2220,Predators,30,109.5,87,126.4
60,2220,Prey,30,184.5,144,253.40000000000003
60,2230,Predators,30,98.5,76.7,119.3
60,2230,Prey,30,183,143.1,256.1
60,2240,Predators,30,91,68.2,110
60,2240,Prey,30,186.5,139,254.39999999999998
60,2250,Predators,30,76.5,58.7,94.1
60,2250,Prey,30,195,138.8,266.70000000000005
60,2260,Predators,30,68,52.5,86.30000000000001
60,2260,Prey,30,200.5,136.70000000000002,278
60,2270,Predators,30,61.5,44.7,79
60,2270,Prey,30,219.5,135.7,285
60,2280,Predators,30,54.5,38.5,71.30000000000001
60,2280,Prey,30,252.5,135.7,296.40000000000003
60,2290,Predators,30,48,35.2,63.50000000000001
60,2290,Prey,30,268,146.1,319.3
60,2300,Predators,30,42,29.6,58
60,2300,Prey,30,287,160.20000000000002,347.80000000000007
60,2310,Predators,30,38,25.9,50.400000000000006
60,2310,Prey,30,307,180,385.29999999999995
60,2320,Predators,30,35.5,24.9,49.400000000000006
60,2320,Prey,30,342,200.89999999999998,419.80000000000007
60,2330,Predators,30,31,21.9,46.300000000000004
60,2330,Prey,30,373.5,230,468.1
60,2340,Predators,30,28.5,21,41.300000000000004
60,2340,Prey,30,414,259,503.40000000000003
60,2350,Predators,30,27.5,19.9,40.50000000000001
60,2350,Prey,30,463,295.4,554
60,2360,Predators,30,26,19.700000000000003,38.400000000000006
60,2360,Prey,30,509,331.1,628.1
60,2370,Predators,30,24,18.700000000000003,36.300000000000004
60,2370,Prey,30,562.5,374.8,695.0000000000001
60,2380,Predators,30,24.5,16,37.1
60,2380,Prey,30,623,438.7,778.4000000000001
60,2390,Predators,30,24.5,14.9,37.2
60,2390,Prey,30,699.5,483.29999999999995,869.3000000000001
60,2400,Predators,30,23.5,13,35.300000000000004
60,2400,Prey,30,768,545.9,978.4
60,2410,Predators,30,23.5,13,36.2
60,2410,Prey,30,858.5,600.5,1079.7
60,2420,Predators,30,22.5,12.8,35.400000000000006
60,2420,Prey,30,945,654.7,1165.8000000000002
60,2430,Predators,30,21.5,13.700000000000001,36.1
60,2430,Prey,30,1024.5,725.6,1268.5
60,2440,Predators,30,22,12.8,34.1
60,2440,Prey,30,1094,790.3,1346.6
60,2450,Predators,30,22.5,11.9,34.1
60,2450,Prey,30,1186,849.4000000000001,1434.6999999999998
60,2460,Predators,30,23,11.9,36.2
60,2460,Prey,30,1260.5,940.6,1481.0000000000002
60,2470,Predators,30,25,11.9,38.1
60,2470,Prey,30,1318.5,1015,1561.5
60,2480,Predators,30,25,12,40.1
60,2480,Prey,30,1381,1106.6,1615.7
60,2490,Predators,30,26,12.9,41.1
60,2490,Prey,30,1465.5,1180.7,1649.3
60,2500,Predators,30,27.5,12.8,42.2
60,2500,Prey,30,1513.5,1243.7,1699.9
60,2510,Predators,30,28,11.9,43
60,2510,Prey,30,1553.5,1316.8,1776
60,2520,Predators,30,30.5,12.8,43.300000000000004
60,2520,Prey,30,1575,1392.4,1800.7
60,2530,Predators,30,30.5,13.8,44.60000000000001
60,2530,Prey,30,1596,1427.6,1811.4
60,2540,Predators,30,30.5,14,49.300000000000004
60,2540,Prey,30,1628.5,1421,1799.6000000000001
60,2550,Predators,30,31,14,50.60000000000001
60,2550,Prey,30,1634,1409.3999999999999,1800.9
60,2560,Predators,30,32.5,16.9,55.50000000000001
60,2560,Prey,30,1645.5,1409.9,1772.7
60,2570,Predators,30,34,16.9,56.000000000000014
60,2570,Prey,30,1625,1395.7,1732.4
60,2580,Predators,30,35.5,17.8,59.70000000000001
60,2580,Prey,30,1581,1375.5,1719.1000000000001
60,2590,Predators,30,38,18.6,61.100000000000016
60,2590,Prey,30,1534,1348.1000000000001,1711.2000000000003
60,2600,Predators,30,40,19.5,68.30000000000001
60,2600,Prey,30,1484,1304.5,1749.8
60,2610,Predators,30,42.5,21.6,74
60,2610,Prey,30,1428,1283,1726.8000000000002
60,2620,Predators,30,45,22.6,75.1
60,2620,Prey,30,1374,1234.3,1688.8
60,2630,Predators,30,45.5,23.400000000000002,78
60,2630,Prey,30,1328.5,1172,1667.9
60,2640,Predators,30,48,23.5,79
60,2640,Prey,30,1272.5,1104,1594.7
60,2650,Predators,30,50,24.5,79.4
60,2650,Prey,30,1212,1047,1558.4
60,2660,Predators,30,51.5,22.700000000000003,78.80000000000001
60,2660,Prey,30,1144.5,977.7,1511.2
60,2670,Predators,30,53,21.8,80.80000000000001
60,2670,Prey,30,1109,927.3,1435.6000000000001
60,2680,Predators,30,54,22.900000000000002,81.50000000000003
60,2680,Prey,30,1089.5,891.1999999999999,1334.5000000000002
60,2690,Predators,30,57,22.800000000000004,81.80000000000003
60,2690,Prey,30,1056.5,831.5,1278.4000000000003
60,2700,Predators,30,55.5,22.800000000000004,82.70000000000003
60,2700,Prey,30,1004.5,798.0999999999999,1241.9
60,2710,Predators,30,58.5,22.800000000000004,87.30000000000001
60,2710,Prey,30,965,768,1194.3000000000002
60,2720,Predators,30,57.5,23.6,88.30000000000001
60,2720,Prey,30,904.5,743.5,1130.7000000000003
60,2730,Predators,30,57.5,26.200000000000003,90.60000000000001
60,2730,Prey,30,859.5,714.4000000000001,1093.6000000000004
60,2740,Predators,30,59,27.400000000000002,93.50000000000001
60,2740,Prey,30,818.5,681.7,1077.1000000000001
60,2750,Predators,30,61,27.400000000000002,92.5
60,2750,Prey,30,763.5,641.6,1010.2000000000003
60,2760,Predators,30,62.5,25.8,92.4
60,2760,Prey,30,718,595.6,958.0000000000001
60,2770,Predators,30,62,24.9,92.5
60,2770,Prey,30,673.5,560.9,928.2000000000002
60,2780,Predators,30,62,24.799999999999997,93.50000000000001
60,2780,Prey,30,662.5,514.8,876.3000000000001
60,2790,Predators,30,63.5,25.700000000000003,94.1
60,2790,Prey,30,649.5,504.4,831.1
60,2800,Predators,30,61,23.9,93.10000000000001
60,2800,Prey,30,628,474.2,791.9
60,2810,Predators,30,60.5,23.9,89.60000000000002
60,2810,Prey,30,610,451.5,762.5
60,2820,Predators,30,62,23,90.4
60,2820,Prey,30,591.5,445.4,745.6
60,2830,Predators,30,61,23,88.4
60,2830,Prey,30,577.5,448.5,732.7000000000002
60,2840,Predators,30,61,23.8,89.60000000000002
60,2840,Prey,30,551.5,428.1,702.4000000000001
60,2850,Predators,30,59.5,24.799999999999997,88.60000000000001
60,2850,Prey,30,542.5,395.1,698.2000000000002
60,2860,Predators,30,57.5,23.9,87.6
60,2860,Prey,30,541,391.2,707
60,2870,Predators,30,57.5,23.9,84.5
60,2870,Prey,30,535.5,397.5,713.3000000000001
60,2880,Predators,30,56,23,83.1
60,2880,Prey,30,526.5,416.1,712.2
60,2890,Predators,30,55,23,74.70000000000002
60,2890,Prey,30,528.5,431.4,708.3
60,2900,Predators,30,53.5,22.800000000000004,71.70000000000002
60,2900,Prey,30,530.5,443.3,726.2
60,2910,Predators,30,51,22.500000000000004,71.4
60,2910,Prey,30,536.5,445.1,721.5
60,2920,Predators,30,50.5,22.400000000000006,68.5
60,2920,Prey,30,559,449.3,724.6
60,2930,Predators,30,50,21.5,62.50000000000001
60,2930,Prey,30,563.5,461.4,734.4000000000001
60,2940,Predators,30,50.5,21.5,61.300000000000004
60,2940,Prey,30,573.5,457.90000000000003,735.6
60,2950,Predators,30,49.5,20.5,60.300000000000004
60,2950,Prey,30,612.5,451.8,742.7
60,2960,Predators,30,50.5,21.8,57
60,2960,Prey,30,645,446.1,770.5
60,2970,Predators,30,49.5,21.9,56.1
60,2970,Prey,30,657,473.3,799.2
60,2980,Predators,30,48,21,58
60,2980,Prey,30,679.5,509.6,832.4000000000001
60,2990,Predators,30,48.5,21,59.300000000000004
60,2990,Prey,30,705,528.8,846.8000000000001
60,3000,Predators,30,48.5,20.9,57.1
60,3000,Prey,30,729.5,566.7,896.2
65,0,Predators,30,10,10,10
65,0,Prey,30,100,100,100
65,10,Predators,30,10,10,10
65,10,Prey,30,109,105,113.10000000000001
65,20,Predators,30,10,10,11
65,20,Prey,30,140.5,131.9,149.4
65,30,Predators,30,10,10,11
65,30,Prey,30,199.5,181.9,210.70000000000002
65,40,Predators,30,10,10,11
65,40,Prey,30,285,260.4,307.3
65,50,Predators,30,10,10,11.100000000000001
65,50,Prey,30,406,374.4,446.1
65,60,Predators,30,10,10,11.100000000000001
65,60,Prey,30,579.5,532.8000000000001,635.4000000000001
65,70,Predators,30,10.5,10,12
65,70,Prey,30,824,744,904.4
65,80,Predators,30,8,6,10.100000000000001
65,80,Prey,30,1164.5,1039.7,1256.1000000000001
65,90,Predators,30,8,6,10.100000000000001
65,90,Prey,30,1603,1428.3000000000002,1717.9
65,100,Predators,30,8,6,10.100000000000001
65,100,Prey,30,2200,2006.6000000000001,2359.4
65,110,Predators,30,9,6,11
65,110,Prey,30,2956,2744,3182.6000000000004
65,120,Predators,30,9,6.9,11.100000000000001
65,120,Prey,30,3924,3585.8,4200.4000000000005
65,130,Predators,30,9,6.9,12.300000000000004
65,130,Prey,30,5079,4649.6,5414.3
65,140,Predators,30,9.5,7.9,13.200000000000003
65,140,Prey,30,6390,5915.5,6719.8
65,150,Predators,30,10,7.9,16
65,150,Prey,30,7747.5,7252,8163.4
65,160,Predators,30,11,7.9,16.1
65,160,Prey,30,9087,8555.1,9555
65,170,Predators,30,11,7,17
65,170,Prey,30,10317.5,9829.1,10891.300000000001
65,180,Predators,30,11,7,17.1
65,180,Prey,30,11462.5,10994.4,11955.6
65,190,Predators,30,12.5,7.9,17.1
65,190,Prey,30,12322,11868.4,12695
65,200,Predators,30,13,7.9,18
65,200,Prey,30,12872,12591.5,13183.9
65,210,Predators,30,13,7.9,19
65,210,Prey,30,13177,12895.6,13396.2
65,220,Predators,30,13,7.9,20
65,220,Prey,30,13219.5,13009.9,13414.599999999999
65,230,Predators,30,13.5,8,20.1
65,230,Prey,30,13092,12920.9,13314.699999999999
65,240,Predators,30,14,8.9,20.300000000000004
65,240,Prey,30,12879.5,12573.8,13073.3
65,250,Predators,30,14.5,9,21.300000000000004
65,250,Prey,30,12564,12256.4,12743.1
65,260,Predators,30,15,9,24
65,260,Prey,30,12150,11847.300000000001,12357
65,270,Predators,30,15,9.9,24.200000000000003
65,270,Prey,30,11673.5,11434.3,11901.5
65,280,Predators,30,16,10,26
65,280,Prey,30,11211,10951.300000000001,11421.9
65,290,Predators,30,16.5,10,25.200000000000003
65,290,Prey,30,10658.5,10440.6,10897.4
65,300,Predators,30,16.5,10.9,25.300000000000004
65,300,Prey,30,10103.5,9847.1,10354.6
65,310,Predators,30,16.5,10.8,26.200000000000003
65,310,Prey,30,9524,9288.1,9772.4
65,320,Predators,30,17,10.9,27.300000000000004
65,320,Prey,30,8930,8700.1,9248.300000000001
65,330,Predators,30,18,10.9,30
65,330,Prey,30,8384.5,8185,8604
65,340,Predators,30,19,11,31
65,340,Prey,30,7834.5,7613.4000000000005,8075.4
65,350,Predators,30,19,12,32.1
65,350,Prey,30,7285,7053.1,7478
65,360,Predators,30,20,11.9,33
65,360,Prey,30,6751,6504.6,6946.1
65,370,Predators,30,20,12,34
65,370,Prey,30,6204,5970.1,6442.5
65,380,Predators,30,20,12.9,34.1
65,380,Prey,30,5703,5455.8,5914.2
65,390,Predators,30,21.5,13.8,33.1
65,390,Prey,30,5217.5,5002.3,5446
65,400,Predators,30,22,13.8,34.2
65,400,Prey,30,4771.5,4531.3,4944.1
65,410,Predators,30,21,13.8,34.300000000000004
65,410,Prey,30,4314.5,4143.6,4476.8
65,420,Predators,30,22,13.8,36.1
65,420,Prey,30,3916.5,3751.2,4125.4000000000005
65,430,Predators,30,22.5,13.8,36.1
65,430,Prey,30,3539,3370.6,3712.1
65,440,Predators,30,23,14.8,36.2
65,440,Prey,30,3197.5,3006.9,3334.2
65,450,Predators,30,23.5,14.8,36.300000000000004
65,450,Prey,30,2884,2726.1000000000004,3018.3999999999996
65,460,Predators,30,23,14,37.2
65,460,Prey,30,2589.5,2452.3,2751.4
65,470,Predators,30,24,13.9,37
65,470,Prey,30,2328.5,2163.8,2460.7
65,480,Predators,30,24.5,14,37
65,480,Prey,30,2103.5,1927.2,2209.4
65,490,Predators,30,25.5,14,38.1
65,490,Prey,30,1904,1734.4,1983.5
65,500,Predators,30,25.5,14,38.2
65,500,Prey,30,1733,1551.2,1822.1000000000001
65,510,Predators,30,27,14.9,40.1
65,510,Prey,30,1558.5,1373.7,1646.8000000000002
65,520,Predators,30,28,15.9,41.1
65,520,Prey,30,1415.5,1260,1501.5
65,530,Predators,30,28,15.8,41
65,530,Prey,30,1298.5,1151.5,1379.6000000000001
65,540,Predators,30,28.5,15,41.1
65,540,Prey,30,1182.5,1050.5,1286.1000000000001
65,550,Predators,30,29.5,14.9,42.1
65,550,Prey,30,1088.5,967.4,1185.3000000000002
65,560,Predators,30,31.5,14.9,43
65,560,Prey,30,997,874.6,1103.6000000000001
65,570,Predators,30,31.5,15.8,44.1
65,570,Prey,30,926.5,823.6,1041
65,580,Predators,30,31.5,16.700000000000003,45
65,580,Prey,30,867,770.3000000000001,959.9000000000001
65,590,Predators,30,32,15.700000000000001,45.1
65,590,Prey,30,813.5,735.2,917.7
65,600,Predators,30,32,16.700000000000003,46
65,600,Prey,30,769,703.4,874.4000000000001
65,610,Predators,30,31.5,15.8,48
65,610,Prey,30,736,670.8,828.1000000000001
65,620,Predators,30,31.5,14.9,48.1
65,620,Prey,30,705,649.3,816.6
65,630,Predators,30,31.5,15.9,49
65,630,Prey,30,680.5,617.8000000000001,793.8000000000001
65,640,Predators,30,32.5,16.8,51.1
65,640,Prey,30,668,602.6999999999999,769.9
65,650,Predators,30,33.5,16.9,50
65,650,Prey,30,663,603.8000000000001,762.1
65,660,Predators,30,33.5,17.9,51.1
65,660,Prey,30,657.5,606.8000000000001,748.7
65,670,Predators,30,32.5,17.8,50.2
65,670,Prey,30,663.5,615.8000000000001,753.5
65,680,Predators,30,32,16.9,51.300000000000004
65,680,Prey,30,691,626.5,761.4
65,690,Predators,30,32.5,16,51.2
65,690,Prey,30,714.5,644.7,781.2
65,700,Predators,30,32.5,16,54
65,700,Prey,30,762,691.9,813.0000000000001
65,710,Predators,30,33,17,55
65,710,Prey,30,817,725.5,878.5
65,720,Predators,30,34,17,54.1
65,720,Prey,30,874,789.7,946.2
65,730,Predators,30,33.5,17.9,55
65,730,Prey,30,963,858.6999999999999,1045.4
65,740,Predators,30,34,18.900000000000002,56.1
65,740,Prey,30,1075,971.5,1179.1
65,750,Predators,30,35,19,57.1
65,750,Prey,30,1194.5,1077.7,1325
65,760,Predators,30,34.5,19.9,56.1
65,760,Prey,30,1363.5,1193.7,1488.6000000000001
65,770,Predators,30,35,19.9,58.1
65,770,Prey,30,1540,1331.8,1686.1000000000001
65,780,Predators,30,36.5,20.9,58.300000000000004
65,780,Prey,30,1746,1519.9,1922.3000000000002
65,790,Predators,30,38,20.9,60.60000000000001
65,790,Prey,30,1991.5,1728.8,2171.1000000000004
65,800,Predators,30,39,21.8,61.70000000000001
65,800,Prey,30,2222.5,1958.3,2479.4000000000005
65,810,Predators,30,40,21.8,65.70000000000002
65,810,Prey,30,2498,2205.6,2791.0000000000005
65,820,Predators,30,42.5,22.700000000000003,66.80000000000001
65,820,Prey,30,2784,2466.9,3122.4000000000005
65,830,Predators,30,43,23.9,67.9
65,830,Prey,30,3074.5,2746,3452.6000000000004
65,840,Predators,30,46,25.700000000000003,68.80000000000001
65,840,Prey,30,3388.5,3102.3999999999996,3769.1000000000004
65,850,Predators,30,47.5,26.6,71.60000000000001
65,850,Prey,30,3669,3435,4112.8
65,860,Predators,30,49,26.700000000000003,72.70000000000002
65,860,Prey,30,3939.5,3728.5,4435.9000000000005
65,870,Predators,30,50,27.700000000000003,72.9
65,870,Prey,30,4195,3972.8,4699.200000000001
65,880,Predators,30,50.5,27.700000000000003,74.80000000000001
65,880,Prey,30,4468.5,4138.9,4866
65,890,Predators,30,53,27.8,76.80000000000001
65,890,Prey,30,4647,4274.8,4967.5
65,900,Predators,30,54,29.700000000000003,79.4
65,900,Prey,30,4738.5,4418.8,5024.9
65,910,Predators,30,54,29,78.5
65,910,Prey,30,4771.5,4394.7,5028.7
65,920,Predators,30,53,29.9,76.60000000000001
65,920,Prey,30,4745.5,4371.9000000000005,4958.9000000000005
65,930,Predators,30,53.5,31,78.9
65,930,Prey,30,4646.5,4346.6,4868.700000000001
65,940,Predators,30,54.5,34.900000000000006,80.70000000000002
65,940,Prey,30,4548.5,4280.2,4702.1
65,950,Predators,30,58,34,79.10000000000002
65,950,Prey,30,4369,4087.7999999999997,4547.3
65,960,Predators,30,58,34.800000000000004,82.70000000000002
65,960,Prey,30,4174,3886.6,4390
65,970,Predators,30,59.5,35.8,81.90000000000002
65,970,Prey,30,3952,3673.9,4195.8
65,980,Predators,30,62,35,82.80000000000001
65,980,Prey,30,3728.5,3467.2,3946.9
65,990,Predators,30,63,34.900000000000006,86.70000000000002
65,990,Prey,30,3465,3209.5,3699.8999999999996
65,1000,Predators,30,65,36.9,86.60000000000001
65,1000,Prey,30,3234,2993.2,3478.8
65,1010,Predators,30,65,37.900000000000006,84.80000000000001
65,1010,Prey,30,3017.5,2793.7,3225
65,1020,Predators,30,64,37.7,86.5
65,1020,Prey,30,2839,2613,3018.4
65,1030,Predators,30,65.5,38.6,85.80000000000001
65,1030,Prey,30,2655,2431.2000000000003,2826
65,1040,Predators,30,66.5,40.6,89.60000000000002
65,1040,Prey,30,2457,2223,2656
65,1050,Predators,30,67,41.599999999999994,89.60000000000002
65,1050,Prey,30,2274.5,2036.5,2478.6
65,1060,Predators,30,66.5,41.699999999999996,88.70000000000002
65,1060,Prey,30,2109,1873.6,2314.3
65,1070,Predators,30,67.5,44.2,89.70000000000002
65,1070,Prey,30,1953,1742,2163.7
65,1080,Predators,30,69.5,46.400000000000006,92
65,1080,Prey,30,1821,1605.6000000000001,2023.2
65,1090,Predators,30,71,46.400000000000006,92.4
65,1090,Prey,30,1692.5,1475.1,1890.1
65,1100,Predators,30,73,45.400000000000006,94.4
65,1100,Prey,30,1578.5,1376.6000000000001,1779.3
65,1110,Predators,30,73,46.5,94.80000000000001
65,1110,Prey,30,1475,1273.1999999999998,1690.3
65,1120,Predators,30,74,47.300000000000004,97.60000000000002
65,1120,Prey,30,1388.5,1175.8999999999999,1584.3
65,1130,Predators,30,74,48.4,98.80000000000001
65,1130,Prey,30,1305.5,1107.6000000000001,1500.0000000000002
65,1140,Predators,30,74.5,49.5,98.80000000000001
65,1140,Prey,30,1241,1030.2,1431.2000000000003
65,1150,Predators,30,76,49.5,97.10000000000002
65,1150,Prey,30,1186,1002.1,1359.2000000000003
65,1160,Predators,30,78,50.2,98.80000000000001
65,1160,Prey,30,1139.5,955.2,1318
65,1170,Predators,30,77,52.1,106.2
65,1170,Prey,30,1084.5,939.3,1279.6
65,1180,Predators,30,76.5,53.00000000000001,106.4
65,1180,Prey,30,1051.5,937.2,1232.7
65,1190,Predators,30,76.5,53.10000000000001,106.1
65,1190,Prey,30,1017,908.7,1206.8999999999999
65,1200,Predators,30,76.5,53.10000000000001,107.1
65,1200,Prey,30,997.5,900,1185.1000000000001
65,1210,Predators,30,77,53.10000000000001,109
65,1210,Prey,30,987,892.5999999999999,1164.1000000000001
65,1220,Predators,30,78.5,54.10000000000001,107.4
65,1220,Prey,30,981,884,1159.3999999999999
65,1230,Predators,30,79.5,54.10000000000001,108.60000000000001
65,1230,Prey,30,987,881.0999999999999,1174.3000000000002
65,1240,Predators,30,78.5,54.300000000000004,111.19999999999999
65,1240,Prey,30,1003,883.2,1179.3000000000002
65,1250,Predators,30,79.5,56.2,109.70000000000002
65,1250,Prey,30,1015.5,910.1,1201.4
65,1260,Predators,30,81,55.6,112.4
65,1260,Prey,30,1047.5,941.5,1224.9
65,1270,Predators,30,82.5,56.6,113.50000000000001
65,1270,Prey,30,1093.5,960.5,1256.8000000000002
65,1280,Predators,30,84.5,56.9,114.60000000000001
65,1280,Prey,30,1141,1040.2,1317
65,1290,Predators,30,84.5,56.8,116.30000000000001
65,1290,Prey,30,1217.5,1080.4,1405.8
65,1300,Predators,30,85.5,58.7,118.2
65,1300,Prey,30,1287.5,1131.9,1492.4
65,1310,Predators,30,88,58.800000000000004,119.19999999999999
65,1310,Prey,30,1373,1233.2,1576.1
65,1320,Predators,30,89,59,119.6
65,1320,Prey,30,1490.5,1301.1,1685.4
65,1330,Predators,30,90.5,58.900000000000006,118.70000000000002
65,1330,Prey,30,1616.5,1421.3999999999999,1791.4
65,1340,Predators,30,91.5,59.7,123.3
65,1340,Prey,30,1768,1549.3,1963.6
65,1350,Predators,30,94,60.7,123.4
65,1350,Prey,30,1897,1669.4,2104.8
65,1360,Predators,30,97,64.3,125.20000000000002
65,1360,Prey,30,2063,1817.3000000000002,2284.6000000000004
65,1370,Predators,30,98,63.6,126.30000000000001
65,1370,Prey,30,2218.5,1986.7,2495.8
65,1380,Predators,30,100.5,68.1,125.60000000000002
65,1380,Prey,30,2406.5,2122.5,2744.3999999999996
65,1390,Predators,30,102.5,68.7,124.9
65,1390,Prey,30,2576,2263.5,2995.2000000000003
65,1400,Predators,30,104,70.7,128.8
65,1400,Prey,30,2754.5,2450.4,3174
65,1410,Predators,30,105.5,75.30000000000001,132.60000000000002
65,1410,Prey,30,2926,2614.5,3413
65,1420,Predators,30,107.5,76.1,135.2
65,1420,Prey,30,3103,2766.2000000000003,3587.3
65,1430,Predators,30,109.5,80.7,138.3
65,1430,Prey,30,3282.5,2917.7999999999997,3806.6
65,1440,Predators,30,112,85.2,143
65,1440,Prey,30,3449,3062.6000000000004,3990.9
65,1450,Predators,30,114,86.5,146.10000000000002
65,1450,Prey,30,3590.5,3173.2000000000003,4105.700000000001
65,1460,Predators,30,115.5,88.3,148.1
65,1460,Prey,30,3665.5,3254.7999999999997,4143.3
65,1470,Predators,30,113.5,90.10000000000001,145.8
65,1470,Prey,30,3748,3351.7,4129.200000000001
65,1480,Predators,30,117.5,90.9,144.9
65,1480,Prey,30,3777.5,3385.7000000000003,4104.6
65,1490,Predators,30,118.5,91.9,149.20000000000002
65,1490,Prey,30,3779.5,3375.6,4024.1
65,1500,Predators,30,120,92.10000000000001,151.6
65,1500,Prey,30,3769,3431.9,4001.3999999999996
65,1510,Predators,30,120.5,96,150.9
65,1510,Prey,30,3755,3387.5,3895.2
65,1520,Predators,30,122,95.20000000000002,151.6
65,1520,Prey,30,3700.5,3329.5,3854.6000000000004
65,1530,Predators,30,122.5,92.50000000000001,153.4
65,1530,Prey,30,3594,3257.1,3806.3
65,1540,Predators,30,124,93.6,153.3
65,1540,Prey,30,3476,3148.1,3731.5
65,1550,Predators,30,127,97.9,156.1
65,1550,Prey,30,3341.5,3042.5,3627.7
65,1560,Predators,30,126,96.70000000000002,157.20000000000002
65,1560,Prey,30,3213,2921.7,3508.1
65,1570,Predators,30,125.5,95.80000000000001,155.5
65,1570,Prey,30,3040.5,2801.5,3391.3
65,1580,Predators,30,126.5,96.80000000000001,157.60000000000002
65,1580,Prey,30,2881,2657.8999999999996,3259.2999999999997
65,1590,Predators,30,127,95.80000000000001,160.5
65,1590,Prey,30,2752.5,2522.9,3119.8
65,1600,Predators,30,128,97.6,158.7
65,1600,Prey,30,2612.5,2383,3005.6
65,1610,Predators,30,131,97.5,160.4
65,1610,Prey,30,2497,2253,2906
65,1620,Predators,30,130.5,96.50000000000001,162.3
65,1620,Prey,30,2380.5,2136.2,2781.1
65,1630,Predators,30,130,98.7,159.6
65,1630,Prey,30,2277,2028.2,2652.8999999999996
65,1640,Predators,30,132,96,159.7
65,1640,Prey,30,2168.5,1906.2,2509.9
65,1650,Predators,30,132.5,95.20000000000002,159.4
65,1650,Prey,30,2070.5,1822.8,2388.5
65,1660,Predators,30,134,94.5,162.10000000000002
65,1660,Prey,30,1995.5,1750.1,2278.4
65,1670,Predators,30,134.5,95.50000000000001,162
65,1670,Prey,30,1944,1648.3000000000002,2160.2000000000003
65,1680,Predators,30,134,96.4,161.3
65,1680,Prey,30,1861,1538.7,2101
65,1690,Predators,30,133,97.4,157.70000000000002
65,1690,Prey,30,1757.5,1437.7,2047.5
65,1700,Predators,30,136,96.4,156.4
65,1700,Prey,30,1659.5,1355.8000000000002,1963
65,1710,Predators,30,132.5,101,158.5
65,1710,Prey,30,1594.5,1306.7,1904.6
65,1720,Predators,30,133,101.1,158
65,1720,Prey,30,1533,1259.8,1838.5
65,1730,Predators,30,134.5,103.00000000000001,160.1
65,1730,Prey,30,1466.5,1218.1,1807.4
65,1740,Predators,30,134.5,102.10000000000001,160
65,1740,Prey,30,1426,1189,1769.6
65,1750,Predators,30,137,99.2,162
65,1750,Prey,30,1391.5,1178.9,1714.8
65,1760,Predators,30,138,100.4,163.2
65,1760,Prey,30,1366,1154.3000000000002,1658.4
65,1770,Predators,30,137.5,102.60000000000001,163.1
65,1770,Prey,30,1345.5,1122.2,1620
65,1780,Predators,30,137.5,102.80000000000001,165
65,1780,Prey,30,1332.5,1128.3,1586.6
65,1790,Predators,30,139,103.9,164.2
65,1790,Prey,30,1319,1132.8000000000002,1566.7
65,1800,Predators,30,140,105,165
65,1800,Prey,30,1341,1123.2,1547.3000000000002
65,1810,Predators,30,138.5,104.2,164.2
65,1810,Prey,30,1343.5,1159.3999999999999,1546.7
65,1820,Predators,30,140.5,103.6,162.40000000000003
65,1820,Prey,30,1376.5,1186.3000000000002,1550.6999999999998
65,1830,Predators,30,140.5,101,165.20000000000002
65,1830,Prey,30,1396.5,1211.4,1542.2
65,1840,Predators,30,140,101,162.90000000000003
65,1840,Prey,30,1429.5,1224,1550.1
65,1850,Predators,30,142.5,101,163.9
65,1850,Prey,30,1456.5,1264.6,1570.3
65,1860,Predators,30,142,100,162.60000000000002
65,1860,Prey,30,1528,1268.8,1611.6000000000001
65,1870,Predators,30,142.5,102.89999999999999,162.60000000000002
65,1870,Prey,30,1548,1321.1,1671.7
65,1880,Predators,30,143.5,105.89999999999999,164.60000000000002
65,1880,Prey,30,1596,1373.1,1738.8000000000002
65,1890,Predators,30,146,112.30000000000001,164.70000000000002
65,1890,Prey,30,1647,1440.3,1843.2000000000003
65,1900,Predators,30,149.5,113.4,167.7
65,1900,Prey,30,1721,1520.9,2011.4
65,1910,Predators,30,148.5,115.5,171.4
65,1910,Prey,30,1787,1600.3000000000002,2126.2000000000003
65,1920,Predators,30,151,113.8,174.5
65,1920,Prey,30,1874.5,1654.8999999999999,2214.8
65,1930,Predators,30,153.5,113.8,172.5
65,1930,Prey,30,1938,1751.8000000000002,2292.5000000000005
65,1940,Predators,30,152,111.8,172.3
65,1940,Prey,30,2030,1799.9,2376.1000000000004
65,1950,Predators,30,153,113.8,171.1
65,1950,Prey,30,2142,1899.6,2470.3
65,1960,Predators,30,154.5,118.69999999999999,170.50000000000003
65,1960,Prey,30,2241.5,2020.8000000000002,2587.3
65,1970,Predators,30,159,119.6,174.2
65,1970,Prey,30,2336,2100.8,2709
65,1980,Predators,30,160.5,119.8,174.5
65,1980,Prey,30,2439,2162.4,2844.3
65,1990,Predators,30,158.5,121.7,176.60000000000002
65,1990,Prey,30,2527.5,2269.3,2997.1000000000004
65,2000,Predators,30,159.5,123.7,182.1
65,2000,Prey,30,2629,2379.7,3143.4
65,2010,Predators,30,170,127.8,193.4
65,2010,Prey,30,2159,1958.9,2544.7
65,2020,Predators,30,180.5,139.9,205.20000000000002
65,2020,Prey,30,1785.5,1595.2,2113.5
65,2030,Predators,30,189,151.4,216.2
65,2030,Prey,30,1541.5,1377,1777.1
65,2040,Predators,30,197.5,161.20000000000002,225.20000000000002
65,2040,Prey,30,1321.5,1176.1,1578.8
65,2050,Predators,30,204.5,168.5,228.8
65,2050,Prey,30,1145.5,970.1999999999999,1362.0000000000002
65,2060,Predators,30,215,174.4,236.60000000000002
65,2060,Prey,30,981.5,830.5,1128.4
65,2070,Predators,30,219.5,182.3,241.70000000000002
65,2070,Prey,30,852.5,703,950.4000000000001
65,2080,Predators,30,222,186.9,250
65,2080,Prey,30,724,581.0999999999999,814
65,2090,Predators,30,222.5,186.4,248.60000000000002
65,2090,Prey,30,610,481.8,682.1
65,2100,Predators,30,220,192,246
65,2100,Prey,30,512.5,392.70000000000005,575
65,2110,Predators,30,215,185.5,242.50000000000003
65,2110,Prey,30,440.5,316.90000000000003,499.3
65,2120,Predators,30,208,180.8,238.2
65,2120,Prey,30,375.5,277.6,433.3
65,2130,Predators,30,201.5,170.7,228
65,2130,Prey,30,322,237,384.1
65,2140,Predators,30,189,164.9,214.1
65,2140,Prey,30,280,205.79999999999998,352.1
65,2150,Predators,30,179,156.9,200.4
65,2150,Prey,30,233,175.7,302.3
65,2160,Predators,30,163.5,146.6,183.1
65,2160,Prey,30,215.5,158.2,269.4000000000001
65,2170,Predators,30,147.5,130.6,166
65,2170,Prey,30,192,135.4,248.20000000000005
65,2180,Predators,30,131.5,113.8,146.50000000000003
65,2180,Prey,30,178,122,229.3
65,2190,Predators,30,117,102.6,129.20000000000002
65,2190,Prey,30,163,115.8,220.2
65,2200,Predators,30,102,86,117.4
65,2200,Prey,30,153,102.39999999999999,217.10000000000002
65,2210,Predators,30,89,74.9,103.19999999999999
65,2210,Prey,30,150,105.3,218.10000000000002
65,2220,Predators,30,78,62,91.3
65,2220,Prey,30,145.5,106,217.90000000000003
65,2230,Predators,30,66.5,53.800000000000004,81
65,2230,Prey,30,146.5,99.8,229.5
65,2240,Predators,30,58.5,48.8,75
65,2240,Prey,30,152,101.60000000000001,228.10000000000002
65,2250,Predators,30,51,40.9,66.1
65,2250,Prey,30,154.5,105,233.40000000000003
65,2260,Predators,30,45,33.7,56.300000000000004
65,2260,Prey,30,163,108.5,254.1
65,2270,Predators,30,38,28.6,52.1
65,2270,Prey,30,173,119.60000000000001,274.3
65,2280,Predators,30,30.5,23.700000000000003,45.2
65,2280,Prey,30,185.5,126.9,302.09999999999997
65,2290,Predators,30,27,20.7,42
65,2290,Prey,30,197,140.7,304.20000000000005
65,2300,Predators,30,23,15.8,38.2
65,2300,Prey,30,214.5,157.8,327.00000000000006
65,2310,Predators,30,20,12.9,34
65,2310,Prey,30,248.5,173.5,353.3
65,2320,Predators,30,19,10.9,31
65,2320,Prey,30,281.5,186,378.6
65,2330,Predators,30,15.5,10.700000000000001,28.200000000000003
65,2330,Prey,30,311,212,407.1000000000001
65,2340,Predators,30,14,9.9,26.200000000000003
65,2340,Prey,30,347.5,228.7,446.4
65,2350,Predators,30,13.5,8.9,21.500000000000007
65,2350,Prey,30,396.5,249.8,489.00000000000006
65,2360,Predators,30,13,7,21.200000000000003
65,2360,Prey,30,453,285.8,555
65,2370,Predators,30,12.5,6.9,22.1
65,2370,Prey,30,504.5,322.59999999999997,602
65,2380,Predators,30,11.5,6.9,23.200000000000003
65,2380,Prey,30,552,373.79999999999995,666.4
65,2390,Predators,30,10.5,5.9,25
65,2390,Prey,30,616.5,420.09999999999997,711.4000000000001
65,2400,Predators,30,9.5,5,25.1
65,2400,Prey,30,649.5,466.90000000000003,784.3
65,2410,Predators,30,9.5,5.9,24.200000000000003
65,2410,Prey,30,705.5,513.1,879
65,2420,Predators,30,9.5,5,23.400000000000006
65,2420,Prey,30,763,573.9000000000001,946.5
65,2430,Predators,30,10.5,5.700000000000001,21.70000000000001
65,2430,Prey,30,844,649.3000000000001,1026.8
65,2440,Predators,30,11,3.9000000000000004,25.400000000000006
65,2440,Prey,30,908.5,701.4,1077.8000000000002
65,2450,Predators,30,11.5,4,25.500000000000007
65,2450,Prey,30,941,755.3000000000001,1149.9
65,2460,Predators,30,11.5,4,26.300000000000004
65,2460,Prey,30,993,825.4,1195.8000000000002
65,2470,Predators,30,11,4.9,26.300000000000004
65,2470,Prey,30,1047.5,856.1,1258.5000000000002
65,2480,Predators,30,12,4.800000000000001,26.300000000000004
65,2480,Prey,30,1090.5,890.7,1328.2000000000003
65,2490,Predators,30,11.5,4.9,26.200000000000003
65,2490,Prey,30,1145.5,936.5999999999999,1424.2
65,2500,Predators,30,11,4,26.200000000000003
65,2500,Prey,30,1187,952.9000000000001,1458.9
65,2510,Predators,30,13,4,26.200000000000003
65,2510,Prey,30,1192.5,1003.8000000000001,1438
65,2520,Predators,30,13,4,27.1
65,2520,Prey,30,1223,1023.9,1420.5
65,2530,Predators,30,14,4,27.200000000000003
65,2530,Prey,30,1235.5,1036,1421.1000000000001
65,2540,Predators,30,14.5,3.9000000000000004,29.1
65,2540,Prey,30,1239,1101.8999999999999,1401.9
65,2550,Predators,30,15,4,29.1
65,2550,Prey,30,1239,1117.3,1392.4
65,2560,Predators,30,16,4,29
65,2560,Prey,30,1221.5,1079.3,1430.2
65,2570,Predators,30,16.5,4,28.400000000000006
65,2570,Prey,30,1252.5,1060.3,1405.5
65,2580,Predators,30,16.5,4,30.200000000000003
65,2580,Prey,30,1217.5,1031.7,1386.7
65,2590,Predators,30,18.5,3.9000000000000004,32.300000000000004
65,2590,Prey,30,1216.5,997.5,1354
65,2600,Predators,30,19,4.9,33.300000000000004
65,2600,Prey,30,1206.5,970,1332.8
65,2610,Predators,30,20,5.800000000000001,33.50000000000001
65,2610,Prey,30,1165,937.9000000000001,1321.0000000000002
65,2620,Predators,30,20,5.800000000000001,35.400000000000006
65,2620,Prey,30,1131.5,886.8,1311.8000000000002
65,2630,Predators,30,20.5,6,37.300000000000004
65,2630,Prey,30,1090.5,842.6999999999999,1287.8
65,2640,Predators,30,20,6.9,37.300000000000004
65,2640,Prey,30,1059.5,807.5,1248.4
65,2650,Predators,30,21.5,6.9,39.2
65,2650,Prey,30,1019.5,778,1225.0000000000002
65,2660,Predators,30,21.5,6.9,41
65,2660,Prey,30,992,773.9000000000001,1203
65,2670,Predators,30,23.5,7,41.1
65,2670,Prey,30,971,758.1999999999999,1172.7
65,2680,Predators,30,24.5,6.9,43.1
65,2680,Prey,30,944.5,732.3,1147.8
65,2690,Predators,30,25.5,7,42.400000000000006
65,2690,Prey,30,899.5,707,1121.2
65,2700,Predators,30,25.5,7,43.2
65,2700,Prey,30,860,672.4000000000001,1077.9
65,2710,Predators,30,26,7.800000000000001,41.90000000000001
65,2710,Prey,30,828,649.6,1051
65,2720,Predators,30,25.5,7.800000000000001,42.90000000000001
65,2720,Prey,30,801.5,639.3000000000001,1072.5
65,2730,Predators,30,24.5,8.700000000000001,43.100000000000016
65,2730,Prey,30,764,608,1044.8
65,2740,Predators,30,24.5,9.500000000000002,43.40000000000002
65,2740,Prey,30,742.5,586.8000000000001,999.8000000000002
65,2750,Predators,30,24,8.600000000000001,40.700000000000024
65,2750,Prey,30,725.5,573.5,946.2000000000002
65,2760,Predators,30,22.5,9.500000000000002,42.40000000000002
65,2760,Prey,30,693.5,549.4,912.0000000000002
65,2770,Predators,30,23,8.600000000000001,44.40000000000002
65,2770,Prey,30,679.5,541.8,907.8000000000002
65,2780,Predators,30,23,8.700000000000001,45.30000000000002
65,2780,Prey,30,669.5,520.3000000000001,881.5000000000002
65,2790,Predators,30,24,8.700000000000001,44.20000000000002
65,2790,Prey,30,655,493,870.5000000000001
65,2800,Predators,30,24.5,6.9,42.80000000000001
65,2800,Prey,30,623,510.70000000000005,853.4000000000002
65,2810,Predators,30,26,6.9,41.80000000000001
65,2810,Prey,30,609.5,489.90000000000003,827.0000000000002
65,2820,Predators,30,26.5,6.9,43.400000000000006
65,2820,Prey,30,591.5,478.2,800.2000000000002
65,2830,Predators,30,26.5,6,43.2
65,2830,Prey,30,575,444.1,779.8000000000002
65,2840,Predators,30,28.5,6,41.50000000000001
65,2840,Prey,30,566,437.3,755.1000000000003
65,2850,Predators,30,27.5,6,41.300000000000004
65,2850,Prey,30,552.5,441,759.7
65,2860,Predators,30,26.5,6.9,38.300000000000004
65,2860,Prey,30,548.5,441.79999999999995,769.4
65,2870,Predators,30,23.5,6,38.1
65,2870,Prey,30,538,427.9,740.6
65,2880,Predators,30,24.5,7,37.2
65,2880,Prey,30,539,429.5,747.1
65,2890,Predators,30,24.5,7,36.400000000000006
65,2890,Prey,30,550,428.20000000000005,758.1
65,2900,Predators,30,24,6,37.1
65,2900,Prey,30,555.5,437.3,756.5
65,2910,Predators,30,25,6.9,36
65,2910,Prey,30,573,443.29999999999995,720.6
65,2920,Predators,30,24.5,6.9,36.1
65,2920,Prey,30,576,446.70000000000005,718.1
65,2930,Predators,30,25,6.9,35.2
65,2930,Prey,30,594.5,463.29999999999995,726.2
65,2940,Predators,30,25.5,6.9,36.300000000000004
65,2940,Prey,30,607,479.9,725.9
65,2950,Predators,30,23.5,7.800000000000001,38.2
65,2950,Prey,30,609.5,502.29999999999995,742.9
65,2960,Predators,30,22,7,39
65,2960,Prey,30,618,534.4,755.2
65,2970,Predators,30,21.5,7.9,38.1
65,2970,Prey,30,627,563.8,786.9
65,2980,Predators,30,22,8.9,38.2
65,2980,Prey,30,652,560.7,817
65,2990,Predators,30,21,8.9,38.1
65,2990,Prey,30,686,568.2,835
65,3000,Predators,30,21.5,8,36.50000000000001
65,3000,Prey,30,720.5,589.4,857.9000000000001
70,0,Predators,30,10,10,10
70,0,Prey,30,100,100,100
70,10,Predators,30,10,10,10
70,10,Prey,30,109,105,113.10000000000001
70,20,Predators,30,10,10,11
70,20,Prey,30,140.5,131.9,149.4
70,30,Predators,30,10,10,11
70,30,Prey,30,199.5,181.9,210.70000000000002
70,40,Predators,30,10,10,11
70,40,Prey,30,285,260.4,307.3
70,50,Predators,30,10,10,11.100000000000001
70,50,Prey,30,406,374.4,446.1
70,60,Predators,30,10,10,11.100000000000001
70,60,Prey,30,579.5,532.8000000000001,635.4000000000001
70,70,Predators,30,10.5,10,12
70,70,Prey,30,824,744,904.4
70,80,Predators,30,8,6,10.100000000000001
70,80,Prey,30,1164.5,1039.7,1256.1000000000001
70,90,Predators,30,8,6,10.100000000000001
70,90,Prey,30,1603,1428.3000000000002,1717.9
70,100,Predators,30,8,6,10.100000000000001
70,100,Prey,30,2200,2006.6000000000001,2359.4
70,110,Predators,30,9,6,11
70,110,Prey,30,2956,2744,3182.6000000000004
70,120,Predators,30,9,6.9,11.100000000000001
70,120,Prey,30,3924,3585.8,4200.4000000000005
70,130,Predators,30,9,6.9,12.300000000000004
70,130,Prey,30,5079,4649.6,5414.3
70,140,Predators,30,9.5,7.9,13.200000000000003
70,140,Prey,30,6390,5915.5,6719.8
70,150,Predators,30,10,7.9,16
70,150,Prey,30,7747.5,7252,8163.4
70,160,Predators,30,11,7.9,16.1
70,160,Prey,30,9087,8555.1,9555
70,170,Predators,30,11,7,17
70,170,Prey,30,10317.5,9829.1,10891.300000000001
70,180,Predators,30,11,7,17.1
70,180,Prey,30,11462.5,10994.4,11955.6
70,190,Predators,30,12.5,7.9,17.1
70,190,Prey,30,12322,11868.4,12695
70,200,Predators,30,13,7.9,18
70,200,Prey,30,12872,12591.5,13183.9
70,210,Predators,30,13,7.9,19
70,210,Prey,30,13177,12895.6,13396.2
70,220,Predators,30,13,7.9,20
70,220,Prey,30,13219.5,13009.9,13414.599999999999
70,230,Predators,30,13.5,8,20.1
70,230,Prey,30,13092,12920.9,13314.699999999999
70,240,Predators,30,14,8.9,20.300000000000004
70,240,Prey,30,12879.5,12573.8,13073.3
70,250,Predators,30,14.5,9,21.300000000000004
70,250,Prey,30,12564,12256.4,12743.1
70,260,Predators,30,15,9,24
70,260,Prey,30,12150,11847.300000000001,12357
70,270,Predators,30,15,9.9,24.200000000000003
70,270,Prey,30,11673.5,11434.3,11901.5
70,280,Predators,30,16,10,26
70,280,Prey,30,11211,10951.300000000001,11421.9
70,290,Predators,30,16.5,10,25.200000000000003
70,290,Prey,30,10658.5,10440.6,10897.4
70,300,Predators,30,16.5,10.9,25.300000000000004
70,300,Prey,30,10103.5,9847.1,10354.6
70,310,Predators,30,16.5,10.8,26.200000000000003
70,310,Prey,30,9524,9288.1,9772.4
70,320,Predators,30,17,10.9,27.300000000000004
70,320,Prey,30,8930,8700.1,9248.300000000001
70,330,Predators,30,18,10.9,30
70,330,Prey,30,8384.5,8185,8604
70,340,Predators,30,19,11,31
70,340,Prey,30,7834.5,7613.4000000000005,8075.4
70,350,Predators,30,19,12,32.1
70,350,Prey,30,7285,7053.1,7478
70,360,Predators,30,20,11.9,33
70,360,Prey,30,6751,6504.6,6946.1
70,370,Predators,30,20,12,34
70,370,Prey,30,6204,5970.1,6442.5
70,380,Predators,30,20,12.9,34.1
70,380,Prey,30,5703,5455.8,5914.2
70,390,Predators,30,21.5,13.8,33.1
70,390,Prey,30,5217.5,5002.3,5446
70,400,Predators,30,22,13.8,34.2
70,400,Prey,30,4771.5,4531.3,4944.1
70,410,Predators,30,21,13.8,34.300000000000004
70,410,Prey,30,4314.5,4143.6,4476.8
70,420,Predators,30,22,13.8,36.1
70,420,Prey,30,3916.5,3751.2,4125.4000000000005
70,430,Predators,30,22.5,13.8,36.1
70,430,Prey,30,3539,3370.6,3712.1
70,440,Predators,30,23,14.8,36.2
70,440,Prey,30,3197.5,3006.9,3334.2
70,450,Predators,30,23.5,14.8,36.300000000000004
70,450,Prey,30,2884,2726.1000000000004,3018.3999999999996
70,460,Predators,30,23,14,37.2
70,460,Prey,30,2589.5,2452.3,2751.4
70,470,Predators,30,24,13.9,37
70,470,Prey,30,2328.5,2163.8,2460.7
70,480,Predators,30,24.5,14,37
70,480,Prey,30,2103.5,1927.2,2209.4
70,490,Predators,30,25.5,14,38.1
70,490,Prey,30,1904,1734.4,1983.5
70,500,Predators,30,25.5,14,38.2
70,500,Prey,30,1733,1551.2,1822.1000000000001
70,510,Predators,30,27,14.9,40.1
70,510,Prey,30,1558.5,1373.7,1646.8000000000002
70,520,Predators,30,28,15.9,41.1
70,520,Prey,30,1415.5,1260,1501.5
70,530,Predators,30,28,15.8,41
70,530,Prey,30,1298.5,1151.5,1379.6000000000001
70,540,Predators,30,28.5,15,41.1
70,540,Prey,30,1182.5,1050.5,1286.1000000000001
70,550,Predators,30,29.5,14.9,42.1
70,550,Prey,30,1088.5,967.4,1185.3000000000002
70,560,Predators,30,31.5,14.9,43
70,560,Prey,30,997,874.6,1103.6000000000001
70,570,Predators,30,31.5,15.8,44.1
70,570,Prey,30,926.5,823.6,1041
70,580,Predators,30,31.5,16.700000000000003,45
70,580,Prey,30,867,770.3000000000001,959.9000000000001
70,590,Predators,30,32,15.700000000000001,45.1
70,590,Prey,30,813.5,735.2,917.7
70,600,Predators,30,32,16.700000000000003,46
70,600,Prey,30,769,703.4,874.4000000000001
70,610,Predators,30,31.5,15.8,48
70,610,Prey,30,736,670.8,828.1000000000001
70,620,Predators,30,31.5,14.9,48.1
70,620,Prey,30,705,649.3,816.6
70,630,Predators,30,31.5,15.9,49
70,630,Prey,30,680.5,617.8000000000001,793.8000000000001
70,640,Predators,30,32.5,16.8,51.1
70,640,Prey,30,668,602.6999999999999,769.9
70,650,Predators,30,33.5,16.9,50
70,650,Prey,30,663,603.8000000000001,762.1
70,660,Predators,30,33.5,17.9,51.1
70,660,Prey,30,657.5,606.8000000000001,748.7
70,670,Predators,30,32.5,17.8,50.2
70,670,Prey,30,663.5,615.8000000000001,753.5
70,680,Predators,30,32,16.9,51.300000000000004
70,680,Prey,30,691,626.5,761.4
70,690,Predators,30,32.5,16,51.2
70,690,Prey,30,714.5,644.7,781.2
70,700,Predators,30,32.5,16,54
70,700,Prey,30,762,691.9,813.0000000000001
70,710,Predators,30,33,17,55
70,710,Prey,30,817,725.5,878.5
70,720,Predators,30,34,17,54.1
70,720,Prey,30,874,789.7,946.2
70,730,Predators,30,33.5,17.9,55
70,730,Prey,30,963,858.6999999999999,1045.4
70,740,Predators,30,34,18.900000000000002,56.1
70,740,Prey,30,1075,971.5,1179.1
70,750,Predators,30,35,19,57.1
70,750,Prey,30,1194.5,1077.7,1325
70,760,Predators,30,34.5,19.9,56.1
70,760,Prey,30,1363.5,1193.7,1488.6000000000001
70,770,Predators,30,35,19.9,58.1
70,770,Prey,30,1540,1331.8,1686.1000000000001
70,780,Predators,30,36.5,20.9,58.300000000000004
70,780,Prey,30,1746,1519.9,1922.3000000000002
70,790,Predators,30,38,20.9,60.60000000000001
70,790,Prey,30,1991.5,1728.8,2171.1000000000004
70,800,Predators,30,39,21.8,61.70000000000001
70,800,Prey,30,2222.5,1958.3,2479.4000000000005
70,810,Predators,30,40,21.8,65.70000000000002
70,810,Prey,30,2498,2205.6,2791.0000000000005
70,820,Predators,30,42.5,22.700000000000003,66.80000000000001
70,820,Prey,30,2784,2466.9,3122.4000000000005
70,830,Predators,30,43,23.9,67.9
70,830,Prey,30,3074.5,2746,3452.6000000000004
70,840,Predators,30,46,25.700000000000003,68.80000000000001
70,840,Prey,30,3388.5,3102.3999999999996,3769.1000000000004
70,850,Predators,30,47.5,26.6,71.60000000000001
70,850,Prey,30,3669,3435,4112.8
70,860,Predators,30,49,26.700000000000003,72.70000000000002
70,860,Prey,30,3939.5,3728.5,4435.9000000000005
70,870,Predators,30,50,27.700000000000003,72.9
70,870,Prey,30,4195,3972.8,4699.200000000001
70,880,Predators,30,50.5,27.700000000000003,74.80000000000001
70,880,Prey,30,4468.5,4138.9,4866
70,890,Predators,30,53,27.8,76.80000000000001
70,890,Prey,30,4647,4274.8,4967.5
70,900,Predators,30,54,29.700000000000003,79.4
70,900,Prey,30,4738.5,4418.8,5024.9
70,910,Predators,30,54,29,78.5
70,910,Prey,30,4771.5,4394.7,5028.7
70,920,Predators,30,53,29.9,76.60000000000001
70,920,Prey,30,4745.5,4371.9000000000005,4958.9000000000005
70,930,Predators,30,53.5,31,78.9
70,930,Prey,30,4646.5,4346.6,4868.700000000001
70,940,Predators,30,54.5,34.900000000000006,80.70000000000002
70,940,Prey,30,4548.5,4280.2,4702.1
70,950,Predators,30,58,34,79.10000000000002
70,950,Prey,30,4369,4087.7999999999997,4547.3
70,960,Predators,30,58,34.800000000000004,82.70000000000002
70,960,Prey,30,4174,3886.6,4390
70,970,Predators,30,59.5,35.8,81.90000000000002
70,970,Prey,30,3952,3673.9,4195.8
70,980,Predators,30,62,35,82.80000000000001
70,980,Prey,30,3728.5,3467.2,3946.9
70,990,Predators,30,63,34.900000000000006,86.70000000000002
70,990,Prey,30,3465,3209.5,3699.8999999999996
70,1000,Predators,30,65,36.9,86.60000000000001
70,1000,Prey,30,3234,2993.2,3478.8
70,1010,Predators,30,65,37.900000000000006,84.80000000000001
70,1010,Prey,30,3017.5,2793.7,3225
70,1020,Predators,30,64,37.7,86.5
70,1020,Prey,30,2839,2613,3018.4
70,1030,Predators,30,65.5,38.6,85.80000000000001
70,1030,Prey,30,2655,2431.2000000000003,2826
70,1040,Predators,30,66.5,40.6,89.60000000000002
70,1040,Prey,30,2457,2223,2656
70,1050,Predators,30,67,41.599999999999994,89.60000000000002
70,1050,Prey,30,2274.5,2036.5,2478.6
70,1060,Predators,30,66.5,41.699999999999996,88.70000000000002
70,1060,Prey,30,2109,1873.6,2314.3
70,1070,Predators,30,67.5,44.2,89.70000000000002
70,1070,Prey,30,1953,1742,2163.7
70,1080,Predators,30,69.5,46.400000000000006,92
70,1080,Prey,30,1821,1605.6000000000001,2023.2
70,1090,Predators,30,71,46.400000000000006,92.4
70,1090,Prey,30,1692.5,1475.1,1890.1
70,1100,Predators,30,73,45.400000000000006,94.4
70,1100,Prey,30,1578.5,1376.6000000000001,1779.3
70,1110,Predators,30,73,46.5,94.80000000000001
70,1110,Prey,30,1475,1273.1999999999998,1690.3
70,1120,Predators,30,74,47.300000000000004,97.60000000000002
70,1120,Prey,30,1388.5,1175.8999999999999,1584.3
70,1130,Predators,30,74,48.4,98.80000000000001
70,1130,Prey,30,1305.5,1107.6000000000001,1500.0000000000002
70,1140,Predators,30,74.5,49.5,98.80000000000001
70,1140,Prey,30,1241,1030.2,1431.2000000000003
70,1150,Predators,30,76,49.5,97.10000000000002
70,1150,Prey,30,1186,1002.1,1359.2000000000003
70,1160,Predators,30,78,50.2,98.80000000000001
70,1160,Prey,30,1139.5,955.2,1318
70,1170,Predators,30,77,52.1,106.2
70,1170,Prey,30,1084.5,939.3,1279.6
70,1180,Predators,30,76.5,53.00000000000001,106.4
70,1180,Prey,30,1051.5,937.2,1232.7
70,1190,Predators,30,76.5,53.10000000000001,106.1
70,1190,Prey,30,1017,908.7,1206.8999999999999
70,1200,Predators,30,76.5,53.10000000000001,107.1
70,1200,Prey,30,997.5,900,1185.1000000000001
70,1210,Predators,30,77,53.10000000000001,109
70,1210,Prey,30,987,892.5999999999999,1164.1000000000001
70,1220,Predators,30,78.5,54.10000000000001,107.4
70,1220,Prey,30,981,884,1159.3999999999999
70,1230,Predators,30,79.5,54.10000000000001,108.60000000000001
70,1230,Prey,30,987,881.0999999999999,1174.3000000000002
70,1240,Predators,30,78.5,54.300000000000004,111.19999999999999
70,1240,Prey,30,1003,883.2,1179.3000000000002
70,1250,Predators,30,79.5,56.2,109.70000000000002
70,1250,Prey,30,1015.5,910.1,1201.4
70,1260,Predators,30,81,55.6,112.4
70,1260,Prey,30,1047.5,941.5,1224.9
70,1270,Predators,30,82.5,56.6,113.50000000000001
70,1270,Prey,30,1093.5,960.5,1256.8000000000002
70,1280,Predators,30,84.5,56.9,114.60000000000001
70,1280,Prey,30,1141,1040.2,1317
70,1290,Predators,30,84.5,56.8,116.30000000000001
70,1290,Prey,30,1217.5,1080.4,1405.8
70,1300,Predators,30,85.5,58.7,118.2
70,1300,Prey,30,1287.5,1131.9,1492.4
70,1310,Predators,30,88,58.800000000000004,119.19999999999999
70,1310,Prey,30,1373,1233.2,1576.1
70,1320,Predators,30,89,59,119.6
70,1320,Prey,30,1490.5,1301.1,1685.4
70,1330,Predators,30,90.5,58.900000000000006,118.70000000000002
70,1330,Prey,30,1616.5,1421.3999999999999,1791.4
70,1340,Predators,30,91.5,59.7,123.3
70,1340,Prey,30,1768,1549.3,1963.6
70,1350,Predators,30,94,60.7,123.4
70,1350,Prey,30,1897,1669.4,2104.8
70,1360,Predators,30,97,64.3,125.20000000000002
70,1360,Prey,30,2063,1817.3000000000002,2284.6000000000004
70,1370,Predators,30,98,63.6,126.30000000000001
70,1370,Prey,30,2218.5,1986.7,2495.8
70,1380,Predators,30,100.5,68.1,125.60000000000002
70,1380,Prey,30,2406.5,2122.5,2744.3999999999996
70,1390,Predators,30,102.5,68.7,124.9
70,1390,Prey,30,2576,2263.5,2995.2000000000003
70,1400,Predators,30,104,70.7,128.8
70,1400,Prey,30,2754.5,2450.4,3174
70,1410,Predators,30,105.5,75.30000000000001,132.60000000000002
70,1410,Prey,30,2926,2614.5,3413
70,1420,Predators,30,107.5,76.1,135.2
70,1420,Prey,30,3103,2766.2000000000003,3587.3
70,1430,Predators,30,109.5,80.7,138.3
70,1430,Prey,30,3282.5,2917.7999999999997,3806.6
70,1440,Predators,30,112,85.2,143
70,1440,Prey,30,3449,3062.6000000000004,3990.9
70,1450,Predators,30,114,86.5,146.10000000000002
70,1450,Prey,30,3590.5,3173.2000000000003,4105.700000000001
70,1460,Predators,30,115.5,88.3,148.1
70,1460,Prey,30,3665.5,3254.7999999999997,4143.3
70,1470,Predators,30,113.5,90.10000000000001,145.8
70,1470,Prey,30,3748,3351.7,4129.200000000001
70,1480,Predators,30,117.5,90.9,144.9
70,1480,Prey,30,3777.5,3385.7000000000003,4104.6
70,1490,Predators,30,118.5,91.9,149.20000000000002
70,1490,Prey,30,3779.5,3375.6,4024.1
70,1500,Predators,30,120,92.10000000000001,151.6
70,1500,Prey,30,3769,3431.9,4001.3999999999996
70,1510,Predators,30,120.5,96,150.9
70,1510,Prey,30,3755,3387.5,3895.2
70,1520,Predators,30,122,95.20000000000002,151.6
70,1520,Prey,30,3700.5,3329.5,3854.6000000000004
70,1530,Predators,30,122.5,92.50000000000001,153.4
70,1530,Prey,30,3594,3257.1,3806.3
70,1540,Predators,30,124,93.6,153.3
70,1540,Prey,30,3476,3148.1,3731.5
70,1550,Predators,30,127,97.9,156.1
70,1550,Prey,30,3341.5,3042.5,3627.7
70,1560,Predators,30,126,96.70000000000002,157.20000000000002
70,1560,Prey,30,3213,2921.7,3508.1
70,1570,Predators,30,125.5,95.80000000000001,155.5
70,1570,Prey,30,3040.5,2801.5,3391.3
70,1580,Predators,30,126.5,96.80000000000001,157.60000000000002
70,1580,Prey,30,2881,2657.8999999999996,3259.2999999999997
70,1590,Predators,30,127,95.80000000000001,160.5
70,1590,Prey,30,2752.5,2522.9,3119.8
70,1600,Predators,30,128,97.6,158.7
70,1600,Prey,30,2612.5,2383,3005.6
70,1610,Predators,30,131,97.5,160.4
70,1610,Prey,30,2497,2253,2906
70,1620,Predators,30,130.5,96.50000000000001,162.3
70,1620,Prey,30,2380.5,2136.2,2781.1
70,1630,Predators,30,130,98.7,159.6
70,1630,Prey,30,2277,2028.2,2652.8999999999996
70,1640,Predators,30,132,96,159.7
70,1640,Prey,30,2168.5,1906.2,2509.9
70,1650,Predators,30,132.5,95.20000000000002,159.4
70,1650,Prey,30,2070.5,1822.8,2388.5
70,1660,Predators,30,134,94.5,162.10000000000002
70,1660,Prey,30,1995.5,1750.1,2278.4
70,1670,Predators,30,134.5,95.50000000000001,162
70,1670,Prey,30,1944,1648.3000000000002,2160.2000000000003
70,1680,Predators,30,134,96.4,161.3
70,1680,Prey,30,1861,1538.7,2101
70,1690,Predators,30,133,97.4,157.70000000000002
70,1690,Prey,30,1757.5,1437.7,2047.5
70,1700,Predators,30,136,96.4,156.4
70,1700,Prey,30,1659.5,1355.8000000000002,1963
70,1710,Predators,30,132.5,101,158.5
70,1710,Prey,30,1594.5,1306.7,1904.6
70,1720,Predators,30,133,101.1,158
70,1720,Prey,30,1533,1259.8,1838.5
70,1730,Predators,30,134.5,103.00000000000001,160.1
70,1730,Prey,30,1466.5,1218.1,1807.4
70,1740,Predators,30,134.5,102.10000000000001,160
70,1740,Prey,30,1426,1189,1769.6
70,1750,Predators,30,137,99.2,162
70,1750,Prey,30,1391.5,1178.9,1714.8
70,1760,Predators,30,138,100.4,163.2
70,1760,Prey,30,1366,1154.3000000000002,1658.4
70,1770,Predators,30,137.5,102.60000000000001,163.1
70,1770,Prey,30,1345.5,1122.2,1620
70,1780,Predators,30,137.5,102.80000000000001,165
70,1780,Prey,30,1332.5,1128.3,1586.6
70,1790,Predators,30,139,103.9,164.2
70,1790,Prey,30,1319,1132.8000000000002,1566.7
70,1800,Predators,30,140,105,165
70,1800,Prey,30,1341,1123.2,1547.3000000000002
70,1810,Predators,30,138.5,104.2,164.2
70,1810,Prey,30,1343.5,1159.3999999999999,1546.7
70,1820,Predators,30,140.5,103.6,162.40000000000003
70,1820,Prey,30,1376.5,1186.3000000000002,1550.6999999999998
70,1830,Predators,30,140.5,101,165.20000000000002
70,1830,Prey,30,1396.5,1211.4,1542.2
70,1840,Predators,30,140,101,162.90000000000003
70,1840,Prey,30,1429.5,1224,1550.1
70,1850,Predators,30,142.5,101,163.9
70,1850,Prey,30,1456.5,1264.6,1570.3
70,1860,Predators,30,142,100,162.60000000000002
70,1860,Prey,30,1528,1268.8,1611.6000000000001
70,1870,Predators,30,142.5,102.89999999999999,162.60000000000002
70,1870,Prey,30,1548,1321.1,1671.7
70,1880,Predators,30,143.5,105.89999999999999,164.60000000000002
70,1880,Prey,30,1596,1373.1,1738.8000000000002
70,1890,Predators,30,146,112.30000000000001,164.70000000000002
70,1890,Prey,30,1647,1440.3,1843.2000000000003
70,1900,Predators,30,149.5,113.4,167.7
70,1900,Prey,30,1721,1520.9,2011.4
70,1910,Predators,30,148.5,115.5,171.4
70,1910,Prey,30,1787,1600.3000000000002,2126.2000000000003
70,1920,Predators,30,151,113.8,174.5
70,1920,Prey,30,1874.5,1654.8999999999999,2214.8
70,1930,Predators,30,153.5,113.8,172.5
70,1930,Prey,30,1938,1751.8000000000002,2292.5000000000005
70,1940,Predators,30,152,111.8,172.3
70,1940,Prey,30,2030,1799.9,2376.1000000000004
70,1950,Predators,30,153,113.8,171.1
70,1950,Prey,30,2142,1899.6,2470.3
70,1960,Predators,30,154.5,118.69999999999999,170.50000000000003
70,1960,Prey,30,2241.5,2020.8000000000002,2587.3
70,1970,Predators,30,159,119.6,174.2
70,1970,Prey,30,2336,2100.8,2709
70,1980,Predators,30,160.5,119.8,174.5
70,1980,Prey,30,2439,2162.4,2844.3
70,1990,Predators,30,158.5,121.7,176.60000000000002
70,1990,Prey,30,2527.5,2269.3,2997.1000000000004
70,2000,Predators,30,159.5,123.7,182.1
70,2000,Prey,30,2629,2379.7,3143.4
70,2010,Predators,30,172,135.5,193
70,2010,Prey,30,2089,1889.1000000000001,2459.9
70,2020,Predators,30,181.5,143.9,204.3
70,2020,Prey,30,1632.5,1477.4,1897.8
70,2030,Predators,30,192,150.60000000000002,219.1
70,2030,Prey,30,1389,1219.4,1592
70,2040,Predators,30,197.5,157.6,228.4
70,2040,Prey,30,1187.5,1026.7,1344.8
70,2050,Predators,30,206,160.8,232.2
70,2050,Prey,30,992,859.3000000000001,1131
70,2060,Predators,30,216,167.89999999999998,239.4
70,2060,Prey,30,813.5,711.5,938.4
70,2070,Predators,30,222,174.9,240.2
70,2070,Prey,30,671.5,596.3,765.7
70,2080,Predators,30,226,180.6,245.10000000000002
70,2080,Prey,30,555.5,481.90000000000003,639.1
70,2090,Predators,30,221.5,182.8,240
70,2090,Prey,30,456.5,401,553.5
70,2100,Predators,30,215,177.9,234
70,2100,Prey,30,386,326.3,449.8
70,2110,Predators,30,207,174.8,231.1
70,2110,Prey,30,320.5,269,384.1
70,2120,Predators,30,196.5,169.9,222.1
70,2120,Prey,30,268,217.4,319.1
70,2130,Predators,30,184.5,157.79999999999998,204.1
70,2130,Prey,30,224.5,179.5,271.6
70,2140,Predators,30,169,145.9,189.10000000000002
70,2140,Prey,30,185,144.5,241.8
70,2150,Predators,30,153.5,135.8,175
70,2150,Prey,30,163.5,124.3,215.9
70,2160,Predators,30,137.5,123,152.3
70,2160,Prey,30,146,114.7,193.20000000000002
70,2170,Predators,30,119,104.4,133.70000000000002
70,2170,Prey,30,135.5,97.89999999999999,176.10000000000002
70,2180,Predators,30,102.5,86.89999999999999,119
70,2180,Prey,30,122.5,91,167
70,2190,Predators,30,88.5,76,107.19999999999999
70,2190,Prey,30,117.5,83.8,165.20000000000002
70,2200,Predators,30,75,58.800000000000004,86.5
70,2200,Prey,30,111,82.30000000000001,160.9
70,2210,Predators,30,61,50.900000000000006,77.60000000000002
70,2210,Prey,30,111,80.9,167.2
70,2220,Predators,30,52,41.8,65.60000000000001
70,2220,Prey,30,108,79.20000000000002,172
70,2230,Predators,30,43.5,31,58.1
70,2230,Prey,30,101,74.4,184.10000000000002
70,2240,Predators,30,36.5,26.900000000000002,47.2
70,2240,Prey,30,108,78,193.40000000000003
70,2250,Predators,30,31.5,20.9,39.1
70,2250,Prey,30,115.5,82.30000000000001,203.20000000000005
70,2260,Predators,30,27,15.9,33.1
70,2260,Prey,30,128.5,84.9,216.00000000000006
70,2270,Predators,30,23,12.9,28.1
70,2270,Prey,30,147,87.4,237.40000000000006
70,2280,Predators,30,18,11.8,27
70,2280,Prey,30,162,88.9,258.6
70,2290,Predators,30,14,8,23.200000000000003
70,2290,Prey,30,180,94.89999999999999,287.1
70,2300,Predators,30,12,7,21.1
70,2300,Prey,30,204,105,313.29999999999995
70,2310,Predators,30,10.5,6.9,19
70,2310,Prey,30,218.5,113.7,338.90000000000003
70,2320,Predators,30,9.5,5.9,18.1
70,2320,Prey,30,235,130.7,359.5
70,2330,Predators,30,8,4,16.200000000000003
70,2330,Prey,30,256.5,156.9,387.5
70,2340,Predators,30,8,4,17.1
70,2340,Prey,30,286,169.8,413.09999999999997
70,2350,Predators,30,8,3,15
70,2350,Prey,30,318,190.6,442.40000000000003
70,2360,Predators,30,7,2,14
70,2360,Prey,30,334,219.00000000000003,477.6
70,2367,Predators,1,0,0,0
70,2367,Prey,1,360,360,360
70,2370,Predators,29,7,2.8000000000000003,13.2
70,2370,Prey,29,376,239.6,507.20000000000005
70,2380,Predators,29,6,2,12.399999999999999
70,2380,Prey,29,431,267.2,542
70,2383,Predators,1,0,0,0
70,2383,Prey,1,299,299,299
70,2388,Predators,1,0,0,0
70,2388,Prey,1,158,158,158
70,2390,Predators,27,7,2,13.400000000000002
70,2390,Prey,27,499,320.6,582.4000000000001
70,2400,Predators,27,7,2,14.400000000000002
70,2400,Prey,27,559,367.6,612
70,2410,Predators,27,7,2,15.400000000000002
70,2410,Prey,27,613,398.2,649.4
70,2420,Predators,27,6,2,14.400000000000002
70,2420,Prey,27,653,424.2,707
70,2430,Predators,27,6,1.6,14.400000000000002
70,2430,Prey,27,657,469.4,765.2
70,2440,Predators,27,6,1,13.400000000000002
70,2440,Prey,27,708,509.40000000000003,829.4
70,2444,Predators,1,0,0,0
70,2444,Prey,1,655,655,655
70,2450,Predators,26,6.5,1.5,14
70,2450,Prey,26,770,549.5,883.5
70,2460,Predators,26,6.5,1.5,14
70,2460,Prey,26,811,615,933.5
70,2461,Predators,1,0,0,0
70,2461,Prey,1,602,602,602
70,2468,Predators,1,0,0,0
70,2468,Prey,1,956,956,956
70,2470,Predators,24,7,2,15.099999999999998
70,2470,Prey,24,828,672.5,946.8
70,2480,Predators,24,7,2,15.099999999999998
70,2480,Prey,24,846.5,696,973.7
70,2490,Predators,24,7,2,15.099999999999998
70,2490,Prey,24,867,716.2,1014.5999999999999
70,2500,Predators,24,6.5,3,14.399999999999999
70,2500,Prey,24,866.5,737,1068.3
70,2510,Predators,24,7,3,15.099999999999998
70,2510,Prey,24,878.5,743.7,1103.9
70,2520,Predators,24,7,3,14.7
70,2520,Prey,24,896,758,1117.8
70,2530,Predators,24,7.5,2.3000000000000003,14
70,2530,Prey,24,910.5,761.1,1135.6
70,2540,Predators,24,7,1.6000000000000005,14
70,2540,Prey,24,912.5,748.7,1143.1
70,2550,Predators,24,8,1.6000000000000005,14
70,2550,Prey,24,910,727.6,1148.7
70,2560,Predators,24,8,1.3000000000000003,15.7
70,2560,Prey,24,899,698.3,1121.7
70,2570,Predators,24,9,1,17
70,2570,Prey,24,890,658.8,1090.2
70,2580,Predators,24,8.5,1.3000000000000003,18.099999999999998
70,2580,Prey,24,862,619.8,1071
70,2590,Predators,24,9.5,1.3000000000000003,19.4
70,2590,Prey,24,848.5,598.9,1036.4
70,2594,Predators,1,0,0,0
70,2594,Prey,1,1051,1051,1051
70,2600,Predators,23,9,2.2,19.6
70,2600,Prey,23,814,575.6,1052.2
70,2610,Predators,23,10,2.2,20.8
70,2610,Prey,23,781,557.8,1077.4
70,2620,Predators,23,10,2.2,21
70,2620,Prey,23,750,561.8,1083.8000000000002
70,2630,Predators,23,10,2.2,21
70,2630,Prey,23,739,565,1046.8
70,2640,Predators,23,11,2.2,19.6
70,2640,Prey,23,751,564,1008.8000000000001
70,2650,Predators,23,9,2.4000000000000004,19.6
70,2650,Prey,23,752,569.6,964.4000000000001
70,2660,Predators,23,10,2.2,21.000000000000004
70,2660,Prey,23,755,562.6,926.0000000000001
70,2662,Predators,1,0,0,0
70,2662,Prey,1,481,481,481
70,2670,Predators,22,10,3.1,20.900000000000002
70,2670,Prey,22,736,585.5,887.5000000000002
70,2680,Predators,22,10,3.1,21
70,2680,Prey,22,715,585.2,852.0000000000001
70,2690,Predators,22,9.5,3.1,21.900000000000002
70,2690,Prey,22,694,560.7,813.8000000000001
70,2700,Predators,22,9.5,3.1,20.900000000000002
70,2700,Prey,22,684.5,559.2,814.4000000000001
70,2710,Predators,22,9,3.1,19.800000000000004
70,2710,Prey,22,667.5,510.90000000000003,796.0000000000002
70,2720,Predators,22,9,3,21.700000000000006
70,2720,Prey,22,634.5,513.1999999999999,773.9000000000002
70,2730,Predators,22,7.5,3,21.700000000000006
70,2730,Prey,22,601,487,742.4000000000001
70,2740,Predators,22,7,2.1,21.900000000000002
70,2740,Prey,22,588,470.1,751.6
70,2750,Predators,22,7.5,2.1,22
70,2750,Prey,22,576.5,458.29999999999995,733.0000000000001
70,2760,Predators,22,7,2.1,23
70,2760,Prey,22,569,439.7,746.2
70,2770,Predators,22,7,2.1,22.900000000000002
70,2770,Prey,22,562.5,413.3,774.4000000000002
70,2780,Predators,22,7,2.1,23.60000000000001
70,2780,Prey,22,563.5,388.2,782.4000000000002
70,2790,Predators,22,7.5,2,23.400000000000013
70,2790,Prey,22,551,388.1,805.0000000000002
70,2795,Predators,1,0,0,0
70,2795,Prey,1,863,863,863
70,2800,Predators,21,8,2,24
70,2800,Prey,21,534,365,744
70,2810,Predators,21,7,2,22
70,2810,Prey,21,541,361,746
70,2820,Predators,21,7,2,22
70,2820,Prey,21,536,357,746
70,2830,Predators,21,7,3,23
70,2830,Prey,21,525,352,725
70,2840,Predators,21,7,3,20
70,2840,Prey,21,492,351,729
70,2850,Predators,21,7,3,19
70,2850,Prey,21,476,361,732
70,2860,Predators,21,7,3,19
70,2860,Prey,21,512,352,723
70,2870,Predators,21,6,2,20
70,2870,Prey,21,509,358,719
70,2871,Predators,1,0,0,0
70,2871,Prey,1,377,377,377
70,2880,Predators,20,6.5,2.9000000000000004,20.1
70,2880,Prey,20,500,369.1,708.5000000000001
70,2890,Predators,20,6.5,2,21
70,2890,Prey,20,498.5,368.2,673.7000000000002
70,2900,Predators,20,6.5,2,20
70,2900,Prey,20,495,381.90000000000003,655.3000000000002
70,2910,Predators,20,6,2,18
70,2910,Prey,20,496,389.8,647.3000000000002
70,2920,Predators,20,6,2,17
70,2920,Prey,20,515,403.20000000000005,649.7
70,2930,Predators,20,6.5,2,17.1
70,2930,Prey,20,526.5,400.9,655.8000000000001
70,2940,Predators,20,7,2,18
70,2940,Prey,20,539.5,427.90000000000003,669.1999999999999
70,2950,Predators,20,7.5,2,17.1
70,2950,Prey,20,551.5,426.80000000000007,670.5
70,2960,Predators,20,8,2,16.200000000000003
70,2960,Prey,20,564,413.5,671.8000000000001
70,2970,Predators,20,7.5,2,16.200000000000003
70,2970,Prey,20,574,423.7,687.4
70,2980,Predators,20,7.5,1.9000000000000004,16.200000000000003
70,2980,Prey,20,589,437.3,697.1
70,2990,Predators,20,7,2,16
70,2990,Prey,20,603.5,455.6,697.6
70,3000,Predators,20,7,1.9000000000000004,16.1
70,3000,Prey,20,633,464.2,720.1
75,0,Predators,30,10,10,10
75,0,Prey,30,100,100,100
75,10,Predators,30,10,10,10
75,10,Prey,30,109,105,113.10000000000001
75,20,Predators,30,10,10,11
75,20,Prey,30,140.5,131.9,149.4
75,30,Predators,30,10,10,11
75,30,Prey,30,199.5,181.9,210.70000000000002
75,40,Predators,30,10,10,11
75,40,Prey,30,285,260.4,307.3
75,50,Predators,30,10,10,11.100000000000001
75,50,Prey,30,406,374.4,446.1
75,60,Predators,30,10,10,11.100000000000001
75,60,Prey,30,579.5,532.8000000000001,635.4000000000001
75,70,Predators,30,10.5,10,12
75,70,Prey,30,824,744,904.4
75,80,Predators,30,8,6,10.100000000000001
75,80,Prey,30,1164.5,1039.7,1256.1000000000001
75,90,Predators,30,8,6,10.100000000000001
75,90,Prey,30,1603,1428.3000000000002,1717.9
75,100,Predators,30,8,6,10.100000000000001
75,100,Prey,30,2200,2006.6000000000001,2359.4
75,110,Predators,30,9,6,11
75,110,Prey,30,2956,2744,3182.6000000000004
75,120,Predators,30,9,6.9,11.100000000000001
75,120,Prey,30,3924,3585.8,4200.4000000000005
75,130,Predators,30,9,6.9,12.300000000000004
75,130,Prey,30,5079,4649.6,5414.3
75,140,Predators,30,9.5,7.9,13.200000000000003
75,140,Prey,30,6390,5915.5,6719.8
75,150,Predators,30,10,7.9,16
75,150,Prey,30,7747.5,7252,8163.4
75,160,Predators,30,11,7.9,16.1
75,160,Prey,30,9087,8555.1,9555
75,170,Predators,30,11,7,17
75,170,Prey,30,10317.5,9829.1,10891.300000000001
75,180,Predators,30,11,7,17.1
75,180,Prey,30,11462.5,10994.4,11955.6
75,190,Predators,30,12.5,7.9,17.1
75,190,Prey,30,12322,11868.4,12695
75,200,Predators,30,13,7.9,18
75,200,Prey,30,12872,12591.5,13183.9
75,210,Predators,30,13,7.9,19
75,210,Prey,30,13177,12895.6,13396.2
75,220,Predators,30,13,7.9,20
75,220,Prey,30,13219.5,13009.9,13414.599999999999
75,230,Predators,30,13.5,8,20.1
75,230,Prey,30,13092,12920.9,13314.699999999999
75,240,Predators,30,14,8.9,20.300000000000004
75,240,Prey,30,12879.5,12573.8,13073.3
75,250,Predators,30,14.5,9,21.300000000000004
75,250,Prey,30,12564,12256.4,12743.1
75,260,Predators,30,15,9,24
75,260,Prey,30,12150,11847.300000000001,12357
75,270,Predators,30,15,9.9,24.200000000000003
75,270,Prey,30,11673.5,11434.3,11901.5
75,280,Predators,30,16,10,26
75,280,Prey,30,11211,10951.300000000001,11421.9
75,290,Predators,30,16.5,10,25.200000000000003
75,290,Prey,30,10658.5,10440.6,10897.4
75,300,Predators,30,16.5,10.9,25.300000000000004
75,300,Prey,30,10103.5,9847.1,10354.6
75,310,Predators,30,16.5,10.8,26.200000000000003
75,310,Prey,30,9524,9288.1,9772.4
75,320,Predators,30,17,10.9,27.300000000000004
75,320,Prey,30,8930,8700.1,9248.300000000001
75,330,Predators,30,18,10.9,30
75,330,Prey,30,8384.5,8185,8604
75,340,Predators,30,19,11,31
75,340,Prey,30,7834.5,7613.4000000000005,8075.4
75,350,Predators,30,19,12,32.1
75,350,Prey,30,7285,7053.1,7478
75,360,Predators,30,20,11.9,33
75,360,Prey,30,6751,6504.6,6946.1
75,370,Predators,30,20,12,34
75,370,Prey,30,6204,5970.1,6442.5
75,380,Predators,30,20,12.9,34.1
75,380,Prey,30,5703,5455.8,5914.2
75,390,Predators,30,21.5,13.8,33.1
75,390,Prey,30,5217.5,5002.3,5446
75,400,Predators,30,22,13.8,34.2
75,400,Prey,30,4771.5,4531.3,4944.1
75,410,Predators,30,21,13.8,34.300000000000004
75,410,Prey,30,4314.5,4143.6,4476.8
75,420,Predators,30,22,13.8,36.1
75,420,Prey,30,3916.5,3751.2,4125.4000000000005
75,430,Predators,30,22.5,13.8,36.1
75,430,Prey,30,3539,3370.6,3712.1
75,440,Predators,30,23,14.8,36.2
75,440,Prey,30,3197.5,3006.9,3334.2
75,450,Predators,30,23.5,14.8,36.300000000000004
75,450,Prey,30,2884,2726.1000000000004,3018.3999999999996
75,460,Predators,30,23,14,37.2
75,460,Prey,30,2589.5,2452.3,2751.4
75,470,Predators,30,24,13.9,37
75,470,Prey,30,2328.5,2163.8,2460.7
75,480,Predators,30,24.5,14,37
75,480,Prey,30,2103.5,1927.2,2209.4
75,490,Predators,30,25.5,14,38.1
75,490,Prey,30,1904,1734.4,1983.5
75,500,Predators,30,25.5,14,38.2
75,500,Prey,30,1733,1551.2,1822.1000000000001
75,510,Predators,30,27,14.9,40.1
75,510,Prey,30,1558.5,1373.7,1646.8000000000002
75,520,Predators,30,28,15.9,41.1
75,520,Prey,30,1415.5,1260,1501.5
75,530,Predators,30,28,15.8,41
75,530,Prey,30,1298.5,1151.5,1379.6000000000001
75,540,Predators,30,28.5,15,41.1
75,540,Prey,30,1182.5,1050.5,1286.1000000000001
75,550,Predators,30,29.5,14.9,42.1
75,550,Prey,30,1088.5,967.4,1185.3000000000002
75,560,Predators,30,31.5,14.9,43
75,560,Prey,30,997,874.6,1103.6000000000001
75,570,Predators,30,31.5,15.8,44.1
75,570,Prey,30,926.5,823.6,1041
75,580,Predators,30,31.5,16.700000000000003,45
75,580,Prey,30,867,770.3000000000001,959.9000000000001
75,590,Predators,30,32,15.700000000000001,45.1
75,590,Prey,30,813.5,735.2,917.7
75,600,Predators,30,32,16.700000000000003,46
75,600,Prey,30,769,703.4,874.4000000000001
75,610,Predators,30,31.5,15.8,48
75,610,Prey,30,736,670.8,828.1000000000001
75,620,Predators,30,31.5,14.9,48.1
75,620,Prey,30,705,649.3,816.6
75,630,Predators,30,31.5,15.9,49
75,630,Prey,30,680.5,617.8000000000001,793.8000000000001
75,640,Predators,30,32.5,16.8,51.1
75,640,Prey,30,668,602.6999999999999,769.9
75,650,Predators,30,33.5,16.9,50
75,650,Prey,30,663,603.8000000000001,762.1
75,660,Predators,30,33.5,17.9,51.1
75,660,Prey,30,657.5,606.8000000000001,748.7
75,670,Predators,30,32.5,17.8,50.2
75,670,Prey,30,663.5,615.8000000000001,753.5
75,680,Predators,30,32,16.9,51.300000000000004
75,680,Prey,30,691,626.5,761.4
75,690,Predators,30,32.5,16,51.2
75,690,Prey,30,714.5,644.7,781.2
75,700,Predators,30,32.5,16,54
75,700,Prey,30,762,691.9,813.0000000000001
75,710,Predators,30,33,17,55
75,710,Prey,30,817,725.5,878.5
75,720,Predators,30,34,17,54.1
75,720,Prey,30,874,789.7,946.2
75,730,Predators,30,33.5,17.9,55
75,730,Prey,30,963,858.6999999999999,1045.4
75,740,Predators,30,34,18.900000000000002,56.1
75,740,Prey,30,1075,971.5,1179.1
75,750,Predators,30,35,19,57.1
75,750,Prey,30,1194.5,1077.7,1325
75,760,Predators,30,34.5,19.9,56.1
75,760,Prey,30,1363.5,1193.7,1488.6000000000001
75,770,Predators,30,35,19.9,58.1
75,770,Prey,30,1540,1331.8,1686.1000000000001
75,780,Predators,30,36.5,20.9,58.300000000000004
75,780,Prey,30,1746,1519.9,1922.3000000000002
75,790,Predators,30,38,20.9,60.60000000000001
75,790,Prey,30,1991.5,1728.8,2171.1000000000004
75,800,Predators,30,39,21.8,61.70000000000001
75,800,Prey,30,2222.5,1958.3,2479.4000000000005
75,810,Predators,30,40,21.8,65.70000000000002
75,810,Prey,30,2498,2205.6,2791.0000000000005
75,820,Predators,30,42.5,22.700000000000003,66.80000000000001
75,820,Prey,30,2784,2466.9,3122.4000000000005
75,830,Predators,30,43,23.9,67.9
75,830,Prey,30,3074.5,2746,3452.6000000000004
75,840,Predators,30,46,25.700000000000003,68.80000000000001
75,840,Prey,30,3388.5,3102.3999999999996,3769.1000000000004
75,850,Predators,30,47.5,26.6,71.60000000000001
75,850,Prey,30,3669,3435,4112.8
75,860,Predators,30,49,26.700000000000003,72.70000000000002
75,860,Prey,30,3939.5,3728.5,4435.9000000000005
75,870,Predators,30,50,27.700000000000003,72.9
75,870,Prey,30,4195,3972.8,4699.200000000001
75,880,Predators,30,50.5,27.700000000000003,74.80000000000001
75,880,Prey,30,4468.5,4138.9,4866
75,890,Predators,30,53,27.8,76.80000000000001
75,890,Prey,30,4647,4274.8,4967.5
75,900,Predators,30,54,29.700000000000003,79.4
75,900,Prey,30,4738.5,4418.8,5024.9
75,910,Predators,30,54,29,78.5
75,910,Prey,30,4771.5,4394.7,5028.7
75,920,Predators,30,53,29.9,76.60000000000001
75,920,Prey,30,4745.5,4371.9000000000005,4958.9000000000005
75,930,Predators,30,53.5,31,78.9
75,930,Prey,30,4646.5,4346.6,4868.700000000001
75,940,Predators,30,54.5,34.900000000000006,80.70000000000002
75,940,Prey,30,4548.5,4280.2,4702.1
75,950,Predators,30,58,34,79.10000000000002
75,950,Prey,30,4369,4087.7999999999997,4547.3
75,960,Predators,30,58,34.800000000000004,82.70000000000002
75,960,Prey,30,4174,3886.6,4390
75,970,Predators,30,59.5,35.8,81.90000000000002
75,970,Prey,30,3952,3673.9,4195.8
75,980,Predators,30,62,35,82.80000000000001
75,980,Prey,30,3728.5,3467.2,3946.9
75,990,Predators,30,63,34.900000000000006,86.70000000000002
75,990,Prey,30,3465,3209.5,3699.8999999999996
75,1000,Predators,30,65,36.9,86.60000000000001
75,1000,Prey,30,3234,2993.2,3478.8
75,1010,Predators,30,65,37.900000000000006,84.80000000000001
75,1010,Prey,30,3017.5,2793.7,3225
75,1020,Predators,30,64,37.7,86.5
75,1020,Prey,30,2839,2613,3018.4
75,1030,Predators,30,65.5,38.6,85.80000000000001
75,1030,Prey,30,2655,2431.2000000000003,2826
75,1040,Predators,30,66.5,40.6,89.60000000000002
75,1040,Prey,30,2457,2223,2656
75,1050,Predators,30,67,41.599999999999994,89.60000000000002
75,1050,Prey,30,2274.5,2036.5,2478.6
75,1060,Predators,30,66.5,41.699999999999996,88.70000000000002
75,1060,Prey,30,2109,1873.6,2314.3
75,1070,Predators,30,67.5,44.2,89.70000000000002
75,1070,Prey,30,1953,1742,2163.7
75,1080,Predators,30,69.5,46.400000000000006,92
75,1080,Prey,30,1821,1605.6000000000001,2023.2
75,1090,Predators,30,71,46.400000000000006,92.4
75,1090,Prey,30,1692.5,1475.1,1890.1
75,1100,Predators,30,73,45.400000000000006,94.4
75,1100,Prey,30,1578.5,1376.6000000000001,1779.3
75,1110,Predators,30,73,46.5,94.80000000000001
75,1110,Prey,30,1475,1273.1999999999998,1690.3
75,1120,Predators,30,74,47.300000000000004,97.60000000000002
75,1120,Prey,30,1388.5,1175.8999999999999,1584.3
75,1130,Predators,30,74,48.4,98.80000000000001
75,1130,Prey,30,1305.5,1107.6000000000001,1500.0000000000002
75,1140,Predators,30,74.5,49.5,98.80000000000001
75,1140,Prey,30,1241,1030.2,1431.2000000000003
75,1150,Predators,30,76,49.5,97.10000000000002
75,1150,Prey,30,1186,1002.1,1359.2000000000003
75,1160,Predators,30,78,50.2,98.80000000000001
75,1160,Prey,30,1139.5,955.2,1318
75,1170,Predators,30,77,52.1,106.2
75,1170,Prey,30,1084.5,939.3,1279.6
75,1180,Predators,30,76.5,53.00000000000001,106.4
75,1180,Prey,30,1051.5,937.2,1232.7
75,1190,Predators,30,76.5,53.10000000000001,106.1
75,1190,Prey,30,1017,908.7,1206.8999999999999
75,1200,Predators,30,76.5,53.10000000000001,107.1
75,1200,Prey,30,997.5,900,1185.1000000000001
75,1210,Predators,30,77,53.10000000000001,109
75,1210,Prey,30,987,892.5999999999999,1164.1000000000001
75,1220,Predators,30,78.5,54.10000000000001,107.4
75,1220,Prey,30,981,884,1159.3999999999999
75,1230,Predators,30,79.5,54.10000000000001,108.60000000000001
75,1230,Prey,30,987,881.0999999999999,1174.3000000000002
75,1240,Predators,30,78.5,54.300000000000004,111.19999999999999
75,1240,Prey,30,1003,883.2,1179.3000000000002
75,1250,Predators,30,79.5,56.2,109.70000000000002
75,1250,Prey,30,1015.5,910.1,1201.4
75,1260,Predators,30,81,55.6,112.4
75,1260,Prey,30,1047.5,941.5,1224.9
75,1270,Predators,30,82.5,56.6,113.50000000000001
75,1270,Prey,30,1093.5,960.5,1256.8000000000002
75,1280,Predators,30,84.5,56.9,114.60000000000001
75,1280,Prey,30,1141,1040.2,1317
75,1290,Predators,30,84.5,56.8,116.30000000000001
75,1290,Prey,30,1217.5,1080.4,1405.8
75,1300,Predators,30,85.5,58.7,118.2
75,1300,Prey,30,1287.5,1131.9,1492.4
75,1310,Predators,30,88,58.800000000000004,119.19999999999999
75,1310,Prey,30,1373,1233.2,1576.1
75,1320,Predators,30,89,59,119.6
75,1320,Prey,30,1490.5,1301.1,1685.4
75,1330,Predators,30,90.5,58.900000000000006,118.70000000000002
75,1330,Prey,30,1616.5,1421.3999999999999,1791.4
75,1340,Predators,30,91.5,59.7,123.3
75,1340,Prey,30,1768,1549.3,1963.6
75,1350,Predators,30,94,60.7,123.4
75,1350,Prey,30,1897,1669.4,2104.8
75,1360,Predators,30,97,64.3,125.20000000000002
75,1360,Prey,30,2063,1817.3000000000002,2284.6000000000004
75,1370,Predators,30,98,63.6,126.30000000000001
75,1370,Prey,30,2218.5,1986.7,2495.8
75,1380,Predators,30,100.5,68.1,125.60000000000002
75,1380,Prey,30,2406.5,2122.5,2744.3999999999996
75,1390,Predators,30,102.5,68.7,124.9
75,1390,Prey,30,2576,2263.5,2995.2000000000003
75,1400,Predators,30,104,70.7,128.8
75,1400,Prey,30,2754.5,2450.4,3174
75,1410,Predators,30,105.5,75.30000000000001,132.60000000000002
75,1410,Prey,30,2926,2614.5,3413
75,1420,Predators,30,107.5,76.1,135.2
75,1420,Prey,30,3103,2766.2000000000003,3587.3
75,1430,Predators,30,109.5,80.7,138.3
75,1430,Prey,30,3282.5,2917.7999999999997,3806.6
75,1440,Predators,30,112,85.2,143
75,1440,Prey,30,3449,3062.6000000000004,3990.9
75,1450,Predators,30,114,86.5,146.10000000000002
75,1450,Prey,30,3590.5,3173.2000000000003,4105.700000000001
75,1460,Predators,30,115.5,88.3,148.1
75,1460,Prey,30,3665.5,3254.7999999999997,4143.3
75,1470,Predators,30,113.5,90.10000000000001,145.8
75,1470,Prey,30,3748,3351.7,4129.200000000001
75,1480,Predators,30,117.5,90.9,144.9
75,1480,Prey,30,3777.5,3385.7000000000003,4104.6
75,1490,Predators,30,118.5,91.9,149.20000000000002
75,1490,Prey,30,3779.5,3375.6,4024.1
75,1500,Predators,30,120,92.10000000000001,151.6
75,1500,Prey,30,3769,3431.9,4001.3999999999996
75,1510,Predators,30,120.5,96,150.9
75,1510,Prey,30,3755,3387.5,3895.2
75,1520,Predators,30,122,95.20000000000002,151.6
75,1520,Prey,30,3700.5,3329.5,3854.6000000000004
75,1530,Predators,30,122.5,92.50000000000001,153.4
75,1530,Prey,30,3594,3257.1,3806.3
75,1540,Predators,30,124,93.6,153.3
75,1540,Prey,30,3476,3148.1,3731.5
75,1550,Predators,30,127,97.9,156.1
75,1550,Prey,30,3341.5,3042.5,3627.7
75,1560,Predators,30,126,96.70000000000002,157.20000000000002
75,1560,Prey,30,3213,2921.7,3508.1
75,1570,Predators,30,125.5,95.80000000000001,155.5
75,1570,Prey,30,3040.5,2801.5,3391.3
75,1580,Predators,30,126.5,96.80000000000001,157.60000000000002
75,1580,Prey,30,2881,2657.8999999999996,3259.2999999999997
75,1590,Predators,30,127,95.80000000000001,160.5
75,1590,Prey,30,2752.5,2522.9,3119.8
75,1600,Predators,30,128,97.6,158.7
75,1600,Prey,30,2612.5,2383,3005.6
75,1610,Predators,30,131,97.5,160.4
75,1610,Prey,30,2497,2253,2906
75,1620,Predators,30,130.5,96.50000000000001,162.3
75,1620,Prey,30,2380.5,2136.2,2781.1
75,1630,Predators,30,130,98.7,159.6
75,1630,Prey,30,2277,2028.2,2652.8999999999996
75,1640,Predators,30,132,96,159.7
75,1640,Prey,30,2168.5,1906.2,2509.9
75,1650,Predators,30,132.5,95.20000000000002,159.4
75,1650,Prey,30,2070.5,1822.8,2388.5
75,1660,Predators,30,134,94.5,162.10000000000002
75,1660,Prey,30,1995.5,1750.1,2278.4
75,1670,Predators,30,134.5,95.50000000000001,162
75,1670,Prey,30,1944,1648.3000000000002,2160.2000000000003
75,1680,Predators,30,134,96.4,161.3
75,1680,Prey,30,1861,1538.7,2101
75,1690,Predators,30,133,97.4,157.70000000000002
75,1690,Prey,30,1757.5,1437.7,2047.5
75,1700,Predators,30,136,96.4,156.4
75,1700,Prey,30,1659.5,1355.8000000000002,1963
75,1710,Predators,30,132.5,101,158.5
75,1710,Prey,30,1594.5,1306.7,1904.6
75,1720,Predators,30,133,101.1,158
75,1720,Prey,30,1533,1259.8,1838.5
75,1730,Predators,30,134.5,103.00000000000001,160.1
75,1730,Prey,30,1466.5,1218.1,1807.4
75,1740,Predators,30,134.5,102.10000000000001,160
75,1740,Prey,30,1426,1189,1769.6
75,1750,Predators,30,137,99.2,162
75,1750,Prey,30,1391.5,1178.9,1714.8
75,1760,Predators,30,138,100.4,163.2
75,1760,Prey,30,1366,1154.3000000000002,1658.4
75,1770,Predators,30,137.5,102.60000000000001,163.1
75,1770,Prey,30,1345.5,1122.2,1620
75,1780,Predators,30,137.5,102.80000000000001,165
75,1780,Prey,30,1332.5,1128.3,1586.6
75,1790,Predators,30,139,103.9,164.2
75,1790,Prey,30,1319,1132.8000000000002,1566.7
75,1800,Predators,30,140,105,165
75,1800,Prey,30,1341,1123.2,1547.3000000000002
75,1810,Predators,30,138.5,104.2,164.2
75,1810,Prey,30,1343.5,1159.3999999999999,1546.7
75,1820,Predators,30,140.5,103.6,162.40000000000003
75,1820,Prey,30,1376.5,1186.3000000000002,1550.6999999999998
75,1830,Predators,30,140.5,101,165.20000000000002
75,1830,Prey,30,1396.5,1211.4,1542.2
75,1840,Predators,30,140,101,162.90000000000003
75,1840,Prey,30,1429.5,1224,1550.1
75,1850,Predators,30,142.5,101,163.9
75,1850,Prey,30,1456.5,1264.6,1570.3
75,1860,Predators,30,142,100,162.60000000000002
75,1860,Prey,30,1528,1268.8,1611.6000000000001
75,1870,Predators,30,142.5,102.89999999999999,162.60000000000002
75,1870,Prey,30,1548,1321.1,1671.7
75,1880,Predators,30,143.5,105.89999999999999,164.60000000000002
75,1880,Prey,30,1596,1373.1,1738.8000000000002
75,1890,Predators,30,146,112.30000000000001,164.70000000000002
75,1890,Prey,30,1647,1440.3,1843.2000000000003
75,1900,Predators,30,149.5,113.4,167.7
75,1900,Prey,30,1721,1520.9,2011.4
75,1910,Predators,30,148.5,115.5,171.4
75,1910,Prey,30,1787,1600.3000000000002,2126.2000000000003
75,1920,Predators,30,151,113.8,174.5
75,1920,Prey,30,1874.5,1654.8999999999999,2214.8
75,1930,Predators,30,153.5,113.8,172.5
75,1930,Prey,30,1938,1751.8000000000002,2292.5000000000005
75,1940,Predators,30,152,111.8,172.3
75,1940,Prey,30,2030,1799.9,2376.1000000000004
75,1950,Predators,30,153,113.8,171.1
75,1950,Prey,30,2142,1899.6,2470.3
75,1960,Predators,30,154.5,118.69999999999999,170.50000000000003
75,1960,Prey,30,2241.5,2020.8000000000002,2587.3
75,1970,Predators,30,159,119.6,174.2
75,1970,Prey,30,2336,2100.8,2709
75,1980,Predators,30,160.5,119.8,174.5
75,1980,Prey,30,2439,2162.4,2844.3
75,1990,Predators,30,158.5,121.7,176.60000000000002
75,1990,Prey,30,2527.5,2269.3,2997.1000000000004
75,2000,Predators,30,159.5,123.7,182.1
75,2000,Prey,30,2629,2379.7,3143.4
75,2010,Predators,30,170,135.8,202
75,2010,Prey,30,2023,1839.1,2386.2
75,2020,Predators,30,184.5,145.8,211.4
75,2020,Prey,30,1477,1332.3000000000002,1743.1
75,2030,Predators,30,192.5,152.79999999999998,219.2
75,2030,Prey,30,1218.5,1063.7,1417.7
75,2040,Predators,30,200.5,162.39999999999998,227.1
75,2040,Prey,30,987,871.9,1184.8
75,2050,Predators,30,207,168.29999999999998,230.6
75,2050,Prey,30,817,691.5,945
75,2060,Predators,30,212,170.6,236.4
75,2060,Prey,30,658.5,561.8,762.2
75,2070,Predators,30,218,174.3,235.00000000000003
75,2070,Prey,30,524,452.20000000000005,620.1000000000001
75,2080,Predators,30,218,180.8,238.29999999999998
75,2080,Prey,30,428,353.6,508.00000000000006
75,2090,Predators,30,209,173.39999999999998,233.20000000000002
75,2090,Prey,30,333.5,277.5,418.70000000000005
75,2100,Predators,30,197,164.6,226.10000000000002
75,2100,Prey,30,261,211.4,347.4
75,2110,Predators,30,183.5,163,213
75,2110,Prey,30,213,166,297
75,2120,Predators,30,166,150.9,196.4
75,2120,Prey,30,184,127.5,247.5
75,2130,Predators,30,153,136.8,174.3
75,2130,Prey,30,155.5,100.8,211.8
75,2140,Predators,30,135,124.8,153
75,2140,Prey,30,135.5,90.8,178.40000000000003
75,2150,Predators,30,120.5,107.9,136.3
75,2150,Prey,30,123.5,77.7,157.20000000000002
75,2160,Predators,30,99.5,89.7,115.6
75,2160,Prey,30,110,69.4,147.7
75,2170,Predators,30,83.5,72.9,102.4
75,2170,Prey,30,97,56,138
75,2180,Predators,30,70,58.800000000000004,83.3
75,2180,Prey,30,96,53,136.1
75,2190,Predators,30,58.5,45.900000000000006,70.30000000000001
75,2190,Prey,30,92,50.900000000000006,141.10000000000002
75,2200,Predators,30,48.5,36.9,60.1
75,2200,Prey,30,90.5,50.900000000000006,143.6
75,2210,Predators,30,41,30.800000000000004,50.2
75,2210,Prey,30,89.5,52.6,153
75,2220,Predators,30,32.5,25.700000000000003,44.400000000000006
75,2220,Prey,30,95.5,55.6,158
75,2230,Predators,30,27,18,36
75,2230,Prey,30,101.5,58.5,163.1
75,2240,Predators,30,22.5,16,30.200000000000003
75,2240,Prey,30,106,62.800000000000004,174.2
75,2250,Predators,30,17.5,13,25
75,2250,Prey,30,114,71,181.70000000000002
75,2260,Predators,30,14,10.9,21.1
75,2260,Prey,30,121.5,69.9,191.10000000000002
75,2270,Predators,30,12.5,9,17.1
75,2270,Prey,30,131,79.5,201.50000000000003
75,2280,Predators,30,10.5,7.9,14.200000000000003
75,2280,Prey,30,144,85.2,211.4
75,2290,Predators,30,9,5.9,14.100000000000001
75,2290,Prey,30,152.5,94,218.8
75,2300,Predators,30,8,3.9000000000000004,11.100000000000001
75,2300,Prey,30,166.5,92.9,239.6
75,2301,Predators,1,0,0,0
75,2301,Prey,1,93,93,93
75,2310,Predators,29,7,2.8000000000000003,11.799999999999997
75,2310,Prey,29,184,114.80000000000001,268.20000000000005
75,2317,Predators,1,0,0,0
75,2317,Prey,1,108,108,108
75,2320,Predators,28,6,2.7,10.900000000000002
75,2320,Prey,28,201,130.4,300.6
75,2330,Predators,28,5.5,2,9.900000000000002
75,2330,Prey,28,224.5,145,320
75,2335,Predators,1,0,0,0
75,2335,Prey,1,254,254,254
75,2340,Predators,27,5,2,9.200000000000006
75,2340,Prey,27,242,161.6,348.20000000000005
75,2350,Predators,27,5,2,7.800000000000004
75,2350,Prey,27,264,177.6,369.00000000000006
75,2360,Predators,27,4,1.6,6.800000000000004
75,2360,Prey,27,284,199.60000000000002,399.4
75,2365,Predators,1,0,0,0
75,2365,Prey,1,213,213,213
75,2370,Predators,26,4,1,6
75,2370,Prey,26,304,214,418.5
75,2380,Predators,25,4,1,6
75,2380,Prey,25,342,238.20000000000002,440.6
75,2390,Predators,25,4,1,6
75,2390,Prey,25,386,270.2,478.80000000000007
75,2393,Predators,1,0,0,0
75,2393,Prey,1,508,508,508
75,2400,Predators,23,4,1.2000000000000002,6.800000000000001
75,2400,Prey,23,410,292.4,494.6
75,2410,Predators,23,4,1.2000000000000002,7
75,2410,Prey,23,422,315,536.2
75,2420,Predators,23,4,1,7
75,2420,Prey,23,440,325.2,580.8000000000001
75,2430,Predators,23,4,1,8
75,2430,Prey,23,465,352.40000000000003,620
75,2439,Predators,1,0,0,0
75,2439,Prey,1,456,456,456
75,2440,Predators,22,4.5,1,7.900000000000002
75,2440,Prey,22,479,381.59999999999997,645.6000000000001
75,2442,Predators,1,0,0,0
75,2442,Prey,1,430,430,430
75,2450,Predators,21,4,1,8
75,2450,Prey,21,506,388,686
75,2460,Predators,21,4,1,8
75,2460,Prey,21,523,399,705
75,2470,Predators,21,4,1,7
75,2470,Prey,21,537,414,728
75,2477,Predators,1,0,0,0
75,2477,Prey,1,474,474,474
75,2480,Predators,20,4,1,8.100000000000001
75,2480,Prey,20,572,442.30000000000007,751
75,2490,Predators,20,4,1,8.100000000000001
75,2490,Prey,20,583,449.7,764.3000000000001
75,2500,Predators,20,4,1,8.100000000000001
75,2500,Prey,20,599.5,472.70000000000005,779.2
75,2510,Predators,20,4,1,8
75,2510,Prey,20,610.5,475,773.7
75,2519,Predators,1,0,0,0
75,2519,Prey,1,558,558,558
75,2520,Predators,19,4,2,8
75,2520,Prey,19,609,464,764.4
75,2530,Predators,19,4,2,8
75,2530,Prey,19,608,470.6,780.5999999999999
75,2540,Predators,19,5,1,7
75,2540,Prey,19,612,464.4,766.8000000000001
75,2550,Predators,19,5,1,8
75,2550,Prey,19,614,453.19999999999993,755
75,2560,Predators,19,5,1,8
75,2560,Prey,19,597,442.79999999999995,748.9999999999999
75,2570,Predators,19,4,1,7.199999999999999
75,2570,Prey,19,589,425.8,744.8
75,2580,Predators,19,4,1,7.199999999999999
75,2580,Prey,19,609,426,745.8
75,2586,Predators,1,0,0,0
75,2586,Prey,1,631,631,631
75,2590,Predators,18,4,1,7.300000000000001
75,2590,Prey,18,593.5,421.8,763.1000000000001
75,2600,Predators,18,3.5,1,8
75,2600,Prey,18,582,418.1,752.1000000000001
75,2610,Predators,18,3,1,8.3
75,2610,Prey,18,563.5,429.2,728.7
75,2617,Predators,1,0,0,0
75,2617,Prey,1,442,442,442
75,2620,Predators,17,3,1,8
75,2620,Prey,17,556,412.40000000000003,729.8
75,2622,Predators,1,0,0,0
75,2622,Prey,1,718,718,718
75,2630,Predators,16,3.5,1,7.5
75,2630,Prey,16,534.5,399.5,687.5
75,2640,Predators,16,4,1,7
75,2640,Prey,16,525,401,660.5
75,2650,Predators,16,3.5,1,7
75,2650,Prey,16,518,383.5,642
75,2660,Predators,16,3.5,1,6.5
75,2660,Prey,16,498.5,372.5,612.5
75,2670,Predators,15,4,1,6
75,2670,Prey,15,476,369.20000000000005,584.4
75,2679,Predators,1,0,0,0
75,2679,Prey,1,456,456,456
75,2680,Predators,14,4,1,5.700000000000001
75,2680,Prey,14,468.5,358.59999999999997,563.7
75,2690,Predators,13,4,1,5.600000000000001
75,2690,Prey,13,462,344.6,551.8000000000001
75,2700,Predators,13,3,1,4.800000000000001
75,2700,Prey,13,437,341.4,534.8000000000001
75,2710,Predators,13,3,1,5
75,2710,Prey,13,429,330.6,513
75,2720,Predators,13,3,1,4.800000000000001
75,2720,Prey,13,418,302,497.00000000000006
75,2726,Predators,2,0,0,0
75,2726,Prey,2,437.5,346.70000000000005,528.3
75,2730,Predators,11,3,1,5
75,2730,Prey,11,400,284,457
75,2740,Predators,11,3,1,5
75,2740,Prey,11,393,281,458
75,2743,Predators,1,0,0,0
75,2743,Prey,1,276,276,276
75,2750,Predators,10,3,1.9,5
75,2750,Prey,10,387.5,357.9,450.1
75,2760,Predators,10,3,0.8999999999999999,4
75,2760,Prey,10,384,335.8,451
75,2770,Predators,9,2,1.8,4
75,2770,Prey,9,374,307.20000000000005,463.19999999999993
75,2780,Predators,9,2,1.8,4
75,2780,Prey,9,384,296.4,466
75,2790,Predators,9,2,1.8,4
75,2790,Prey,9,362,285.2,480
75,2800,Predators,9,2,1.8,4
75,2800,Prey,9,342,276.8,478.79999999999995
75,2810,Predators,9,2,1,4
75,2810,Prey,9,344,267.6,484.4
75,2820,Predators,9,2,1,2.3999999999999986
75,2820,Prey,9,335,245,481.79999999999995
75,2830,Predators,9,2,1,2.3999999999999986
75,2830,Prey,9,324,230.6,489.59999999999997
75,2840,Predators,9,2,1,2.3999999999999986
75,2840,Prey,9,316,233.8,494.59999999999997
75,2850,Predators,9,2,1,2.599999999999998
75,2850,Prey,9,320,221,505.8
75,2853,Predators,1,0,0,0
75,2853,Prey,1,220,220,220
75,2858,Predators,2,0,0,0
75,2858,Prey,2,511.5,499.9,523.1
75,2860,Predators,6,1.5,1,3.5
75,2860,Prey,6,301,214.5,433.5
75,2866,Predators,1,0,0,0
75,2866,Prey,1,214,214,214
75,2870,Predators,5,2,1,3.1999999999999993
75,2870,Prey,5,327,237.8,438.2
75,2872,Predators,1,0,0,0
75,2872,Prey,1,324,324,324
75,2873,Predators,1,0,0,0
75,2873,Prey,1,412,412,412
75,2880,Predators,3,2,2,3.5999999999999996
75,2880,Prey,3,263,226.20000000000002,411.79999999999995
75,2890,Predators,3,3,2.2,3.8
75,2890,Prey,3,237,225.8,400.99999999999994
75,2900,Predators,3,3,2.2,3.8
75,2900,Prey,3,230,227.60000000000002,402
75,2910,Predators,3,4,2.4,4
75,2910,Prey,3,236,231.2,401.59999999999997
75,2920,Predators,3,4,2.4,4
75,2920,Prey,3,250,234,394.79999999999995
75,2930,Predators,3,2,2,4.3999999999999995
75,2930,Prey,3,267,244.60000000000002,398.19999999999993
75,2939,Predators,1,0,0,0
75,2939,Prey,1,275,275,275
75,2940,Predators,2,4.5,2.5000000000000004,6.499999999999999
75,2940,Prey,2,354.5,277.3,431.7
75,2950,Predators,2,4.5,2.5000000000000004,6.499999999999999
75,2950,Prey,2,375.5,291.90000000000003,459.09999999999997
75,2960,Predators,2,4,1.6000000000000005,6.399999999999999
75,2960,Prey,2,387.5,295.1,479.9
75,2970,Predators,2,3.5,1.5000000000000004,5.5
75,2970,Prey,2,408,311.2,504.8
75,2980,Predators,2,3.5,1.5000000000000004,5.5
75,2980,Prey,2,430.5,334.90000000000003,526.1
75,2990,Predators,2,3.5,1.5000000000000004,5.5
75,2990,Prey,2,456.5,368.9,544.1
75,3000,Predators,2,3.5,1.5000000000000004,5.5
75,3000,Prey,2,477.5,394.70000000000005,560.3
80,0,Predators,30,10,10,10
80,0,Prey,30,100,100,100
80,10,Predators,30,10,10,10
80,10,Prey,30,109,105,113.10000000000001
80,20,Predators,30,10,10,11
80,20,Prey,30,140.5,131.9,149.4
80,30,Predators,30,10,10,11
80,30,Prey,30,199.5,181.9,210.70000000000002
80,40,Predators,30,10,10,11
80,40,Prey,30,285,260.4,307.3
80,50,Predators,30,10,10,11.100000000000001
80,50,Prey,30,406,374.4,446.1
80,60,Predators,30,10,10,11.100000000000001
80,60,Prey,30,579.5,532.8000000000001,635.4000000000001
80,70,Predators,30,10.5,10,12
80,70,Prey,30,824,744,904.4
80,80,Predators,30,8,6,10.100000000000001
80,80,Prey,30,1164.5,1039.7,1256.1000000000001
80,90,Predators,30,8,6,10.100000000000001
80,90,Prey,30,1603,1428.3000000000002,1717.9
80,100,Predators,30,8,6,10.100000000000001
80,100,Prey,30,2200,2006.6000000000001,2359.4
80,110,Predators,30,9,6,11
80,110,Prey,30,2956,2744,3182.6000000000004
80,120,Predators,30,9,6.9,11.100000000000001
80,120,Prey,30,3924,3585.8,4200.4000000000005
80,130,Predators,30,9,6.9,12.300000000000004
80,130,Prey,30,5079,4649.6,5414.3
80,140,Predators,30,9.5,7.9,13.200000000000003
80,140,Prey,30,6390,5915.5,6719.8
80,150,Predators,30,10,7.9,16
80,150,Prey,30,7747.5,7252,8163.4
80,160,Predators,30,11,7.9,16.1
80,160,Prey,30,9087,8555.1,9555
80,170,Predators,30,11,7,17
80,170,Prey,30,10317.5,9829.1,10891.300000000001
80,180,Predators,30,11,7,17.1
80,180,Prey,30,11462.5,10994.4,11955.6
80,190,Predators,30,12.5,7.9,17.1
80,190,Prey,30,12322,11868.4,12695
80,200,Predators,30,13,7.9,18
80,200,Prey,30,12872,12591.5,13183.9
80,210,Predators,30,13,7.9,19
80,210,Prey,30,13177,12895.6,13396.2
80,220,Predators,30,13,7.9,20
80,220,Prey,30,13219.5,13009.9,13414.599999999999
80,230,Predators,30,13.5,8,20.1
80,230,Prey,30,13092,12920.9,13314.699999999999
80,240,Predators,30,14,8.9,20.300000000000004
80,240,Prey,30,12879.5,12573.8,13073.3
80,250,Predators,30,14.5,9,21.300000000000004
80,250,Prey,30,12564,12256.4,12743.1
80,260,Predators,30,15,9,24
80,260,Prey,30,12150,11847.300000000001,12357
80,270,Predators,30,15,9.9,24.200000000000003
80,270,Prey,30,11673.5,11434.3,11901.5
80,280,Predators,30,16,10,26
80,280,Prey,30,11211,10951.300000000001,11421.9
80,290,Predators,30,16.5,10,25.200000000000003
80,290,Prey,30,10658.5,10440.6,10897.4
80,300,Predators,30,16.5,10.9,25.300000000000004
80,300,Prey,30,10103.5,9847.1,10354.6
80,310,Predators,30,16.5,10.8,26.200000000000003
80,310,Prey,30,9524,9288.1,9772.4
80,320,Predators,30,17,10.9,27.300000000000004
80,320,Prey,30,8930,8700.1,9248.300000000001
80,330,Predators,30,18,10.9,30
80,330,Prey,30,8384.5,8185,8604
80,340,Predators,30,19,11,31
80,340,Prey,30,7834.5,7613.4000000000005,8075.4
80,350,Predators,30,19,12,32.1
80,350,Prey,30,7285,7053.1,7478
80,360,Predators,30,20,11.9,33
80,360,Prey,30,6751,6504.6,6946.1
80,370,Predators,30,20,12,34
80,370,Prey,30,6204,5970.1,6442.5
80,380,Predators,30,20,12.9,34.1
80,380,Prey,30,5703,5455.8,5914.2
80,390,Predators,30,21.5,13.8,33.1
80,390,Prey,30,5217.5,5002.3,5446
80,400,Predators,30,22,13.8,34.2
80,400,Prey,30,4771.5,4531.3,4944.1
80,410,Predators,30,21,13.8,34.300000000000004
80,410,Prey,30,4314.5,4143.6,4476.8
80,420,Predators,30,22,13.8,36.1
80,420,Prey,30,3916.5,3751.2,4125.4000000000005
80,430,Predators,30,22.5,13.8,36.1
80,430,Prey,30,3539,3370.6,3712.1
80,440,Predators,30,23,14.8,36.2
80,440,Prey,30,3197.5,3006.9,3334.2
80,450,Predators,30,23.5,14.8,36.300000000000004
80,450,Prey,30,2884,2726.1000000000004,3018.3999999999996
80,460,Predators,30,23,14,37.2
80,460,Prey,30,2589.5,2452.3,2751.4
80,470,Predators,30,24,13.9,37
80,470,Prey,30,2328.5,2163.8,2460.7
80,480,Predators,30,24.5,14,37
80,480,Prey,30,2103.5,1927.2,2209.4
80,490,Predators,30,25.5,14,38.1
80,490,Prey,30,1904,1734.4,1983.5
80,500,Predators,30,25.5,14,38.2
80,500,Prey,30,1733,1551.2,1822.1000000000001
80,510,Predators,30,27,14.9,40.1
80,510,Prey,30,1558.5,1373.7,1646.8000000000002
80,520,Predators,30,28,15.9,41.1
80,520,Prey,30,1415.5,1260,1501.5
80,530,Predators,30,28,15.8,41
80,530,Prey,30,1298.5,1151.5,1379.6000000000001
80,540,Predators,30,28.5,15,41.1
80,540,Prey,30,1182.5,1050.5,1286.1000000000001
80,550,Predators,30,29.5,14.9,42.1
80,550,Prey,30,1088.5,967.4,1185.3000000000002
80,560,Predators,30,31.5,14.9,43
80,560,Prey,30,997,874.6,1103.6000000000001
80,570,Predators,30,31.5,15.8,44.1
80,570,Prey,30,926.5,823.6,1041
80,580,Predators,30,31.5,16.700000000000003,45
80,580,Prey,30,867,770.3000000000001,959.9000000000001
80,590,Predators,30,32,15.700000000000001,45.1
80,590,Prey,30,813.5,735.2,917.7
80,600,Predators,30,32,16.700000000000003,46
80,600,Prey,30,769,703.4,874.4000000000001
80,610,Predators,30,31.5,15.8,48
80,610,Prey,30,736,670.8,828.1000000000001
80,620,Predators,30,31.5,14.9,48.1
80,620,Prey,30,705,649.3,816.6
80,630,Predators,30,31.5,15.9,49
80,630,Prey,30,680.5,617.8000000000001,793.8000000000001
80,640,Predators,30,32.5,16.8,51.1
80,640,Prey,30,668,602.6999999999999,769.9
80,650,Predators,30,33.5,16.9,50
80,650,Prey,30,663,603.8000000000001,762.1
80,660,Predators,30,33.5,17.9,51.1
80,660,Prey,30,657.5,606.8000000000001,748.7
80,670,Predators,30,32.5,17.8,50.2
80,670,Prey,30,663.5,615.8000000000001,753.5
80,680,Predators,30,32,16.9,51.300000000000004
80,680,Prey,30,691,626.5,761.4
80,690,Predators,30,32.5,16,51.2
80,690,Prey,30,714.5,644.7,781.2
80,700,Predators,30,32.5,16,54
80,700,Prey,30,762,691.9,813.0000000000001
80,710,Predators,30,33,17,55
80,710,Prey,30,817,725.5,878.5
80,720,Predators,30,34,17,54.1
80,720,Prey,30,874,789.7,946.2
80,730,Predators,30,33.5,17.9,55
80,730,Prey,30,963,858.6999999999999,1045.4
80,740,Predators,30,34,18.900000000000002,56.1
80,740,Prey,30,1075,971.5,1179.1
80,750,Predators,30,35,19,57.1
80,750,Prey,30,1194.5,1077.7,1325
80,760,Predators,30,34.5,19.9,56.1
80,760,Prey,30,1363.5,1193.7,1488.6000000000001
80,770,Predators,30,35,19.9,58.1
80,770,Prey,30,1540,1331.8,1686.1000000000001
80,780,Predators,30,36.5,20.9,58.300000000000004
80,780,Prey,30,1746,1519.9,1922.3000000000002
80,790,Predators,30,38,20.9,60.60000000000001
80,790,Prey,30,1991.5,1728.8,2171.1000000000004
80,800,Predators,30,39,21.8,61.70000000000001
80,800,Prey,30,2222.5,1958.3,2479.4000000000005
80,810,Predators,30,40,21.8,65.70000000000002
80,810,Prey,30,2498,2205.6,2791.0000000000005
80,820,Predators,30,42.5,22.700000000000003,66.80000000000001
80,820,Prey,30,2784,2466.9,3122.4000000000005
80,830,Predators,30,43,23.9,67.9
80,830,Prey,30,3074.5,2746,3452.6000000000004
80,840,Predators,30,46,25.700000000000003,68.80000000000001
80,840,Prey,30,3388.5,3102.3999999999996,3769.1000000000004
80,850,Predators,30,47.5,26.6,71.60000000000001
80,850,Prey,30,3669,3435,4112.8
80,860,Predators,30,49,26.700000000000003,72.70000000000002
80,860,Prey,30,3939.5,3728.5,4435.9000000000005
80,870,Predators,30,50,27.700000000000003,72.9
80,870,Prey,30,4195,3972.8,4699.200000000001
80,880,Predators,30,50.5,27.700000000000003,74.80000000000001
80,880,Prey,30,4468.5,4138.9,4866
80,890,Predators,30,53,27.8,76.80000000000001
80,890,Prey,30,4647,4274.8,4967.5
80,900,Predators,30,54,29.700000000000003,79.4
80,900,Prey,30,4738.5,4418.8,5024.9
80,910,Predators,30,54,29,78.5
80,910,Prey,30,4771.5,4394.7,5028.7
80,920,Predators,30,53,29.9,76.60000000000001
80,920,Prey,30,4745.5,4371.9000000000005,4958.9000000000005
80,930,Predators,30,53.5,31,78.9
80,930,Prey,30,4646.5,4346.6,4868.700000000001
80,940,Predators,30,54.5,34.900000000000006,80.70000000000002
80,940,Prey,30,4548.5,4280.2,4702.1
80,950,Predators,30,58,34,79.10000000000002
80,950,Prey,30,4369,4087.7999999999997,4547.3
80,960,Predators,30,58,34.800000000000004,82.70000000000002
80,960,Prey,30,4174,3886.6,4390
80,970,Predators,30,59.5,35.8,81.90000000000002
80,970,Prey,30,3952,3673.9,4195.8
80,980,Predators,30,62,35,82.80000000000001
80,980,Prey,30,3728.5,3467.2,3946.9
80,990,Predators,30,63,34.900000000000006,86.70000000000002
80,990,Prey,30,3465,3209.5,3699.8999999999996
80,1000,Predators,30,65,36.9,86.60000000000001
80,1000,Prey,30,3234,2993.2,3478.8
80,1010,Predators,30,65,37.900000000000006,84.80000000000001
80,1010,Prey,30,3017.5,2793.7,3225
80,1020,Predators,30,64,37.7,86.5
80,1020,Prey,30,2839,2613,3018.4
80,1030,Predators,30,65.5,38.6,85.80000000000001
80,1030,Prey,30,2655,2431.2000000000003,2826
80,1040,Predators,30,66.5,40.6,89.60000000000002
80,1040,Prey,30,2457,2223,2656
80,1050,Predators,30,67,41.599999999999994,89.60000000000002
80,1050,Prey,30,2274.5,2036.5,2478.6
80,1060,Predators,30,66.5,41.699999999999996,88.70000000000002
80,1060,Prey,30,2109,1873.6,2314.3
80,1070,Predators,30,67.5,44.2,89.70000000000002
80,1070,Prey,30,1953,1742,2163.7
80,1080,Predators,30,69.5,46.400000000000006,92
80,1080,Prey,30,1821,1605.6000000000001,2023.2
80,1090,Predators,30,71,46.400000000000006,92.4
80,1090,Prey,30,1692.5,1475.1,1890.1
80,1100,Predators,30,73,45.400000000000006,94.4
80,1100,Prey,30,1578.5,1376.6000000000001,1779.3
80,1110,Predators,30,73,46.5,94.80000000000001
80,1110,Prey,30,1475,1273.1999999999998,1690.3
80,1120,Predators,30,74,47.300000000000004,97.60000000000002
80,1120,Prey,30,1388.5,1175.8999999999999,1584.3
80,1130,Predators,30,74,48.4,98.80000000000001
80,1130,Prey,30,1305.5,1107.6000000000001,1500.0000000000002
80,1140,Predators,30,74.5,49.5,98.80000000000001
80,1140,Prey,30,1241,1030.2,1431.2000000000003
80,1150,Predators,30,76,49.5,97.10000000000002
80,1150,Prey,30,1186,1002.1,1359.2000000000003
80,1160,Predators,30,78,50.2,98.80000000000001
80,1160,Prey,30,1139.5,955.2,1318
80,1170,Predators,30,77,52.1,106.2
80,1170,Prey,30,1084.5,939.3,1279.6
80,1180,Predators,30,76.5,53.00000000000001,106.4
80,1180,Prey,30,1051.5,937.2,1232.7
80,1190,Predators,30,76.5,53.10000000000001,106.1
80,1190,Prey,30,1017,908.7,1206.8999999999999
80,1200,Predators,30,76.5,53.10000000000001,107.1
80,1200,Prey,30,997.5,900,1185.1000000000001
80,1210,Predators,30,77,53.10000000000001,109
80,1210,Prey,30,987,892.5999999999999,1164.1000000000001
80,1220,Predators,30,78.5,54.10000000000001,107.4
80,1220,Prey,30,981,884,1159.3999999999999
80,1230,Predators,30,79.5,54.10000000000001,108.60000000000001
80,1230,Prey,30,987,881.0999999999999,1174.3000000000002
80,1240,Predators,30,78.5,54.300000000000004,111.19999999999999
80,1240,Prey,30,1003,883.2,1179.3000000000002
80,1250,Predators,30,79.5,56.2,109.70000000000002
80,1250,Prey,30,1015.5,910.1,1201.4
80,1260,Predators,30,81,55.6,112.4
80,1260,Prey,30,1047.5,941.5,1224.9
80,1270,Predators,30,82.5,56.6,113.50000000000001
80,1270,Prey,30,1093.5,960.5,1256.8000000000002
80,1280,Predators,30,84.5,56.9,114.60000000000001
80,1280,Prey,30,1141,1040.2,1317
80,1290,Predators,30,84.5,56.8,116.30000000000001
80,1290,Prey,30,1217.5,1080.4,1405.8
80,1300,Predators,30,85.5,58.7,118.2
80,1300,Prey,30,1287.5,1131.9,1492.4
80,1310,Predators,30,88,58.800000000000004,119.19999999999999
80,1310,Prey,30,1373,1233.2,1576.1
80,1320,Predators,30,89,59,119.6
80,1320,Prey,30,1490.5,1301.1,1685.4
80,1330,Predators,30,90.5,58.900000000000006,118.70000000000002
80,1330,Prey,30,1616.5,1421.3999999999999,1791.4
80,1340,Predators,30,91.5,59.7,123.3
80,1340,Prey,30,1768,1549.3,1963.6
80,1350,Predators,30,94,60.7,123.4
80,1350,Prey,30,1897,1669.4,2104.8
80,1360,Predators,30,97,64.3,125.20000000000002
80,1360,Prey,30,2063,1817.3000000000002,2284.6000000000004
80,1370,Predators,30,98,63.6,126.30000000000001
80,1370,Prey,30,2218.5,1986.7,2495.8
80,1380,Predators,30,100.5,68.1,125.60000000000002
80,1380,Prey,30,2406.5,2122.5,2744.3999999999996
80,1390,Predators,30,102.5,68.7,124.9
80,1390,Prey,30,2576,2263.5,2995.2000000000003
80,1400,Predators,30,104,70.7,128.8
80,1400,Prey,30,2754.5,2450.4,3174
80,1410,Predators,30,105.5,75.30000000000001,132.60000000000002
80,1410,Prey,30,2926,2614.5,3413
80,1420,Predators,30,107.5,76.1,135.2
80,1420,Prey,30,3103,2766.2000000000003,3587.3
80,1430,Predators,30,109.5,80.7,138.3
80,1430,Prey,30,3282.5,2917.7999999999997,3806.6
80,1440,Predators,30,112,85.2,143
80,1440,Prey,30,3449,3062.6000000000004,3990.9
80,1450,Predators,30,114,86.5,146.10000000000002
80,1450,Prey,30,3590.5,3173.2000000000003,4105.700000000001
80,1460,Predators,30,115.5,88.3,148.1
80,1460,Prey,30,3665.5,3254.7999999999997,4143.3
80,1470,Predators,30,113.5,90.10000000000001,145.8
80,1470,Prey,30,3748,3351.7,4129.200000000001
80,1480,Predators,30,117.5,90.9,144.9
80,1480,Prey,30,3777.5,3385.7000000000003,4104.6
80,1490,Predators,30,118.5,91.9,149.20000000000002
80,1490,Prey,30,3779.5,3375.6,4024.1
80,1500,Predators,30,120,92.10000000000001,151.6
80,1500,Prey,30,3769,3431.9,4001.3999999999996
80,1510,Predators,30,120.5,96,150.9
80,1510,Prey,30,3755,3387.5,3895.2
80,1520,Predators,30,122,95.20000000000002,151.6
80,1520,Prey,30,3700.5,3329.5,3854.6000000000004
80,1530,Predators,30,122.5,92.50000000000001,153.4
80,1530,Prey,30,3594,3257.1,3806.3
80,1540,Predators,30,124,93.6,153.3
80,1540,Prey,30,3476,3148.1,3731.5
80,1550,Predators,30,127,97.9,156.1
80,1550,Prey,30,3341.5,3042.5,3627.7
80,1560,Predators,30,126,96.70000000000002,157.20000000000002
80,1560,Prey,30,3213,2921.7,3508.1
80,1570,Predators,30,125.5,95.80000000000001,155.5
80,1570,Prey,30,3040.5,2801.5,3391.3
80,1580,Predators,30,126.5,96.80000000000001,157.60000000000002
80,1580,Prey,30,2881,2657.8999999999996,3259.2999999999997
80,1590,Predators,30,127,95.80000000000001,160.5
80,1590,Prey,30,2752.5,2522.9,3119.8
80,1600,Predators,30,128,97.6,158.7
80,1600,Prey,30,2612.5,2383,3005.6
80,1610,Predators,30,131,97.5,160.4
80,1610,Prey,30,2497,2253,2906
80,1620,Predators,30,130.5,96.50000000000001,162.3
80,1620,Prey,30,2380.5,2136.2,2781.1
80,1630,Predators,30,130,98.7,159.6
80,1630,Prey,30,2277,2028.2,2652.8999999999996
80,1640,Predators,30,132,96,159.7
80,1640,Prey,30,2168.5,1906.2,2509.9
80,1650,Predators,30,132.5,95.20000000000002,159.4
80,1650,Prey,30,2070.5,1822.8,2388.5
80,1660,Predators,30,134,94.5,162.10000000000002
80,1660,Prey,30,1995.5,1750.1,2278.4
80,1670,Predators,30,134.5,95.50000000000001,162
80,1670,Prey,30,1944,1648.3000000000002,2160.2000000000003
80,1680,Predators,30,134,96.4,161.3
80,1680,Prey,30,1861,1538.7,2101
80,1690,Predators,30,133,97.4,157.70000000000002
80,1690,Prey,30,1757.5,1437.7,2047.5
80,1700,Predators,30,136,96.4,156.4
80,1700,Prey,30,1659.5,1355.8000000000002,1963
80,1710,Predators,30,132.5,101,158.5
80,1710,Prey,30,1594.5,1306.7,1904.6
80,1720,Predators,30,133,101.1,158
80,1720,Prey,30,1533,1259.8,1838.5
80,1730,Predators,30,134.5,103.00000000000001,160.1
80,1730,Prey,30,1466.5,1218.1,1807.4
80,1740,Predators,30,134.5,102.10000000000001,160
80,1740,Prey,30,1426,1189,1769.6
80,1750,Predators,30,137,99.2,162
80,1750,Prey,30,1391.5,1178.9,1714.8
80,1760,Predators,30,138,100.4,163.2
80,1760,Prey,30,1366,1154.3000000000002,1658.4
80,1770,Predators,30,137.5,102.60000000000001,163.1
80,1770,Prey,30,1345.5,1122.2,1620
80,1780,Predators,30,137.5,102.80000000000001,165
80,1780,Prey,30,1332.5,1128.3,1586.6
80,1790,Predators,30,139,103.9,164.2
80,1790,Prey,30,1319,1132.8000000000002,1566.7
80,1800,Predators,30,140,105,165
80,1800,Prey,30,1341,1123.2,1547.3000000000002
80,1810,Predators,30,138.5,104.2,164.2
80,1810,Prey,30,1343.5,1159.3999999999999,1546.7
80,1820,Predators,30,140.5,103.6,162.40000000000003
80,1820,Prey,30,1376.5,1186.3000000000002,1550.6999999999998
80,1830,Predators,30,140.5,101,165.20000000000002
80,1830,Prey,30,1396.5,1211.4,1542.2
80,1840,Predators,30,140,101,162.90000000000003
80,1840,Prey,30,1429.5,1224,1550.1
80,1850,Predators,30,142.5,101,163.9
80,1850,Prey,30,1456.5,1264.6,1570.3
80,1860,Predators,30,142,100,162.60000000000002
80,1860,Prey,30,1528,1268.8,1611.6000000000001
80,1870,Predators,30,142.5,102.89999999999999,162.60000000000002
80,1870,Prey,30,1548,1321.1,1671.7
80,1880,Predators,30,143.5,105.89999999999999,164.60000000000002
80,1880,Prey,30,1596,1373.1,1738.8000000000002
80,1890,Predators,30,146,112.30000000000001,164.70000000000002
80,1890,Prey,30,1647,1440.3,1843.2000000000003
80,1900,Predators,30,149.5,113.4,167.7
80,1900,Prey,30,1721,1520.9,2011.4
80,1910,Predators,30,148.5,115.5,171.4
80,1910,Prey,30,1787,1600.3000000000002,2126.2000000000003
80,1920,Predators,30,151,113.8,174.5
80,1920,Prey,30,1874.5,1654.8999999999999,2214.8
80,1930,Predators,30,153.5,113.8,172.5
80,1930,Prey,30,1938,1751.8000000000002,2292.5000000000005
80,1940,Predators,30,152,111.8,172.3
80,1940,Prey,30,2030,1799.9,2376.1000000000004
80,1950,Predators,30,153,113.8,171.1
80,1950,Prey,30,2142,1899.6,2470.3
80,1960,Predators,30,154.5,118.69999999999999,170.50000000000003
80,1960,Prey,30,2241.5,2020.8000000000002,2587.3
80,1970,Predators,30,159,119.6,174.2
80,1970,Prey,30,2336,2100.8,2709
80,1980,Predators,30,160.5,119.8,174.5
80,1980,Prey,30,2439,2162.4,2844.3
80,1990,Predators,30,158.5,121.7,176.60000000000002
80,1990,Prey,30,2527.5,2269.3,2997.1000000000004
80,2000,Predators,30,159.5,123.7,182.1
80,2000,Prey,30,2629,2379.7,3143.4
80,2010,Predators,30,172,133,200.1
80,2010,Prey,30,1921.5,1747.9,2237.1
80,2020,Predators,30,183,144.70000000000002,216.1
80,2020,Prey,30,1299.5,1163.9,1525.6
80,2030,Predators,30,188.5,151,221.3
80,2030,Prey,30,1045.5,901.4,1196.4
80,2040,Predators,30,195.5,157.79999999999998,225.70000000000002
80,2040,Prey,30,827,687.9,950.3000000000001
80,2050,Predators,30,201.5,162,228.60000000000002
80,2050,Prey,30,645.5,517.5,757.5
80,2060,Predators,30,205.5,164,235.2
80,2060,Prey,30,511.5,413.6,619.7
80,2070,Predators,30,204.5,166.9,237.70000000000002
80,2070,Prey,30,387,317,504.3
80,2080,Predators,30,208.5,166.5,241.10000000000002
80,2080,Prey,30,300.5,226.89999999999998,407.3
80,2090,Predators,30,195.5,163.29999999999998,223.1
80,2090,Prey,30,225.5,176,324.1
80,2100,Predators,30,186.5,155.60000000000002,208.4
80,2100,Prey,30,174,134.6,263.5
80,2110,Predators,30,171,149.4,193
80,2110,Prey,30,141,100.6,211.10000000000002
80,2120,Predators,30,152.5,137,175
80,2120,Prey,30,115,74.60000000000001,182
80,2130,Predators,30,135.5,121.2,150.39999999999998
80,2130,Prey,30,95,60.3,146.20000000000002
80,2140,Predators,30,119,101.60000000000001,130
80,2140,Prey,30,80,53.800000000000004,123.10000000000002
80,2150,Predators,30,99,82.60000000000001,113
80,2150,Prey,30,68.5,47.1,103.90000000000003
80,2160,Predators,30,82,69.80000000000001,96.2
80,2160,Prey,30,64.5,40.6,102.40000000000003
80,2170,Predators,30,65,55.8,78
80,2170,Prey,30,59.5,33.9,97.30000000000001
80,2180,Predators,30,51.5,40.8,63.1
80,2180,Prey,30,59.5,31.8,100.30000000000001
80,2190,Predators,30,39.5,32,53
80,2190,Prey,30,59,31.9,104.1
80,2200,Predators,30,30,22.900000000000002,42.1
80,2200,Prey,30,62,35,104.60000000000001
80,2210,Predators,30,25,18.900000000000002,34.1
80,2210,Prey,30,64,38,103.5
80,2220,Predators,30,19.5,13.9,29.1
80,2220,Prey,30,65,45.7,109.4
80,2230,Predators,30,14,8,21
80,2230,Prey,30,71,50.6,116.1
80,2240,Predators,30,12,5.9,17.1
80,2240,Prey,30,72,56.1,116.5
80,2250,Predators,30,9,4,15.100000000000001
80,2250,Prey,30,77,51.7,123.5
80,2260,Predators,30,5,3,14.100000000000001
80,2260,Prey,30,85.5,51,143.1
80,2270,Predators,30,4.5,2,11.300000000000004
80,2270,Prey,30,99,58.900000000000006,145.70000000000002
80,2273,Predators,1,0,0,0
80,2273,Prey,1,174,174,174
80,2280,Predators,29,4,1.8000000000000003,10.399999999999999
80,2280,Prey,29,107,68,150.39999999999998
80,2288,Predators,1,0,0,0
80,2288,Prey,1,50,50,50
80,2290,Predators,28,4,1.7000000000000002,8.900000000000002
80,2290,Prey,28,116.5,75.10000000000001,161.8
80,2300,Predators,28,3,1,7.300000000000001
80,2300,Prey,28,135.5,78.8,180.10000000000002
80,2302,Predators,1,0,0,0
80,2302,Prey,1,132,132,132
80,2309,Predators,1,0,0,0
80,2309,Prey,1,93,93,93
80,2310,Predators,25,3,1,7
80,2310,Prey,25,150,82.2,189.8
80,2319,Predators,1,0,0,0
80,2319,Prey,1,199,199,199
80,2320,Predators,23,3,1,6.800000000000001
80,2320,Prey,23,164,86.2,210
80,2323,Predators,1,0,0,0
80,2323,Prey,1,88,88,88
80,2327,Predators,1,0,0,0
80,2327,Prey,1,85,85,85
80,2330,Predators,21,3,1,6
80,2330,Prey,21,176,102,223
80,2339,Predators,1,0,0,0
80,2339,Prey,1,150,150,150
80,2340,Predators,20,3,1,6.300000000000004
80,2340,Prey,20,183.5,111.2,249.60000000000014
80,2349,Predators,1,0,0,0
80,2349,Prey,1,263,263,263
80,2350,Predators,19,3,1,6.599999999999998
80,2350,Prey,19,188,121.19999999999999,285.59999999999997
80,2358,Predators,1,0,0,0
80,2358,Prey,1,271,271,271
80,2360,Predators,18,2.5,1,5.900000000000002
80,2360,Prey,18,199,134.2,317.40000000000003
80,2363,Predators,1,0,0,0
80,2363,Prey,1,221,221,221
80,2366,Predators,1,0,0,0
80,2366,Prey,1,147,147,147
80,2370,Predators,16,3,1,6
80,2370,Prey,16,204,154,357.5
80,2380,Predators,16,2.5,1,5.5
80,2380,Prey,16,221.5,166,380.5
80,2390,Predators,16,2.5,1,5
80,2390,Prey,16,232.5,175.5,401.5
80,2391,Predators,1,0,0,0
80,2391,Prey,1,432,432,432
80,2400,Predators,15,2,1,6.199999999999999
80,2400,Prey,15,236,193.4,390.6
80,2410,Predators,15,2,1,5.799999999999999
80,2410,Prey,15,239,209.2,417.6
80,2420,Predators,15,2,1,6.199999999999999
80,2420,Prey,15,265,221,437
80,2430,Predators,15,2,1,6.199999999999999
80,2430,Prey,15,290,236.8,449.8
80,2434,Predators,1,0,0,0
80,2434,Prey,1,305,305,305
80,2439,Predators,1,0,0,0
80,2439,Prey,1,271,271,271
80,2440,Predators,13,2,1,5.800000000000001
80,2440,Prey,13,293,253.8,459.40000000000003
80,2450,Predators,13,2,1,5.800000000000001
80,2450,Prey,13,307,260.2,466.80000000000007
80,2452,Predators,1,0,0,0
80,2452,Prey,1,316,316,316
80,2454,Predators,1,0,0,0
80,2454,Prey,1,497,497,497
80,2460,Predators,11,2,1,6
80,2460,Prey,11,323,258,414
80,2470,Predators,10,2,1,6.199999999999999
80,2470,Prey,10,346,271.8,411.29999999999995
80,2480,Predators,10,2,1,5.199999999999999
80,2480,Prey,10,360.5,284.40000000000003,409.5
80,2490,Predators,10,2,1,5.299999999999999
80,2490,Prey,10,380.5,283.5,408.19999999999993
80,2500,Predators,10,1.5,1,5.299999999999999
80,2500,Prey,10,394,272.5,418.1
80,2510,Predators,10,1,1,5.299999999999999
80,2510,Prey,10,394.5,269.1,417.1
80,2516,Predators,1,0,0,0
80,2516,Prey,1,417,417,417
80,2520,Predators,9,1,1,5.9999999999999964
80,2520,Prey,9,383,270.2,423.2
80,2528,Predators,1,0,0,0
80,2528,Prey,1,440,440,440
80,2530,Predators,8,1.5,1,7.099999999999999
80,2530,Prey,8,380,264.1,402.1
80,2533,Predators,1,0,0,0
80,2533,Prey,1,261,261,261
80,2538,Predators,1,0,0,0
80,2538,Prey,1,371,371,371
80,2540,Predators,6,3,1,8
80,2540,Prey,6,390.5,261.5,417
80,2550,Predators,6,3,1,8
80,2550,Prey,6,370,254,427.5
80,2560,Predators,6,2,0.5,8
80,2560,Prey,6,356.5,257.5,416.5
80,2561,Predators,1,0,0,0
80,2561,Prey,1,253,253,253
80,2570,Predators,4,4,1.6,9.200000000000001
80,2570,Prey,4,335.5,266.6,391.1
80,2575,Predators,1,0,0,0
80,2575,Prey,1,383,383,383
80,2580,Predators,3,5,3.4000000000000004,8.2
80,2580,Prey,3,266,266,350.79999999999995
80,2590,Predators,3,5,3.4000000000000004,8.2
80,2590,Prey,3,266,251.6,331.59999999999997
80,2600,Predators,3,5,3.4000000000000004,8.2
80,2600,Prey,3,275,245.39999999999998,319
80,2610,Predators,3,5,3.4000000000000004,7.3999999999999995
80,2610,Prey,3,262,230,299.59999999999997
80,2620,Predators,3,4,3.2,6.3999999999999995
80,2620,Prey,3,259,218.2,283.8
80,2630,Predators,3,3,1.4,5.3999999999999995
80,2630,Prey,3,248,220,288
80,2640,Predators,3,2,1.2,5.199999999999999
80,2640,Prey,3,237,211.39999999999998,295.4
80,2650,Predators,3,2,1.2,4.3999999999999995
80,2650,Prey,3,244,208,301.6
80,2660,Predators,3,2,1.2,4.3999999999999995
80,2660,Prey,3,253,202.6,308.2
80,2670,Predators,3,2,1.2,4.3999999999999995
80,2670,Prey,3,249,200.2,313
80,2680,Predators,3,2,1.2,4.3999999999999995
80,2680,Prey,3,259,201.39999999999998,313.40000000000003
80,2681,Predators,1,0,0,0
80,2681,Prey,1,261,261,261
80,2690,Predators,2,2.5,1.3000000000000003,3.6999999999999997
80,2690,Prey,2,247,186.2,307.8
80,2700,Predators,2,2,1.2000000000000002,2.8
80,2700,Prey,2,234.5,170.10000000000002,298.90000000000003
80,2710,Predators,2,2,1.2000000000000002,2.8
80,2710,Prey,2,230.5,167.70000000000002,293.29999999999995
80,2720,Predators,2,2,1.2000000000000002,2.8
80,2720,Prey,2,226.5,165.3,287.7
80,2730,Predators,2,2,1.2000000000000002,2.8
80,2730,Prey,2,225.5,157.90000000000003,293.1
80,2739,Predators,1,0,0,0
80,2739,Prey,1,137,137,137
80,2740,Predators,1,3,3,3
80,2740,Prey,1,321,321,321
80,2750,Predators,1,3,3,3
80,2750,Prey,1,314,314,314
80,2760,Predators,1,2,2,2
80,2760,Prey,1,320,320,320
80,2770,Predators,1,1,1,1
80,2770,Prey,1,317,317,317
80,2771,Predators,1,0,0,0
80,2771,Prey,1,315,315,315
85,0,Predators,30,10,10,10
85,0,Prey,30,100,100,100
85,10,Predators,30,10,10,10
85,10,Prey,30,109,105,113.10000000000001
85,20,Predators,30,10,10,11
85,20,Prey,30,140.5,131.9,149.4
85,30,Predators,30,10,10,11
85,30,Prey,30,199.5,181.9,210.70000000000002
85,40,Predators,30,10,10,11
85,40,Prey,30,285,260.4,307.3
85,50,Predators,30,10,10,11.100000000000001
85,50,Prey,30,406,374.4,446.1
85,60,Predators,30,10,10,11.100000000000001
85,60,Prey,30,579.5,532.8000000000001,635.4000000000001
85,70,Predators,30,10.5,10,12
85,70,Prey,30,824,744,904.4
85,80,Predators,30,8,6,10.100000000000001
85,80,Prey,30,1164.5,1039.7,1256.1000000000001
85,90,Predators,30,8,6,10.100000000000001
85,90,Prey,30,1603,1428.3000000000002,1717.9
85,100,Predators,30,8,6,10.100000000000001
85,100,Prey,30,2200,2006.6000000000001,2359.4
85,110,Predators,30,9,6,11
85,110,Prey,30,2956,2744,3182.6000000000004
85,120,Predators,30,9,6.9,11.100000000000001
85,120,Prey,30,3924,3585.8,4200.4000000000005
85,130,Predators,30,9,6.9,12.300000000000004
85,130,Prey,30,5079,4649.6,5414.3
85,140,Predators,30,9.5,7.9,13.200000000000003
85,140,Prey,30,6390,5915.5,6719.8
85,150,Predators,30,10,7.9,16
85,150,Prey,30,7747.5,7252,8163.4
85,160,Predators,30,11,7.9,16.1
85,160,Prey,30,9087,8555.1,9555
85,170,Predators,30,11,7,17
85,170,Prey,30,10317.5,9829.1,10891.300000000001
85,180,Predators,30,11,7,17.1
85,180,Prey,30,11462.5,10994.4,11955.6
85,190,Predators,30,12.5,7.9,17.1
85,190,Prey,30,12322,11868.4,12695
85,200,Predators,30,13,7.9,18
85,200,Prey,30,12872,12591.5,13183.9
85,210,Predators,30,13,7.9,19
85,210,Prey,30,13177,12895.6,13396.2
85,220,Predators,30,13,7.9,20
85,220,Prey,30,13219.5,13009.9,13414.599999999999
85,230,Predators,30,13.5,8,20.1
85,230,Prey,30,13092,12920.9,13314.699999999999
85,240,Predators,30,14,8.9,20.300000000000004
85,240,Prey,30,12879.5,12573.8,13073.3
85,250,Predators,30,14.5,9,21.300000000000004
85,250,Prey,30,12564,12256.4,12743.1
85,260,Predators,30,15,9,24
85,260,Prey,30,12150,11847.300000000001,12357
85,270,Predators,30,15,9.9,24.200000000000003
85,270,Prey,30,11673.5,11434.3,11901.5
85,280,Predators,30,16,10,26
85,280,Prey,30,11211,10951.300000000001,11421.9
85,290,Predators,30,16.5,10,25.200000000000003
85,290,Prey,30,10658.5,10440.6,10897.4
85,300,Predators,30,16.5,10.9,25.300000000000004
85,300,Prey,30,10103.5,9847.1,10354.6
85,310,Predators,30,16.5,10.8,26.200000000000003
85,310,Prey,30,9524,9288.1,9772.4
85,320,Predators,30,17,10.9,27.300000000000004
85,320,Prey,30,8930,8700.1,9248.300000000001
85,330,Predators,30,18,10.9,30
85,330,Prey,30,8384.5,8185,8604
85,340,Predators,30,19,11,31
85,340,Prey,30,7834.5,7613.4000000000005,8075.4
85,350,Predators,30,19,12,32.1
85,350,Prey,30,7285,7053.1,7478
85,360,Predators,30,20,11.9,33
85,360,Prey,30,6751,6504.6,6946.1
85,370,Predators,30,20,12,34
85,370,Prey,30,6204,5970.1,6442.5
85,380,Predators,30,20,12.9,34.1
85,380,Prey,30,5703,5455.8,5914.2
85,390,Predators,30,21.5,13.8,33.1
85,390,Prey,30,5217.5,5002.3,5446
85,400,Predators,30,22,13.8,34.2
85,400,Prey,30,4771.5,4531.3,4944.1
85,410,Predators,30,21,13.8,34.300000000000004
85,410,Prey,30,4314.5,4143.6,4476.8
85,420,Predators,30,22,13.8,36.1
85,420,Prey,30,3916.5,3751.2,4125.4000000000005
85,430,Predators,30,22.5,13.8,36.1
85,430,Prey,30,3539,3370.6,3712.1
85,440,Predators,30,23,14.8,36.2
85,440,Prey,30,3197.5,3006.9,3334.2
85,450,Predators,30,23.5,14.8,36.300000000000004
85,450,Prey,30,2884,2726.1000000000004,3018.3999999999996
85,460,Predators,30,23,14,37.2
85,460,Prey,30,2589.5,2452.3,2751.4
85,470,Predators,30,24,13.9,37
85,470,Prey,30,2328.5,2163.8,2460.7
85,480,Predators,30,24.5,14,37
85,480,Prey,30,2103.5,1927.2,2209.4
85,490,Predators,30,25.5,14,38.1
85,490,Prey,30,1904,1734.4,1983.5
85,500,Predators,30,25.5,14,38.2
85,500,Prey,30,1733,1551.2,1822.1000000000001
85,510,Predators,30,27,14.9,40.1
85,510,Prey,30,1558.5,1373.7,1646.8000000000002
85,520,Predators,30,28,15.9,41.1
85,520,Prey,30,1415.5,1260,1501.5
85,530,Predators,30,28,15.8,41
85,530,Prey,30,1298.5,1151.5,1379.6000000000001
85,540,Predators,30,28.5,15,41.1
85,540,Prey,30,1182.5,1050.5,1286.1000000000001
85,550,Predators,30,29.5,14.9,42.1
85,550,Prey,30,1088.5,967.4,1185.3000000000002
85,560,Predators,30,31.5,14.9,43
85,560,Prey,30,997,874.6,1103.6000000000001
85,570,Predators,30,31.5,15.8,44.1
85,570,Prey,30,926.5,823.6,1041
85,580,Predators,30,31.5,16.700000000000003,45
85,580,Prey,30,867,770.3000000000001,959.9000000000001
85,590,Predators,30,32,15.700000000000001,45.1
85,590,Prey,30,813.5,735.2,917.7
85,600,Predators,30,32,16.700000000000003,46
85,600,Prey,30,769,703.4,874.4000000000001
85,610,Predators,30,31.5,15.8,48
85,610,Prey,30,736,670.8,828.1000000000001
85,620,Predators,30,31.5,14.9,48.1
85,620,Prey,30,705,649.3,816.6
85,630,Predators,30,31.5,15.9,49
85,630,Prey,30,680.5,617.8000000000001,793.8000000000001
85,640,Predators,30,32.5,16.8,51.1
85,640,Prey,30,668,602.6999999999999,769.9
85,650,Predators,30,33.5,16.9,50
85,650,Prey,30,663,603.8000000000001,762.1
85,660,Predators,30,33.5,17.9,51.1
85,660,Prey,30,657.5,606.8000000000001,748.7
85,670,Predators,30,32.5,17.8,50.2
85,670,Prey,30,663.5,615.8000000000001,753.5
85,680,Predators,30,32,16.9,51.300000000000004
85,680,Prey,30,691,626.5,761.4
85,690,Predators,30,32.5,16,51.2
85,690,Prey,30,714.5,644.7,781.2
85,700,Predators,30,32.5,16,54
85,700,Prey,30,762,691.9,813.0000000000001
85,710,Predators,30,33,17,55
85,710,Prey,30,817,725.5,878.5
85,720,Predators,30,34,17,54.1
85,720,Prey,30,874,789.7,946.2
85,730,Predators,30,33.5,17.9,55
85,730,Prey,30,963,858.6999999999999,1045.4
85,740,Predators,30,34,18.900000000000002,56.1
85,740,Prey,30,1075,971.5,1179.1
85,750,Predators,30,35,19,57.1
85,750,Prey,30,1194.5,1077.7,1325
85,760,Predators,30,34.5,19.9,56.1
85,760,Prey,30,1363.5,1193.7,1488.6000000000001
85,770,Predators,30,35,19.9,58.1
85,770,Prey,30,1540,1331.8,1686.1000000000001
85,780,Predators,30,36.5,20.9,58.300000000000004
85,780,Prey,30,1746,1519.9,1922.3000000000002
85,790,Predators,30,38,20.9,60.60000000000001
85,790,Prey,30,1991.5,1728.8,2171.1000000000004
85,800,Predators,30,39,21.8,61.70000000000001
85,800,Prey,30,2222.5,1958.3,2479.4000000000005
85,810,Predators,30,40,21.8,65.70000000000002
85,810,Prey,30,2498,2205.6,2791.0000000000005
85,820,Predators,30,42.5,22.700000000000003,66.80000000000001
85,820,Prey,30,2784,2466.9,3122.4000000000005
85,830,Predators,30,43,23.9,67.9
85,830,Prey,30,3074.5,2746,3452.6000000000004
85,840,Predators,30,46,25.700000000000003,68.80000000000001
85,840,Prey,30,3388.5,3102.3999999999996,3769.1000000000004
85,850,Predators,30,47.5,26.6,71.60000000000001
85,850,Prey,30,3669,3435,4112.8
85,860,Predators,30,49,26.700000000000003,72.70000000000002
85,860,Prey,30,3939.5,3728.5,4435.9000000000005
85,870,Predators,30,50,27.700000000000003,72.9
85,870,Prey,30,4195,3972.8,4699.200000000001
85,880,Predators,30,50.5,27.700000000000003,74.80000000000001
85,880,Prey,30,4468.5,4138.9,4866
85,890,Predators,30,53,27.8,76.80000000000001
85,890,Prey,30,4647,4274.8,4967.5
85,900,Predators,30,54,29.700000000000003,79.4
85,900,Prey,30,4738.5,4418.8,5024.9
85,910,Predators,30,54,29,78.5
85,910,Prey,30,4771.5,4394.7,5028.7
85,920,Predators,30,53,29.9,76.60000000000001
85,920,Prey,30,4745.5,4371.9000000000005,4958.9000000000005
85,930,Predators,30,53.5,31,78.9
85,930,Prey,30,4646.5,4346.6,4868.700000000001
85,940,Predators,30,54.5,34.900000000000006,80.70000000000002
85,940,Prey,30,4548.5,4280.2,4702.1
85,950,Predators,30,58,34,79.10000000000002
85,950,Prey,30,4369,4087.7999999999997,4547.3
85,960,Predators,30,58,34.800000000000004,82.70000000000002
85,960,Prey,30,4174,3886.6,4390
85,970,Predators,30,59.5,35.8,81.90000000000002
85,970,Prey,30,3952,3673.9,4195.8
85,980,Predators,30,62,35,82.80000000000001
85,980,Prey,30,3728.5,3467.2,3946.9
85,990,Predators,30,63,34.900000000000006,86.70000000000002
85,990,Prey,30,3465,3209.5,3699.8999999999996
85,1000,Predators,30,65,36.9,86.60000000000001
85,1000,Prey,30,3234,2993.2,3478.8
85,1010,Predators,30,65,37.900000000000006,84.80000000000001
85,1010,Prey,30,3017.5,2793.7,3225
85,1020,Predators,30,64,37.7,86.5
85,1020,Prey,30,2839,2613,3018.4
85,1030,Predators,30,65.5,38.6,85.80000000000001
85,1030,Prey,30,2655,2431.2000000000003,2826
85,1040,Predators,30,66.5,40.6,89.60000000000002
85,1040,Prey,30,2457,2223,2656
85,1050,Predators,30,67,41.599999999999994,89.60000000000002
85,1050,Prey,30,2274.5,2036.5,2478.6
85,1060,Predators,30,66.5,41.699999999999996,88.70000000000002
85,1060,Prey,30,2109,1873.6,2314.3
85,1070,Predators,30,67.5,44.2,89.70000000000002
85,1070,Prey,30,1953,1742,2163.7
85,1080,Predators,30,69.5,46.400000000000006,92
85,1080,Prey,30,1821,1605.6000000000001,2023.2
85,1090,Predators,30,71,46.400000000000006,92.4
85,1090,Prey,30,1692.5,1475.1,1890.1
85,1100,Predators,30,73,45.400000000000006,94.4
85,1100,Prey,30,1578.5,1376.6000000000001,1779.3
85,1110,Predators,30,73,46.5,94.80000000000001
85,1110,Prey,30,1475,1273.1999999999998,1690.3
85,1120,Predators,30,74,47.300000000000004,97.60000000000002
85,1120,Prey,30,1388.5,1175.8999999999999,1584.3
85,1130,Predators,30,74,48.4,98.80000000000001
85,1130,Prey,30,1305.5,1107.6000000000001,1500.0000000000002
85,1140,Predators,30,74.5,49.5,98.80000000000001
85,1140,Prey,30,1241,1030.2,1431.2000000000003
85,1150,Predators,30,76,49.5,97.10000000000002
85,1150,Prey,30,1186,1002.1,1359.2000000000003
85,1160,Predators,30,78,50.2,98.80000000000001
85,1160,Prey,30,1139.5,955.2,1318
85,1170,Predators,30,77,52.1,106.2
85,1170,Prey,30,1084.5,939.3,1279.6
85,1180,Predators,30,76.5,53.00000000000001,106.4
85,1180,Prey,30,1051.5,937.2,1232.7
85,1190,Predators,30,76.5,53.10000000000001,106.1
85,1190,Prey,30,1017,908.7,1206.8999999999999
85,1200,Predators,30,76.5,53.10000000000001,107.1
85,1200,Prey,30,997.5,900,1185.1000000000001
85,1210,Predators,30,77,53.10000000000001,109
85,1210,Prey,30,987,892.5999999999999,1164.1000000000001
85,1220,Predators,30,78.5,54.10000000000001,107.4
85,1220,Prey,30,981,884,1159.3999999999999
85,1230,Predators,30,79.5,54.10000000000001,108.60000000000001
85,1230,Prey,30,987,881.0999999999999,1174.3000000000002
85,1240,Predators,30,78.5,54.300000000000004,111.19999999999999
85,1240,Prey,30,1003,883.2,1179.3000000000002
85,1250,Predators,30,79.5,56.2,109.70000000000002
85,1250,Prey,30,1015.5,910.1,1201.4
85,1260,Predators,30,81,55.6,112.4
85,1260,Prey,30,1047.5,941.5,1224.9
85,1270,Predators,30,82.5,56.6,113.50000000000001
85,1270,Prey,30,1093.5,960.5,1256.8000000000002
85,1280,Predators,30,84.5,56.9,114.60000000000001
85,1280,Prey,30,1141,1040.2,1317
85,1290,Predators,30,84.5,56.8,116.30000000000001
85,1290,Prey,30,1217.5,1080.4,1405.8
85,1300,Predators,30,85.5,58.7,118.2
85,1300,Prey,30,1287.5,1131.9,1492.4
85,1310,Predators,30,88,58.800000000000004,119.19999999999999
85,1310,Prey,30,1373,1233.2,1576.1
85,1320,Predators,30,89,59,119.6
85,1320,Prey,30,1490.5,1301.1,1685.4
85,1330,Predators,30,90.5,58.900000000000006,118.70000000000002
85,1330,Prey,30,1616.5,1421.3999999999999,1791.4
85,1340,Predators,30,91.5,59.7,123.3
85,1340,Prey,30,1768,1549.3,1963.6
85,1350,Predators,30,94,60.7,123.4
85,1350,Prey,30,1897,1669.4,2104.8
85,1360,Predators,30,97,64.3,125.20000000000002
85,1360,Prey,30,2063,1817.3000000000002,2284.6000000000004
85,1370,Predators,30,98,63.6,126.30000000000001
85,1370,Prey,30,2218.5,1986.7,2495.8
85,1380,Predators,30,100.5,68.1,125.60000000000002
85,1380,Prey,30,2406.5,2122.5,2744.3999999999996
85,1390,Predators,30,102.5,68.7,124.9
85,1390,Prey,30,2576,2263.5,2995.2000000000003
85,1400,Predators,30,104,70.7,128.8
85,1400,Prey,30,2754.5,2450.4,3174
85,1410,Predators,30,105.5,75.30000000000001,132.60000000000002
85,1410,Prey,30,2926,2614.5,3413
85,1420,Predators,30,107.5,76.1,135.2
85,1420,Prey,30,3103,2766.2000000000003,3587.3
85,1430,Predators,30,109.5,80.7,138.3
85,1430,Prey,30,3282.5,2917.7999999999997,3806.6
85,1440,Predators,30,112,85.2,143
85,1440,Prey,30,3449,3062.6000000000004,3990.9
85,1450,Predators,30,114,86.5,146.10000000000002
85,1450,Prey,30,3590.5,3173.2000000000003,4105.700000000001
85,1460,Predators,30,115.5,88.3,148.1
85,1460,Prey,30,3665.5,3254.7999999999997,4143.3
85,1470,Predators,30,113.5,90.10000000000001,145.8
85,1470,Prey,30,3748,3351.7,4129.200000000001
85,1480,Predators,30,117.5,90.9,144.9
85,1480,Prey,30,3777.5,3385.7000000000003,4104.6
85,1490,Predators,30,118.5,91.9,149.20000000000002
85,1490,Prey,30,3779.5,3375.6,4024.1
85,1500,Predators,30,120,92.10000000000001,151.6
85,1500,Prey,30,3769,3431.9,4001.3999999999996
85,1510,Predators,30,120.5,96,150.9
85,1510,Prey,30,3755,3387.5,3895.2
85,1520,Predators,30,122,95.20000000000002,151.6
85,1520,Prey,30,3700.5,3329.5,3854.6000000000004
85,1530,Predators,30,122.5,92.50000000000001,153.4
85,1530,Prey,30,3594,3257.1,3806.3
85,1540,Predators,30,124,93.6,153.3
85,1540,Prey,30,3476,3148.1,3731.5
85,1550,Predators,30,127,97.9,156.1
85,1550,Prey,30,3341.5,3042.5,3627.7
85,1560,Predators,30,126,96.70000000000002,157.20000000000002
85,1560,Prey,30,3213,2921.7,3508.1
85,1570,Predators,30,125.5,95.80000000000001,155.5
85,1570,Prey,30,3040.5,2801.5,3391.3
85,1580,Predators,30,126.5,96.80000000000001,157.60000000000002
85,1580,Prey,30,2881,2657.8999999999996,3259.2999999999997
85,1590,Predators,30,127,95.80000000000001,160.5
85,1590,Prey,30,2752.5,2522.9,3119.8
85,1600,Predators,30,128,97.6,158.7
85,1600,Prey,30,2612.5,2383,3005.6
85,1610,Predators,30,131,97.5,160.4
85,1610,Prey,30,2497,2253,2906
85,1620,Predators,30,130.5,96.50000000000001,162.3
85,1620,Prey,30,2380.5,2136.2,2781.1
85,1630,Predators,30,130,98.7,159.6
85,1630,Prey,30,2277,2028.2,2652.8999999999996
85,1640,Predators,30,132,96,159.7
85,1640,Prey,30,2168.5,1906.2,2509.9
85,1650,Predators,30,132.5,95.20000000000002,159.4
85,1650,Prey,30,2070.5,1822.8,2388.5
85,1660,Predators,30,134,94.5,162.10000000000002
85,1660,Prey,30,1995.5,1750.1,2278.4
85,1670,Predators,30,134.5,95.50000000000001,162
85,1670,Prey,30,1944,1648.3000000000002,2160.2000000000003
85,1680,Predators,30,134,96.4,161.3
85,1680,Prey,30,1861,1538.7,2101
85,1690,Predators,30,133,97.4,157.70000000000002
85,1690,Prey,30,1757.5,1437.7,2047.5
85,1700,Predators,30,136,96.4,156.4
85,1700,Prey,30,1659.5,1355.8000000000002,1963
85,1710,Predators,30,132.5,101,158.5
85,1710,Prey,30,1594.5,1306.7,1904.6
85,1720,Predators,30,133,101.1,158
85,1720,Prey,30,1533,1259.8,1838.5
85,1730,Predators,30,134.5,103.00000000000001,160.1
85,1730,Prey,30,1466.5,1218.1,1807.4
85,1740,Predators,30,134.5,102.10000000000001,160
85,1740,Prey,30,1426,1189,1769.6
85,1750,Predators,30,137,99.2,162
85,1750,Prey,30,1391.5,1178.9,1714.8
85,1760,Predators,30,138,100.4,163.2
85,1760,Prey,30,1366,1154.3000000000002,1658.4
85,1770,Predators,30,137.5,102.60000000000001,163.1
85,1770,Prey,30,1345.5,1122.2,1620
85,1780,Predators,30,137.5,102.80000000000001,165
85,1780,Prey,30,1332.5,1128.3,1586.6
85,1790,Predators,30,139,103.9,164.2
85,1790,Prey,30,1319,1132.8000000000002,1566.7
85,1800,Predators,30,140,105,165
85,1800,Prey,30,1341,1123.2,1547.3000000000002
85,1810,Predators,30,138.5,104.2,164.2
85,1810,Prey,30,1343.5,1159.3999999999999,1546.7
85,1820,Predators,30,140.5,103.6,162.40000000000003
85,1820,Prey,30,1376.5,1186.3000000000002,1550.6999999999998
85,1830,Predators,30,140.5,101,165.20000000000002
85,1830,Prey,30,1396.5,1211.4,1542.2
85,1840,Predators,30,140,101,162.90000000000003
85,1840,Prey,30,1429.5,1224,1550.1
85,1850,Predators,30,142.5,101,163.9
85,1850,Prey,30,1456.5,1264.6,1570.3
85,1860,Predators,30,142,100,162.60000000000002
85,1860,Prey,30,1528,1268.8,1611.6000000000001
85,1870,Predators,30,142.5,102.89999999999999,162.60000000000002
85,1870,Prey,30,1548,1321.1,1671.7
85,1880,Predators,30,143.5,105.89999999999999,164.60000000000002
85,1880,Prey,30,1596,1373.1,1738.8000000000002
85,1890,Predators,30,146,112.30000000000001,164.70000000000002
85,1890,Prey,30,1647,1440.3,1843.2000000000003
85,1900,Predators,30,149.5,113.4,167.7
85,1900,Prey,30,1721,1520.9,2011.4
85,1910,Predators,30,148.5,115.5,171.4
85,1910,Prey,30,1787,1600.3000000000002,2126.2000000000003
85,1920,Predators,30,151,113.8,174.5
85,1920,Prey,30,1874.5,1654.8999999999999,2214.8
85,1930,Predators,30,153.5,113.8,172.5
85,1930,Prey,30,1938,1751.8000000000002,2292.5000000000005
85,1940,Predators,30,152,111.8,172.3
85,1940,Prey,30,2030,1799.9,2376.1000000000004
85,1950,Predators,30,153,113.8,171.1
85,1950,Prey,30,2142,1899.6,2470.3
85,1960,Predators,30,154.5,118.69999999999999,170.50000000000003
85,1960,Prey,30,2241.5,2020.8000000000002,2587.3
85,1970,Predators,30,159,119.6,174.2
85,1970,Prey,30,2336,2100.8,2709
85,1980,Predators,30,160.5,119.8,174.5
85,1980,Prey,30,2439,2162.4,2844.3
85,1990,Predators,30,158.5,121.7,176.60000000000002
85,1990,Prey,30,2527.5,2269.3,2997.1000000000004
85,2000,Predators,30,159.5,123.7,182.1
85,2000,Prey,30,2629,2379.7,3143.4
85,2010,Predators,30,178.5,138.8,201.10000000000002
85,2010,Prey,30,1818.5,1651.1000000000001,2124.5
85,2020,Predators,30,184.5,151.60000000000002,212
85,2020,Prey,30,1086.5,966.9000000000001,1251.5
85,2030,Predators,30,194,157.79999999999998,220
85,2030,Prey,30,836.5,703,948.7
85,2040,Predators,30,196,162.5,223.2
85,2040,Prey,30,625,509.7,688.6
85,2050,Predators,30,201,165.6,232
85,2050,Prey,30,477,370.8,521.1
85,2060,Predators,30,203.5,170.4,232.1
85,2060,Prey,30,346,274.1,403.40000000000003
85,2070,Predators,30,206.5,172.60000000000002,233.10000000000002
85,2070,Prey,30,256.5,205.6,295.7
85,2080,Predators,30,202,171.5,228.70000000000002
85,2080,Prey,30,182.5,151.00000000000003,237.3
85,2090,Predators,30,185,151.8,206.1
85,2090,Prey,30,132.5,107.7,182.10000000000002
85,2100,Predators,30,167.5,138.9,185.3
85,2100,Prey,30,105,78.3,139.40000000000003
85,2110,Predators,30,145.5,127.8,156.1
85,2110,Prey,30,83.5,55,115.19999999999999
85,2120,Predators,30,124.5,110.89999999999999,139.3
85,2120,Prey,30,64.5,43.5,100.1
85,2130,Predators,30,103,88.9,114.1
85,2130,Prey,30,53.5,35.9,84.1
85,2140,Predators,30,81.5,75.60000000000001,97.10000000000001
85,2140,Prey,30,46,30,73.30000000000001
85,2150,Predators,30,65,58.300000000000004,77.10000000000001
85,2150,Prey,30,39,27,63.1
85,2160,Predators,30,48,40,58.2
85,2160,Prey,30,33.5,23,55.70000000000001
85,2170,Predators,30,36,30.400000000000006,47
85,2170,Prey,30,33.5,23.6,51.70000000000001
85,2180,Predators,30,27.5,21.9,36
85,2180,Prey,30,34,20,53.1
85,2190,Predators,30,20,13.9,27
85,2190,Prey,30,34.5,20.7,49.400000000000006
85,2200,Predators,30,14.5,8,20
85,2200,Prey,30,36.5,19.700000000000003,51.300000000000004
85,2210,Predators,30,11,5,16.1
85,2210,Prey,30,38,18.900000000000002,54.400000000000006
85,2220,Predators,30,8,3.9000000000000004,12.100000000000001
85,2220,Prey,30,39,18,55
85,2230,Predators,30,5.5,3,11
85,2230,Prey,30,41.5,19.700000000000003,61
85,2240,Predators,30,3.5,1,7
85,2240,Prey,30,43.5,20.9,67.4
85,2245,Predators,1,0,0,0
85,2245,Prey,1,18,18,18
85,2250,Predators,29,2,1,6
85,2250,Prey,29,45,24.400000000000002,77.19999999999999
85,2255,Predators,1,0,0,0
85,2255,Prey,1,38,38,38
85,2258,Predators,1,0,0,0
85,2258,Prey,1,28,28,28
85,2260,Predators,26,2,1,5
85,2260,Prey,26,53.5,25.5,80.5
85,2263,Predators,1,0,0,0
85,2263,Prey,1,26,26,26
85,2264,Predators,1,0,0,0
85,2264,Prey,1,79,79,79
85,2266,Predators,1,0,0,0
85,2266,Prey,1,81,81,81
85,2267,Predators,1,0,0,0
85,2267,Prey,1,62,62,62
85,2269,Predators,1,0,0,0
85,2269,Prey,1,40,40,40
85,2270,Predators,20,2,0.9000000000000004,4
85,2270,Prey,20,56.5,26.700000000000003,90.5
85,2271,Predators,1,0,0,0
85,2271,Prey,1,23,23,23
85,2280,Predators,17,2,1,3
85,2280,Prey,17,60,30.4,91.80000000000001
85,2281,Predators,2,0,0,0
85,2281,Prey,2,44.5,39.3,49.7
85,2283,Predators,1,0,0,0
85,2283,Prey,1,86,86,86
85,2288,Predators,1,0,0,0
85,2288,Prey,1,35,35,35
85,2289,Predators,1,0,0,0
85,2289,Prey,1,28,28,28
85,2290,Predators,12,2,1,3
85,2290,Prey,12,69,34.7,102.3
85,2298,Predators,1,0,0,0
85,2298,Prey,1,66,66,66
85,2299,Predators,1,0,0,0
85,2299,Prey,1,35,35,35
85,2300,Predators,10,1.5,1,3
85,2300,Prey,10,72.5,51,116.69999999999999
85,2302,Predators,1,0,0,0
85,2302,Prey,1,69,69,69
85,2303,Predators,1,0,0,0
85,2303,Prey,1,137,137,137
85,2310,Predators,8,1.5,0.7000000000000002,2.3
85,2310,Prey,8,82.5,50.5,111
85,2319,Predators,1,0,0,0
85,2319,Prey,1,85,85,85
85,2320,Predators,6,2,1,2
85,2320,Prey,6,80,50.5,123.5
85,2330,Predators,6,2,1,2
85,2330,Prey,6,89,55,139.5
85,2340,Predators,6,1.5,1,2
85,2340,Prey,6,96.5,62,154.5
85,2350,Predators,6,1,1,2
85,2350,Prey,6,108.5,64.5,166
85,2351,Predators,1,0,0,0
85,2351,Prey,1,109,109,109
85,2356,Predators,1,0,0,0
85,2356,Prey,1,85,85,85
85,2359,Predators,1,0,0,0
85,2359,Prey,1,210,210,210
85,2360,Predators,3,1,1,1.7999999999999998
85,2360,Prey,3,115,65.4,152.6
85,2365,Predators,1,0,0,0
85,2365,Prey,1,54,54,54
85,2370,Predators,2,1.5,1.1,1.9
85,2370,Prey,2,151,128.6,173.4
85,2380,Predators,2,0.5,0.10000000000000009,0.8999999999999999
85,2380,Prey,2,158,131.6,184.39999999999998
85,2390,Predators,1,1,1,1
85,2390,Prey,1,134,134,134
85,2400,Predators,1,1,1,1
85,2400,Prey,1,142,142,142
85,2410,Predators,1,1,1,1
85,2410,Prey,1,142,142,142
85,2415,Predators,1,0,0,0
85,2415,Prey,1,136,136,136
90,0,Predators,30,10,10,10
90,0,Prey,30,100,100,100
90,10,Predators,30,10,10,10
90,10,Prey,30,109,105,113.10000000000001
90,20,Predators,30,10,10,11
90,20,Prey,30,140.5,131.9,149.4
90,30,Predators,30,10,10,11
90,30,Prey,30,199.5,181.9,210.70000000000002
90,40,Predators,30,10,10,11
90,40,Prey,30,285,260.4,307.3
90,50,Predators,30,10,10,11.100000000000001
90,50,Prey,30,406,374.4,446.1
90,60,Predators,30,10,10,11.100000000000001
90,60,Prey,30,579.5,532.8000000000001,635.4000000000001
90,70,Predators,30,10.5,10,12
90,70,Prey,30,824,744,904.4
90,80,Predators,30,8,6,10.100000000000001
90,80,Prey,30,1164.5,1039.7,1256.1000000000001
90,90,Predators,30,8,6,10.100000000000001
90,90,Prey,30,1603,1428.3000000000002,1717.9
90,100,Predators,30,8,6,10.100000000000001
90,100,Prey,30,2200,2006.6000000000001,2359.4
90,110,Predators,30,9,6,11
90,110,Prey,30,2956,2744,3182.6000000000004
90,120,Predators,30,9,6.9,11.100000000000001
90,120,Prey,30,3924,3585.8,4200.4000000000005
90,130,Predators,30,9,6.9,12.300000000000004
90,130,Prey,30,5079,4649.6,5414.3
90,140,Predators,30,9.5,7.9,13.200000000000003
90,140,Prey,30,6390,5915.5,6719.8
90,150,Predators,30,10,7.9,16
90,150,Prey,30,7747.5,7252,8163.4
90,160,Predators,30,11,7.9,16.1
90,160,Prey,30,9087,8555.1,9555
90,170,Predators,30,11,7,17
90,170,Prey,30,10317.5,9829.1,10891.300000000001
90,180,Predators,30,11,7,17.1
90,180,Prey,30,11462.5,10994.4,11955.6
90,190,Predators,30,12.5,7.9,17.1
90,190,Prey,30,12322,11868.4,12695
90,200,Predators,30,13,7.9,18
90,200,Prey,30,12872,12591.5,13183.9
90,210,Predators,30,13,7.9,19
90,210,Prey,30,13177,12895.6,13396.2
90,220,Predators,30,13,7.9,20
90,220,Prey,30,13219.5,13009.9,13414.599999999999
90,230,Predators,30,13.5,8,20.1
90,230,Prey,30,13092,12920.9,13314.699999999999
90,240,Predators,30,14,8.9,20.300000000000004
90,240,Prey,30,12879.5,12573.8,13073.3
90,250,Predators,30,14.5,9,21.300000000000004
90,250,Prey,30,12564,12256.4,12743.1
90,260,Predators,30,15,9,24
90,260,Prey,30,12150,11847.300000000001,12357
90,270,Predators,30,15,9.9,24.200000000000003
90,270,Prey,30,11673.5,11434.3,11901.5
90,280,Predators,30,16,10,26
90,280,Prey,30,11211,10951.300000000001,11421.9
90,290,Predators,30,16.5,10,25.200000000000003
90,290,Prey,30,10658.5,10440.6,10897.4
90,300,Predators,30,16.5,10.9,25.300000000000004
90,300,Prey,30,10103.5,9847.1,10354.6
90,310,Predators,30,16.5,10.8,26.200000000000003
90,310,Prey,30,9524,9288.1,9772.4
90,320,Predators,30,17,10.9,27.300000000000004
90,320,Prey,30,8930,8700.1,9248.300000000001
90,330,Predators,30,18,10.9,30
90,330,Prey,30,8384.5,8185,8604
90,340,Predators,30,19,11,31
90,340,Prey,30,7834.5,7613.4000000000005,8075.4
90,350,Predators,30,19,12,32.1
90,350,Prey,30,7285,7053.1,7478
90,360,Predators,30,20,11.9,33
90,360,Prey,30,6751,6504.6,6946.1
90,370,Predators,30,20,12,34
90,370,Prey,30,6204,5970.1,6442.5
90,380,Predators,30,20,12.9,34.1
90,380,Prey,30,5703,5455.8,5914.2
90,390,Predators,30,21.5,13.8,33.1
90,390,Prey,30,5217.5,5002.3,5446
90,400,Predators,30,22,13.8,34.2
90,400,Prey,30,4771.5,4531.3,4944.1
90,410,Predators,30,21,13.8,34.300000000000004
90,410,Prey,30,4314.5,4143.6,4476.8
90,420,Predators,30,22,13.8,36.1
90,420,Prey,30,3916.5,3751.2,4125.4000000000005
90,430,Predators,30,22.5,13.8,36.1
90,430,Prey,30,3539,3370.6,3712.1
90,440,Predators,30,23,14.8,36.2
90,440,Prey,30,3197.5,3006.9,3334.2
90,450,Predators,30,23.5,14.8,36.300000000000004
90,450,Prey,30,2884,2726.1000000000004,3018.3999999999996
90,460,Predators,30,23,14,37.2
90,460,Prey,30,2589.5,2452.3,2751.4
90,470,Predators,30,24,13.9,37
90,470,Prey,30,2328.5,2163.8,2460.7
90,480,Predators,30,24.5,14,37
90,480,Prey,30,2103.5,1927.2,2209.4
90,490,Predators,30,25.5,14,38.1
90,490,Prey,30,1904,1734.4,1983.5
90,500,Predators,30,25.5,14,38.2
90,500,Prey,30,1733,1551.2,1822.1000000000001
90,510,Predators,30,27,14.9,40.1
90,510,Prey,30,1558.5,1373.7,1646.8000000000002
90,520,Predators,30,28,15.9,41.1
90,520,Prey,30,1415.5,1260,1501.5
90,530,Predators,30,28,15.8,41
90,530,Prey,30,1298.5,1151.5,1379.6000000000001
90,540,Predators,30,28.5,15,41.1
90,540,Prey,30,1182.5,1050.5,1286.1000000000001
90,550,Predators,30,29.5,14.9,42.1
90,550,Prey,30,1088.5,967.4,1185.3000000000002
90,560,Predators,30,31.5,14.9,43
90,560,Prey,30,997,874.6,1103.6000000000001
90,570,Predators,30,31.5,15.8,44.1
90,570,Prey,30,926.5,823.6,1041
90,580,Predators,30,31.5,16.700000000000003,45
90,580,Prey,30,867,770.3000000000001,959.9000000000001
90,590,Predators,30,32,15.700000000000001,45.1
90,590,Prey,30,813.5,735.2,917.7
90,600,Predators,30,32,16.700000000000003,46
90,600,Prey,30,769,703.4,874.4000000000001
90,610,Predators,30,31.5,15.8,48
90,610,Prey,30,736,670.8,828.1000000000001
90,620,Predators,30,31.5,14.9,48.1
90,620,Prey,30,705,649.3,816.6
90,630,Predators,30,31.5,15.9,49
90,630,Prey,30,680.5,617.8000000000001,793.8000000000001
90,640,Predators,30,32.5,16.8,51.1
90,640,Prey,30,668,602.6999999999999,769.9
90,650,Predators,30,33.5,16.9,50
90,650,Prey,30,663,603.8000000000001,762.1
90,660,Predators,30,33.5,17.9,51.1
90,660,Prey,30,657.5,606.8000000000001,748.7
90,670,Predators,30,32.5,17.8,50.2
90,670,Prey,30,663.5,615.8000000000001,753.5
90,680,Predators,30,32,16.9,51.300000000000004
90,680,Prey,30,691,626.5,761.4
90,690,Predators,30,32.5,16,51.2
90,690,Prey,30,714.5,644.7,781.2
90,700,Predators,30,32.5,16,54
90,700,Prey,30,762,691.9,813.0000000000001
90,710,Predators,30,33,17,55
90,710,Prey,30,817,725.5,878.5
90,720,Predators,30,34,17,54.1
90,720,Prey,30,874,789.7,946.2
90,730,Predators,30,33.5,17.9,55
90,730,Prey,30,963,858.6999999999999,1045.4
90,740,Predators,30,34,18.900000000000002,56.1
90,740,Prey,30,1075,971.5,1179.1
90,750,Predators,30,35,19,57.1
90,750,Prey,30,1194.5,1077.7,1325
90,760,Predators,30,34.5,19.9,56.1
90,760,Prey,30,1363.5,1193.7,1488.6000000000001
90,770,Predators,30,35,19.9,58.1
90,770,Prey,30,1540,1331.8,1686.1000000000001
90,780,Predators,30,36.5,20.9,58.300000000000004
90,780,Prey,30,1746,1519.9,1922.3000000000002
90,790,Predators,30,38,20.9,60.60000000000001
90,790,Prey,30,1991.5,1728.8,2171.1000000000004
90,800,Predators,30,39,21.8,61.70000000000001
90,800,Prey,30,2222.5,1958.3,2479.4000000000005
90,810,Predators,30,40,21.8,65.70000000000002
90,810,Prey,30,2498,2205.6,2791.0000000000005
90,820,Predators,30,42.5,22.700000000000003,66.80000000000001
90,820,Prey,30,2784,2466.9,3122.4000000000005
90,830,Predators,30,43,23.9,67.9
90,830,Prey,30,3074.5,2746,3452.6000000000004
90,840,Predators,30,46,25.700000000000003,68.80000000000001
90,840,Prey,30,3388.5,3102.3999999999996,3769.1000000000004
90,850,Predators,30,47.5,26.6,71.60000000000001
90,850,Prey,30,3669,3435,4112.8
90,860,Predators,30,49,26.700000000000003,72.70000000000002
90,860,Prey,30,3939.5,3728.5,4435.9000000000005
90,870,Predators,30,50,27.700000000000003,72.9
90,870,Prey,30,4195,3972.8,4699.200000000001
90,880,Predators,30,50.5,27.700000000000003,74.80000000000001
90,880,Prey,30,4468.5,4138.9,4866
90,890,Predators,30,53,27.8,76.80000000000001
90,890,Prey,30,4647,4274.8,4967.5
90,900,Predators,30,54,29.700000000000003,79.4
90,900,Prey,30,4738.5,4418.8,5024.9
90,910,Predators,30,54,29,78.5
90,910,Prey,30,4771.5,4394.7,5028.7
90,920,Predators,30,53,29.9,76.60000000000001
90,920,Prey,30,4745.5,4371.9000000000005,4958.9000000000005
90,930,Predators,30,53.5,31,78.9
90,930,Prey,30,4646.5,4346.6,4868.700000000001
90,940,Predators,30,54.5,34.900000000000006,80.70000000000002
90,940,Prey,30,4548.5,4280.2,4702.1
90,950,Predators,30,58,34,79.10000000000002
90,950,Prey,30,4369,4087.7999999999997,4547.3
90,960,Predators,30,58,34.800000000000004,82.70000000000002
90,960,Prey,30,4174,3886.6,4390
90,970,Predators,30,59.5,35.8,81.90000000000002
90,970,Prey,30,3952,3673.9,4195.8
90,980,Predators,30,62,35,82.80000000000001
90,980,Prey,30,3728.5,3467.2,3946.9
90,990,Predators,30,63,34.900000000000006,86.70000000000002
90,990,Prey,30,3465,3209.5,3699.8999999999996
90,1000,Predators,30,65,36.9,86.60000000000001
90,1000,Prey,30,3234,2993.2,3478.8
90,1010,Predators,30,65,37.900000000000006,84.80000000000001
90,1010,Prey,30,3017.5,2793.7,3225
90,1020,Predators,30,64,37.7,86.5
90,1020,Prey,30,2839,2613,3018.4
90,1030,Predators,30,65.5,38.6,85.80000000000001
90,1030,Prey,30,2655,2431.2000000000003,2826
90,1040,Predators,30,66.5,40.6,89.60000000000002
90,1040,Prey,30,2457,2223,2656
90,1050,Predators,30,67,41.599999999999994,89.60000000000002
90,1050,Prey,30,2274.5,2036.5,2478.6
90,1060,Predators,30,66.5,41.699999999999996,88.70000000000002
90,1060,Prey,30,2109,1873.6,2314.3
90,1070,Predators,30,67.5,44.2,89.70000000000002
90,1070,Prey,30,1953,1742,2163.7
90,1080,Predators,30,69.5,46.400000000000006,92
90,1080,Prey,30,1821,1605.6000000000001,2023.2
90,1090,Predators,30,71,46.400000000000006,92.4
90,1090,Prey,30,1692.5,1475.1,1890.1
90,1100,Predators,30,73,45.400000000000006,94.4
90,1100,Prey,30,1578.5,1376.6000000000001,1779.3
90,1110,Predators,30,73,46.5,94.80000000000001
90,1110,Prey,30,1475,1273.1999999999998,1690.3
90,1120,Predators,30,74,47.300000000000004,97.60000000000002
90,1120,Prey,30,1388.5,1175.8999999999999,1584.3
90,1130,Predators,30,74,48.4,98.80000000000001
90,1130,Prey,30,1305.5,1107.6000000000001,1500.0000000000002
90,1140,Predators,30,74.5,49.5,98.80000000000001
90,1140,Prey,30,1241,1030.2,1431.2000000000003
90,1150,Predators,30,76,49.5,97.10000000000002
90,1150,Prey,30,1186,1002.1,1359.2000000000003
90,1160,Predators,30,78,50.2,98.80000000000001
90,1160,Prey,30,1139.5,955.2,1318
90,1170,Predators,30,77,52.1,106.2
90,1170,Prey,30,1084.5,939.3,1279.6
90,1180,Predators,30,76.5,53.00000000000001,106.4
90,1180,Prey,30,1051.5,937.2,1232.7
90,1190,Predators,30,76.5,53.10000000000001,106.1
90,1190,Prey,30,1017,908.7,1206.8999999999999
90,1200,Predators,30,76.5,53.10000000000001,107.1
90,1200,Prey,30,997.5,900,1185.1000000000001
90,1210,Predators,30,77,53.10000000000001,109
90,1210,Prey,30,987,892.5999999999999,1164.1000000000001
90,1220,Predators,30,78.5,54.10000000000001,107.4
90,1220,Prey,30,981,884,1159.3999999999999
90,1230,Predators,30,79.5,54.10000000000001,108.60000000000001
90,1230,Prey,30,987,881.0999999999999,1174.3000000000002
90,1240,Predators,30,78.5,54.300000000000004,111.19999999999999
90,1240,Prey,30,1003,883.2,1179.3000000000002
90,1250,Predators,30,79.5,56.2,109.70000000000002
90,1250,Prey,30,1015.5,910.1,1201.4
90,1260,Predators,30,81,55.6,112.4
90,1260,Prey,30,1047.5,941.5,1224.9
90,1270,Predators,30,82.5,56.6,113.50000000000001
90,1270,Prey,30,1093.5,960.5,1256.8000000000002
90,1280,Predators,30,84.5,56.9,114.60000000000001
90,1280,Prey,30,1141,1040.2,1317
90,1290,Predators,30,84.5,56.8,116.30000000000001
90,1290,Prey,30,1217.5,1080.4,1405.8
90,1300,Predators,30,85.5,58.7,118.2
90,1300,Prey,30,1287.5,1131.9,1492.4
90,1310,Predators,30,88,58.800000000000004,119.19999999999999
90,1310,Prey,30,1373,1233.2,1576.1
90,1320,Predators,30,89,59,119.6
90,1320,Prey,30,1490.5,1301.1,1685.4
90,1330,Predators,30,90.5,58.900000000000006,118.70000000000002
90,1330,Prey,30,1616.5,1421.3999999999999,1791.4
90,1340,Predators,30,91.5,59.7,123.3
90,1340,Prey,30,1768,1549.3,1963.6
90,1350,Predators,30,94,60.7,123.4
90,1350,Prey,30,1897,1669.4,2104.8
90,1360,Predators,30,97,64.3,125.20000000000002
90,1360,Prey,30,2063,1817.3000000000002,2284.6000000000004
90,1370,Predators,30,98,63.6,126.30000000000001
90,1370,Prey,30,2218.5,1986.7,2495.8
90,1380,Predators,30,100.5,68.1,125.60000000000002
90,1380,Prey,30,2406.5,2122.5,2744.3999999999996
90,1390,Predators,30,102.5,68.7,124.9
90,1390,Prey,30,2576,2263.5,2995.2000000000003
90,1400,Predators,30,104,70.7,128.8
90,1400,Prey,30,2754.5,2450.4,3174
90,1410,Predators,30,105.5,75.30000000000001,132.60000000000002
90,1410,Prey,30,2926,2614.5,3413
90,1420,Predators,30,107.5,76.1,135.2
90,1420,Prey,30,3103,2766.2000000000003,3587.3
90,1430,Predators,30,109.5,80.7,138.3
90,1430,Prey,30,3282.5,2917.7999999999997,3806.6
90,1440,Predators,30,112,85.2,143
90,1440,Prey,30,3449,3062.6000000000004,3990.9
90,1450,Predators,30,114,86.5,146.10000000000002
90,1450,Prey,30,3590.5,3173.2000000000003,4105.700000000001
90,1460,Predators,30,115.5,88.3,148.1
90,1460,Prey,30,3665.5,3254.7999999999997,4143.3
90,1470,Predators,30,113.5,90.10000000000001,145.8
90,1470,Prey,30,3748,3351.7,4129.200000000001
90,1480,Predators,30,117.5,90.9,144.9
90,1480,Prey,30,3777.5,3385.7000000000003,4104.6
90,1490,Predators,30,118.5,91.9,149.20000000000002
90,1490,Prey,30,3779.5,3375.6,4024.1
90,1500,Predators,30,120,92.10000000000001,151.6
90,1500,Prey,30,3769,3431.9,4001.3999999999996
90,1510,Predators,30,120.5,96,150.9
90,1510,Prey,30,3755,3387.5,3895.2
90,1520,Predators,30,122,95.20000000000002,151.6
90,1520,Prey,30,3700.5,3329.5,3854.6000000000004
90,1530,Predators,30,122.5,92.50000000000001,153.4
90,1530,Prey,30,3594,3257.1,3806.3
90,1540,Predators,30,124,93.6,153.3
90,1540,Prey,30,3476,3148.1,3731.5
90,1550,Predators,30,127,97.9,156.1
90,1550,Prey,30,3341.5,3042.5,3627.7
90,1560,Predators,30,126,96.70000000000002,157.20000000000002
90,1560,Prey,30,3213,2921.7,3508.1
90,1570,Predators,30,125.5,95.80000000000001,155.5
90,1570,Prey,30,3040.5,2801.5,3391.3
90,1580,Predators,30,126.5,96.80000000000001,157.60000000000002
90,1580,Prey,30,2881,2657.8999999999996,3259.2999999999997
90,1590,Predators,30,127,95.80000000000001,160.5
90,1590,Prey,30,2752.5,2522.9,3119.8
90,1600,Predators,30,128,97.6,158.7
90,1600,Prey,30,2612.5,2383,3005.6
90,1610,Predators,30,131,97.5,160.4
90,1610,Prey,30,2497,2253,2906
90,1620,Predators,30,130.5,96.50000000000001,162.3
90,1620,Prey,30,2380.5,2136.2,2781.1
90,1630,Predators,30,130,98.7,159.6
90,1630,Prey,30,2277,2028.2,2652.8999999999996
90,1640,Predators,30,132,96,159.7
90,1640,Prey,30,2168.5,1906.2,2509.9
90,1650,Predators,30,132.5,95.20000000000002,159.4
90,1650,Prey,30,2070.5,1822.8,2388.5
90,1660,Predators,30,134,94.5,162.10000000000002
90,1660,Prey,30,1995.5,1750.1,2278.4
90,1670,Predators,30,134.5,95.50000000000001,162
90,1670,Prey,30,1944,1648.3000000000002,2160.2000000000003
90,1680,Predators,30,134,96.4,161.3
90,1680,Prey,30,1861,1538.7,2101
90,1690,Predators,30,133,97.4,157.70000000000002
90,1690,Prey,30,1757.5,1437.7,2047.5
90,1700,Predators,30,136,96.4,156.4
90,1700,Prey,30,1659.5,1355.8000000000002,1963
90,1710,Predators,30,132.5,101,158.5
90,1710,Prey,30,1594.5,1306.7,1904.6
90,1720,Predators,30,133,101.1,158
90,1720,Prey,30,1533,1259.8,1838.5
90,1730,Predators,30,134.5,103.00000000000001,160.1
90,1730,Prey,30,1466.5,1218.1,1807.4
90,1740,Predators,30,134.5,102.10000000000001,160
90,1740,Prey,30,1426,1189,1769.6
90,1750,Predators,30,137,99.2,162
90,1750,Prey,30,1391.5,1178.9,1714.8
90,1760,Predators,30,138,100.4,163.2
90,1760,Prey,30,1366,1154.3000000000002,1658.4
90,1770,Predators,30,137.5,102.60000000000001,163.1
90,1770,Prey,30,1345.5,1122.2,1620
90,1780,Predators,30,137.5,102.80000000000001,165
90,1780,Prey,30,1332.5,1128.3,1586.6
90,1790,Predators,30,139,103.9,164.2
90,1790,Prey,30,1319,1132.8000000000002,1566.7
90,1800,Predators,30,140,105,165
90,1800,Prey,30,1341,1123.2,1547.3000000000002
90,1810,Predators,30,138.5,104.2,164.2
90,1810,Prey,30,1343.5,1159.3999999999999,1546.7
90,1820,Predators,30,140.5,103.6,162.40000000000003
90,1820,Prey,30,1376.5,1186.3000000000002,1550.6999999999998
90,1830,Predators,30,140.5,101,165.20000000000002
90,1830,Prey,30,1396.5,1211.4,1542.2
90,1840,Predators,30,140,101,162.90000000000003
90,1840,Prey,30,1429.5,1224,1550.1
90,1850,Predators,30,142.5,101,163.9
90,1850,Prey,30,1456.5,1264.6,1570.3
90,1860,Predators,30,142,100,162.60000000000002
90,1860,Prey,30,1528,1268.8,1611.6000000000001
90,1870,Predators,30,142.5,102.89999999999999,162.60000000000002
90,1870,Prey,30,1548,1321.1,1671.7
90,1880,Predators,30,143.5,105.89999999999999,164.60000000000002
90,1880,Prey,30,1596,1373.1,1738.8000000000002
90,1890,Predators,30,146,112.30000000000001,164.70000000000002
90,1890,Prey,30,1647,1440.3,1843.2000000000003
90,1900,Predators,30,149.5,113.4,167.7
90,1900,Prey,30,1721,1520.9,2011.4
90,1910,Predators,30,148.5,115.5,171.4
90,1910,Prey,30,1787,1600.3000000000002,2126.2000000000003
90,1920,Predators,30,151,113.8,174.5
90,1920,Prey,30,1874.5,1654.8999999999999,2214.8
90,1930,Predators,30,153.5,113.8,172.5
90,1930,Prey,30,1938,1751.8000000000002,2292.5000000000005
90,1940,Predators,30,152,111.8,172.3
90,1940,Prey,30,2030,1799.9,2376.1000000000004
90,1950,Predators,30,153,113.8,171.1
90,1950,Prey,30,2142,1899.6,2470.3
90,1960,Predators,30,154.5,118.69999999999999,170.50000000000003
90,1960,Prey,30,2241.5,2020.8000000000002,2587.3
90,1970,Predators,30,159,119.6,174.2
90,1970,Prey,30,2336,2100.8,2709
90,1980,Predators,30,160.5,119.8,174.5
90,1980,Prey,30,2439,2162.4,2844.3
90,1990,Predators,30,158.5,121.7,176.60000000000002
90,1990,Prey,30,2527.5,2269.3,2997.1000000000004
90,2000,Predators,30,159.5,123.7,182.1
90,2000,Prey,30,2629,2379.7,3143.4
90,2010,Predators,30,174,137.9,195.6
90,2010,Prey,30,1695,1547.2,2004.6
90,2020,Predators,30,183,146.89999999999998,208.2
90,2020,Prey,30,842.5,738.6999999999999,933.0000000000001
90,2030,Predators,30,189.5,152.89999999999998,214.2
90,2030,Prey,30,595,520.1999999999999,663.5999999999999
90,2040,Predators,30,191.5,153.9,222.2
90,2040,Prey,30,418,349.5,485.30000000000007
90,2050,Predators,30,193,155,219.6
90,2050,Prey,30,297,242.6,362
90,2060,Predators,30,194,161.60000000000002,222.2
90,2060,Prey,30,208,156.9,267.20000000000005
90,2070,Predators,30,193.5,161.60000000000002,220.3
90,2070,Prey,30,148,104.30000000000001,182.90000000000003
90,2080,Predators,30,187.5,161.4,214.5
90,2080,Prey,30,105.5,63.9,145
90,2090,Predators,30,148,130.9,174.5
90,2090,Prey,30,74,48,96.70000000000002
90,2100,Predators,30,131,112.4,149.10000000000002
90,2100,Prey,30,56,34.800000000000004,76.2
90,2110,Predators,30,107,90,125
90,2110,Prey,30,38.5,26.800000000000004,58.300000000000004
90,2120,Predators,30,83,70.9,100.1
90,2120,Prey,30,34.5,19.8,49
90,2130,Predators,30,65.5,50.900000000000006,82.2
90,2130,Prey,30,28.5,16,45
90,2140,Predators,30,49.5,37.7,63.1
90,2140,Prey,30,27,15.600000000000001,45
90,2150,Predators,30,37.5,25.8,46.1
90,2150,Prey,30,26,11.9,44.1
90,2160,Predators,30,27,16,31.200000000000003
90,2160,Prey,30,25.5,9.8,41.2
90,2170,Predators,30,16.5,8.9,22.1
90,2170,Prey,30,22,9,43.50000000000001
90,2180,Predators,30,11.5,5,15.100000000000001
90,2180,Prey,30,20,9.9,42.60000000000001
90,2182,Predators,1,0,0,0
90,2182,Prey,1,16,16,16
90,2190,Predators,29,7,4,12
90,2190,Prey,29,21,9.8,41.99999999999999
90,2200,Predators,29,5,2,8.2
90,2200,Prey,29,22,10,43.39999999999999
90,2201,Predators,1,0,0,0
90,2201,Prey,1,26,26,26
90,2210,Predators,28,4,2,6
90,2210,Prey,28,21,10,45.6
90,2212,Predators,1,0,0,0
90,2212,Prey,1,36,36,36
90,2220,Predators,27,2,1,5
90,2220,Prey,27,20,10,46
90,2225,Predators,2,0,0,0
90,2225,Prey,2,9,8.2,9.8
90,2227,Predators,2,0,0,0
90,2227,Prey,2,17,16.2,17.8
90,2228,Predators,1,0,0,0
90,2228,Prey,1,45,45,45
90,2230,Predators,22,2,1,3.900000000000002
90,2230,Prey,22,24,17.1,50
90,2231,Predators,2,0,0,0
90,2231,Prey,2,19.5,19.1,19.900000000000002
90,2232,Predators,1,0,0,0
90,2232,Prey,1,19,19,19
90,2234,Predators,2,0,0,0
90,2234,Prey,2,18.5,17.3,19.700000000000003
90,2235,Predators,1,0,0,0
90,2235,Prey,1,49,49,49
90,2237,Predators,1,0,0,0
90,2237,Prey,1,30,30,30
90,2239,Predators,2,0,0,0
90,2239,Prey,2,36.5,23.300000000000004,49.699999999999996
90,2240,Predators,13,2,1,3.8000000000000007
90,2240,Prey,13,41,15.200000000000001,57.000000000000014
90,2243,Predators,1,0,0,0
90,2243,Prey,1,27,27,27
90,2244,Predators,1,0,0,0
90,2244,Prey,1,14,14,14
90,2245,Predators,1,0,0,0
90,2245,Prey,1,48,48,48
90,2246,Predators,1,0,0,0
90,2246,Prey,1,20,20,20
90,2250,Predators,8,1,1,2.3
90,2250,Prey,8,51.5,27.2,63.9
90,2252,Predators,1,0,0,0
90,2252,Prey,1,23,23,23
90,2254,Predators,1,0,0,0
90,2254,Prey,1,49,49,49
90,2257,Predators,1,0,0,0
90,2257,Prey,1,46,46,46
90,2258,Predators,1,0,0,0
90,2258,Prey,1,61,61,61
90,2260,Predators,4,1.5,1,2
90,2260,Prey,4,57,38.2,77.2
90,2261,Predators,1,0,0,0
90,2261,Prey,1,86,86,86
90,2268,Predators,1,0,0,0
90,2268,Prey,1,62,62,62
90,2270,Predators,2,1.5,1.1,1.9
90,2270,Prey,2,45,36.2,53.8
90,2280,Predators,2,1.5,1.1,1.9
90,2280,Prey,2,45.5,39.5,51.5
90,2281,Predators,1,0,0,0
90,2281,Prey,1,53,53,53
90,2290,Predators,1,1,1,1
90,2290,Prey,1,38,38,38
90,2300,Predators,1,1,1,1
90,2300,Prey,1,33,33,33
90,2310,Predators,1,1,1,1
90,2310,Prey,1,36,36,36
90,2320,Predators,1,1,1,1
90,2320,Prey,1,36,36,36
90,2330,Predators,1,1,1,1
90,2330,Prey,1,36,36,36
90,2340,Predators,1,1,1,1
90,2340,Prey,1,35,35,35
90,2350,Predators,1,1,1,1
90,2350,Prey,1,34,34,34
90,2360,Predators,1,1,1,1
90,2360,Prey,1,34,34,34
90,2370,Predators,1,1,1,1
90,2370,Prey,1,33,33,33
90,2374,Predators,1,0,0,0
90,2374,Prey,1,32,32,32
95,0,Predators,30,10,10,10
95,0,Prey,30,100,100,100
95,10,Predators,30,10,10,10
95,10,Prey,30,109,105,113.10000000000001
95,20,Predators,30,10,10,11
95,20,Prey,30,140.5,131.9,149.4
95,30,Predators,30,10,10,11
95,30,Prey,30,199.5,181.9,210.70000000000002
95,40,Predators,30,10,10,11
95,40,Prey,30,285,260.4,307.3
95,50,Predators,30,10,10,11.100000000000001
95,50,Prey,30,406,374.4,446.1
95,60,Predators,30,10,10,11.100000000000001
95,60,Prey,30,579.5,532.8000000000001,635.4000000000001
95,70,Predators,30,10.5,10,12
95,70,Prey,30,824,744,904.4
95,80,Predators,30,8,6,10.100000000000001
95,80,Prey,30,1164.5,1039.7,1256.1000000000001
95,90,Predators,30,8,6,10.100000000000001
95,90,Prey,30,1603,1428.3000000000002,1717.9
95,100,Predators,30,8,6,10.100000000000001
95,100,Prey,30,2200,2006.6000000000001,2359.4
95,110,Predators,30,9,6,11
95,110,Prey,30,2956,2744,3182.6000000000004
95,120,Predators,30,9,6.9,11.100000000000001
95,120,Prey,30,3924,3585.8,4200.4000000000005
95,130,Predators,30,9,6.9,12.300000000000004
95,130,Prey,30,5079,4649.6,5414.3
95,140,Predators,30,9.5,7.9,13.200000000000003
95,140,Prey,30,6390,5915.5,6719.8
95,150,Predators,30,10,7.9,16
95,150,Prey,30,7747.5,7252,8163.4
95,160,Predators,30,11,7.9,16.1
95,160,Prey,30,9087,8555.1,9555
95,170,Predators,30,11,7,17
95,170,Prey,30,10317.5,9829.1,10891.300000000001
95,180,Predators,30,11,7,17.1
95,180,Prey,30,11462.5,10994.4,11955.6
95,190,Predators,30,12.5,7.9,17.1
95,190,Prey,30,12322,11868.4,12695
95,200,Predators,30,13,7.9,18
95,200,Prey,30,12872,12591.5,13183.9
95,210,Predators,30,13,7.9,19
95,210,Prey,30,13177,12895.6,13396.2
95,220,Predators,30,13,7.9,20
95,220,Prey,30,13219.5,13009.9,13414.599999999999
95,230,Predators,30,13.5,8,20.1
95,230,Prey,30,13092,12920.9,13314.699999999999
95,240,Predators,30,14,8.9,20.300000000000004
95,240,Prey,30,12879.5,12573.8,13073.3
95,250,Predators,30,14.5,9,21.300000000000004
95,250,Prey,30,12564,12256.4,12743.1
95,260,Predators,30,15,9,24
95,260,Prey,30,12150,11847.300000000001,12357
95,270,Predators,30,15,9.9,24.200000000000003
95,270,Prey,30,11673.5,11434.3,11901.5
95,280,Predators,30,16,10,26
95,280,Prey,30,11211,10951.300000000001,11421.9
95,290,Predators,30,16.5,10,25.200000000000003
95,290,Prey,30,10658.5,10440.6,10897.4
95,300,Predators,30,16.5,10.9,25.300000000000004
95,300,Prey,30,10103.5,9847.1,10354.6
95,310,Predators,30,16.5,10.8,26.200000000000003
95,310,Prey,30,9524,9288.1,9772.4
95,320,Predators,30,17,10.9,27.300000000000004
95,320,Prey,30,8930,8700.1,9248.300000000001
95,330,Predators,30,18,10.9,30
95,330,Prey,30,8384.5,8185,8604
95,340,Predators,30,19,11,31
95,340,Prey,30,7834.5,7613.4000000000005,8075.4
95,350,Predators,30,19,12,32.1
95,350,Prey,30,7285,7053.1,7478
95,360,Predators,30,20,11.9,33
95,360,Prey,30,6751,6504.6,6946.1
95,370,Predators,30,20,12,34
95,370,Prey,30,6204,5970.1,6442.5
95,380,Predators,30,20,12.9,34.1
95,380,Prey,30,5703,5455.8,5914.2
95,390,Predators,30,21.5,13.8,33.1
95,390,Prey,30,5217.5,5002.3,5446
95,400,Predators,30,22,13.8,34.2
95,400,Prey,30,4771.5,4531.3,4944.1
95,410,Predators,30,21,13.8,34.300000000000004
95,410,Prey,30,4314.5,4143.6,4476.8
95,420,Predators,30,22,13.8,36.1
95,420,Prey,30,3916.5,3751.2,4125.4000000000005
95,430,Predators,30,22.5,13.8,36.1
95,430,Prey,30,3539,3370.6,3712.1
95,440,Predators,30,23,14.8,36.2
95,440,Prey,30,3197.5,3006.9,3334.2
95,450,Predators,30,23.5,14.8,36.300000000000004
95,450,Prey,30,2884,2726.1000000000004,3018.3999999999996
95,460,Predators,30,23,14,37.2
95,460,Prey,30,2589.5,2452.3,2751.4
95,470,Predators,30,24,13.9,37
95,470,Prey,30,2328.5,2163.8,2460.7
95,480,Predators,30,24.5,14,37
95,480,Prey,30,2103.5,1927.2,2209.4
95,490,Predators,30,25.5,14,38.1
95,490,Prey,30,1904,1734.4,1983.5
95,500,Predators,30,25.5,14,38.2
95,500,Prey,30,1733,1551.2,1822.1000000000001
95,510,Predators,30,27,14.9,40.1
95,510,Prey,30,1558.5,1373.7,1646.8000000000002
95,520,Predators,30,28,15.9,41.1
95,520,Prey,30,1415.5,1260,1501.5
95,530,Predators,30,28,15.8,41
95,530,Prey,30,1298.5,1151.5,1379.6000000000001
95,540,Predators,30,28.5,15,41.1
95,540,Prey,30,1182.5,1050.5,1286.1000000000001
95,550,Predators,30,29.5,14.9,42.1
95,550,Prey,30,1088.5,967.4,1185.3000000000002
95,560,Predators,30,31.5,14.9,43
95,560,Prey,30,997,874.6,1103.6000000000001
95,570,Predators,30,31.5,15.8,44.1
95,570,Prey,30,926.5,823.6,1041
95,580,Predators,30,31.5,16.700000000000003,45
95,580,Prey,30,867,770.3000000000001,959.9000000000001
95,590,Predators,30,32,15.700000000000001,45.1
95,590,Prey,30,813.5,735.2,917.7
95,600,Predators,30,32,16.700000000000003,46
95,600,Prey,30,769,703.4,874.4000000000001
95,610,Predators,30,31.5,15.8,48
95,610,Prey,30,736,670.8,828.1000000000001
95,620,Predators,30,31.5,14.9,48.1
95,620,Prey,30,705,649.3,816.6
95,630,Predators,30,31.5,15.9,49
95,630,Prey,30,680.5,617.8000000000001,793.8000000000001
95,640,Predators,30,32.5,16.8,51.1
95,640,Prey,30,668,602.6999999999999,769.9
95,650,Predators,30,33.5,16.9,50
95,650,Prey,30,663,603.8000000000001,762.1
95,660,Predators,30,33.5,17.9,51.1
95,660,Prey,30,657.5,606.8000000000001,748.7
95,670,Predators,30,32.5,17.8,50.2
95,670,Prey,30,663.5,615.8000000000001,753.5
95,680,Predators,30,32,16.9,51.300000000000004
95,680,Prey,30,691,626.5,761.4
95,690,Predators,30,32.5,16,51.2
95,690,Prey,30,714.5,644.7,781.2
95,700,Predators,30,32.5,16,54
95,700,Prey,30,762,691.9,813.0000000000001
95,710,Predators,30,33,17,55
95,710,Prey,30,817,725.5,878.5
95,720,Predators,30,34,17,54.1
95,720,Prey,30,874,789.7,946.2
95,730,Predators,30,33.5,17.9,55
95,730,Prey,30,963,858.6999999999999,1045.4
95,740,Predators,30,34,18.900000000000002,56.1
95,740,Prey,30,1075,971.5,1179.1
95,750,Predators,30,35,19,57.1
95,750,Prey,30,1194.5,1077.7,1325
95,760,Predators,30,34.5,19.9,56.1
95,760,Prey,30,1363.5,1193.7,1488.6000000000001
95,770,Predators,30,35,19.9,58.1
95,770,Prey,30,1540,1331.8,1686.1000000000001
95,780,Predators,30,36.5,20.9,58.300000000000004
95,780,Prey,30,1746,1519.9,1922.3000000000002
95,790,Predators,30,38,20.9,60.60000000000001
95,790,Prey,30,1991.5,1728.8,2171.1000000000004
95,800,Predators,30,39,21.8,61.70000000000001
95,800,Prey,30,2222.5,1958.3,2479.4000000000005
95,810,Predators,30,40,21.8,65.70000000000002
95,810,Prey,30,2498,2205.6,2791.0000000000005
95,820,Predators,30,42.5,22.700000000000003,66.80000000000001
95,820,Prey,30,2784,2466.9,3122.4000000000005
95,830,Predators,30,43,23.9,67.9
95,830,Prey,30,3074.5,2746,3452.6000000000004
95,840,Predators,30,46,25.700000000000003,68.80000000000001
95,840,Prey,30,3388.5,3102.3999999999996,3769.1000000000004
95,850,Predators,30,47.5,26.6,71.60000000000001
95,850,Prey,30,3669,3435,4112.8
95,860,Predators,30,49,26.700000000000003,72.70000000000002
95,860,Prey,30,3939.5,3728.5,4435.9000000000005
95,870,Predators,30,50,27.700000000000003,72.9
95,870,Prey,30,4195,3972.8,4699.200000000001
95,880,Predators,30,50.5,27.700000000000003,74.80000000000001
95,880,Prey,30,4468.5,4138.9,4866
95,890,Predators,30,53,27.8,76.80000000000001
95,890,Prey,30,4647,4274.8,4967.5
95,900,Predators,30,54,29.700000000000003,79.4
95,900,Prey,30,4738.5,4418.8,5024.9
95,910,Predators,30,54,29,78.5
95,910,Prey,30,4771.5,4394.7,5028.7
95,920,Predators,30,53,29.9,76.60000000000001
95,920,Prey,30,4745.5,4371.9000000000005,4958.9000000000005
95,930,Predators,30,53.5,31,78.9
95,930,Prey,30,4646.5,4346.6,4868.700000000001
95,940,Predators,30,54.5,34.900000000000006,80.70000000000002
95,940,Prey,30,4548.5,4280.2,4702.1
95,950,Predators,30,58,34,79.10000000000002
95,950,Prey,30,4369,4087.7999999999997,4547.3
95,960,Predators,30,58,34.800000000000004,82.70000000000002
95,960,Prey,30,4174,3886.6,4390
95,970,Predators,30,59.5,35.8,81.90000000000002
95,970,Prey,30,3952,3673.9,4195.8
95,980,Predators,30,62,35,82.80000000000001
95,980,Prey,30,3728.5,3467.2,3946.9
95,990,Predators,30,63,34.900000000000006,86.70000000000002
95,990,Prey,30,3465,3209.5,3699.8999999999996
95,1000,Predators,30,65,36.9,86.60000000000001
95,1000,Prey,30,3234,2993.2,3478.8
95,1010,Predators,30,65,37.900000000000006,84.80000000000001
95,1010,Prey,30,3017.5,2793.7,3225
95,1020,Predators,30,64,37.7,86.5
95,1020,Prey,30,2839,2613,3018.4
95,1030,Predators,30,65.5,38.6,85.80000000000001
95,1030,Prey,30,2655,2431.2000000000003,2826
95,1040,Predators,30,66.5,40.6,89.60000000000002
95,1040,Prey,30,2457,2223,2656
95,1050,Predators,30,67,41.599999999999994,89.60000000000002
95,1050,Prey,30,2274.5,2036.5,2478.6
95,1060,Predators,30,66.5,41.699999999999996,88.70000000000002
95,1060,Prey,30,2109,1873.6,2314.3
95,1070,Predators,30,67.5,44.2,89.70000000000002
95,1070,Prey,30,1953,1742,2163.7
95,1080,Predators,30,69.5,46.400000000000006,92
95,1080,Prey,30,1821,1605.6000000000001,2023.2
95,1090,Predators,30,71,46.400000000000006,92.4
95,1090,Prey,30,1692.5,1475.1,1890.1
95,1100,Predators,30,73,45.400000000000006,94.4
95,1100,Prey,30,1578.5,1376.6000000000001,1779.3
95,1110,Predators,30,73,46.5,94.80000000000001
95,1110,Prey,30,1475,1273.1999999999998,1690.3
95,1120,Predators,30,74,47.300000000000004,97.60000000000002
95,1120,Prey,30,1388.5,1175.8999999999999,1584.3
95,1130,Predators,30,74,48.4,98.80000000000001
95,1130,Prey,30,1305.5,1107.6000000000001,1500.0000000000002
95,1140,Predators,30,74.5,49.5,98.80000000000001
95,1140,Prey,30,1241,1030.2,1431.2000000000003
95,1150,Predators,30,76,49.5,97.10000000000002
95,1150,Prey,30,1186,1002.1,1359.2000000000003
95,1160,Predators,30,78,50.2,98.80000000000001
95,1160,Prey,30,1139.5,955.2,1318
95,1170,Predators,30,77,52.1,106.2
95,1170,Prey,30,1084.5,939.3,1279.6
95,1180,Predators,30,76.5,53.00000000000001,106.4
95,1180,Prey,30,1051.5,937.2,1232.7
95,1190,Predators,30,76.5,53.10000000000001,106.1
95,1190,Prey,30,1017,908.7,1206.8999999999999
95,1200,Predators,30,76.5,53.10000000000001,107.1
95,1200,Prey,30,997.5,900,1185.1000000000001
95,1210,Predators,30,77,53.10000000000001,109
95,1210,Prey,30,987,892.5999999999999,1164.1000000000001
95,1220,Predators,30,78.5,54.10000000000001,107.4
95,1220,Prey,30,981,884,1159.3999999999999
95,1230,Predators,30,79.5,54.10000000000001,108.60000000000001
95,1230,Prey,30,987,881.0999999999999,1174.3000000000002
95,1240,Predators,30,78.5,54.300000000000004,111.19999999999999
95,1240,Prey,30,1003,883.2,1179.3000000000002
95,1250,Predators,30,79.5,56.2,109.70000000000002
95,1250,Prey,30,1015.5,910.1,1201.4
95,1260,Predators,30,81,55.6,112.4
95,1260,Prey,30,1047.5,941.5,1224.9
95,1270,Predators,30,82.5,56.6,113.50000000000001
95,1270,Prey,30,1093.5,960.5,1256.8000000000002
95,1280,Predators,30,84.5,56.9,114.60000000000001
95,1280,Prey,30,1141,1040.2,1317
95,1290,Predators,30,84.5,56.8,116.30000000000001
95,1290,Prey,30,1217.5,1080.4,1405.8
95,1300,Predators,30,85.5,58.7,118.2
95,1300,Prey,30,1287.5,1131.9,1492.4
95,1310,Predators,30,88,58.800000000000004,119.19999999999999
95,1310,Prey,30,1373,1233.2,1576.1
95,1320,Predators,30,89,59,119.6
95,1320,Prey,30,1490.5,1301.1,1685.4
95,1330,Predators,30,90.5,58.900000000000006,118.70000000000002
95,1330,Prey,30,1616.5,1421.3999999999999,1791.4
95,1340,Predators,30,91.5,59.7,123.3
95,1340,Prey,30,1768,1549.3,1963.6
95,1350,Predators,30,94,60.7,123.4
95,1350,Prey,30,1897,1669.4,2104.8
95,1360,Predators,30,97,64.3,125.20000000000002
95,1360,Prey,30,2063,1817.3000000000002,2284.6000000000004
95,1370,Predators,30,98,63.6,126.30000000000001
95,1370,Prey,30,2218.5,1986.7,2495.8
95,1380,Predators,30,100.5,68.1,125.60000000000002
95,1380,Prey,30,2406.5,2122.5,2744.3999999999996
95,1390,Predators,30,102.5,68.7,124.9
95,1390,Prey,30,2576,2263.5,2995.2000000000003
95,1400,Predators,30,104,70.7,128.8
95,1400,Prey,30,2754.5,2450.4,3174
95,1410,Predators,30,105.5,75.30000000000001,132.60000000000002
95,1410,Prey,30,2926,2614.5,3413
95,1420,Predators,30,107.5,76.1,135.2
95,1420,Prey,30,3103,2766.2000000000003,3587.3
95,1430,Predators,30,109.5,80.7,138.3
95,1430,Prey,30,3282.5,2917.7999999999997,3806.6
95,1440,Predators,30,112,85.2,143
95,1440,Prey,30,3449,3062.6000000000004,3990.9
95,1450,Predators,30,114,86.5,146.10000000000002
95,1450,Prey,30,3590.5,3173.2000000000003,4105.700000000001
95,1460,Predators,30,115.5,88.3,148.1
95,1460,Prey,30,3665.5,3254.7999999999997,4143.3
95,1470,Predators,30,113.5,90.10000000000001,145.8
95,1470,Prey,30,3748,3351.7,4129.200000000001
95,1480,Predators,30,117.5,90.9,144.9
95,1480,Prey,30,3777.5,3385.7000000000003,4104.6
95,1490,Predators,30,118.5,91.9,149.20000000000002
95,1490,Prey,30,3779.5,3375.6,4024.1
95,1500,Predators,30,120,92.10000000000001,151.6
95,1500,Prey,30,3769,3431.9,4001.3999999999996
95,1510,Predators,30,120.5,96,150.9
95,1510,Prey,30,3755,3387.5,3895.2
95,1520,Predators,30,122,95.20000000000002,151.6
95,1520,Prey,30,3700.5,3329.5,3854.6000000000004
95,1530,Predators,30,122.5,92.50000000000001,153.4
95,1530,Prey,30,3594,3257.1,3806.3
95,1540,Predators,30,124,93.6,153.3
95,1540,Prey,30,3476,3148.1,3731.5
95,1550,Predators,30,127,97.9,156.1
95,1550,Prey,30,3341.5,3042.5,3627.7
95,1560,Predators,30,126,96.70000000000002,157.20000000000002
95,1560,Prey,30,3213,2921.7,3508.1
95,1570,Predators,30,125.5,95.80000000000001,155.5
95,1570,Prey,30,3040.5,2801.5,3391.3
95,1580,Predators,30,126.5,96.80000000000001,157.60000000000002
95,1580,Prey,30,2881,2657.8999999999996,3259.2999999999997
95,1590,Predators,30,127,95.80000000000001,160.5
95,1590,Prey,30,2752.5,2522.9,3119.8
95,1600,Predators,30,128,97.6,158.7
95,1600,Prey,30,2612.5,2383,3005.6
95,1610,Predators,30,131,97.5,160.4
95,1610,Prey,30,2497,2253,2906
95,1620,Predators,30,130.5,96.50000000000001,162.3
95,1620,Prey,30,2380.5,2136.2,2781.1
95,1630,Predators,30,130,98.7,159.6
95,1630,Prey,30,2277,2028.2,2652.8999999999996
95,1640,Predators,30,132,96,159.7
95,1640,Prey,30,2168.5,1906.2,2509.9
95,1650,Predators,30,132.5,95.20000000000002,159.4
95,1650,Prey,30,2070.5,1822.8,2388.5
95,1660,Predators,30,134,94.5,162.10000000000002
95,1660,Prey,30,1995.5,1750.1,2278.4
95,1670,Predators,30,134.5,95.50000000000001,162
95,1670,Prey,30,1944,1648.3000000000002,2160.2000000000003
95,1680,Predators,30,134,96.4,161.3
95,1680,Prey,30,1861,1538.7,2101
95,1690,Predators,30,133,97.4,157.70000000000002
95,1690,Prey,30,1757.5,1437.7,2047.5
95,1700,Predators,30,136,96.4,156.4
95,1700,Prey,30,1659.5,1355.8000000000002,1963
95,1710,Predators,30,132.5,101,158.5
95,1710,Prey,30,1594.5,1306.7,1904.6
95,1720,Predators,30,133,101.1,158
95,1720,Prey,30,1533,1259.8,1838.5
95,1730,Predators,30,134.5,103.00000000000001,160.1
95,1730,Prey,30,1466.5,1218.1,1807.4
95,1740,Predators,30,134.5,102.10000000000001,160
95,1740,Prey,30,1426,1189,1769.6
95,1750,Predators,30,137,99.2,162
95,1750,Prey,30,1391.5,1178.9,1714.8
95,1760,Predators,30,138,100.4,163.2
95,1760,Prey,30,1366,1154.3000000000002,1658.4
95,1770,Predators,30,137.5,102.60000000000001,163.1
95,1770,Prey,30,1345.5,1122.2,1620
95,1780,Predators,30,137.5,102.80000000000001,165
95,1780,Prey,30,1332.5,1128.3,1586.6
95,1790,Predators,30,139,103.9,164.2
95,1790,Prey,30,1319,1132.8000000000002,1566.7
95,1800,Predators,30,140,105,165
95,1800,Prey,30,1341,1123.2,1547.3000000000002
95,1810,Predators,30,138.5,104.2,164.2
95,1810,Prey,30,1343.5,1159.3999999999999,1546.7
95,1820,Predators,30,140.5,103.6,162.40000000000003
95,1820,Prey,30,1376.5,1186.3000000000002,1550.6999999999998
95,1830,Predators,30,140.5,101,165.20000000000002
95,1830,Prey,30,1396.5,1211.4,1542.2
95,1840,Predators,30,140,101,162.90000000000003
95,1840,Prey,30,1429.5,1224,1550.1
95,1850,Predators,30,142.5,101,163.9
95,1850,Prey,30,1456.5,1264.6,1570.3
95,1860,Predators,30,142,100,162.60000000000002
95,1860,Prey,30,1528,1268.8,1611.6000000000001
95,1870,Predators,30,142.5,102.89999999999999,162.60000000000002
95,1870,Prey,30,1548,1321.1,1671.7
95,1880,Predators,30,143.5,105.89999999999999,164.60000000000002
95,1880,Prey,30,1596,1373.1,1738.8000000000002
95,1890,Predators,30,146,112.30000000000001,164.70000000000002
95,1890,Prey,30,1647,1440.3,1843.2000000000003
95,1900,Predators,30,149.5,113.4,167.7
95,1900,Prey,30,1721,1520.9,2011.4
95,1910,Predators,30,148.5,115.5,171.4
95,1910,Prey,30,1787,1600.3000000000002,2126.2000000000003
95,1920,Predators,30,151,113.8,174.5
95,1920,Prey,30,1874.5,1654.8999999999999,2214.8
95,1930,Predators,30,153.5,113.8,172.5
95,1930,Prey,30,1938,1751.8000000000002,2292.5000000000005
95,1940,Predators,30,152,111.8,172.3
95,1940,Prey,30,2030,1799.9,2376.1000000000004
95,1950,Predators,30,153,113.8,171.1
95,1950,Prey,30,2142,1899.6,2470.3
95,1960,Predators,30,154.5,118.69999999999999,170.50000000000003
95,1960,Prey,30,2241.5,2020.8000000000002,2587.3
95,1970,Predators,30,159,119.6,174.2
95,1970,Prey,30,2336,2100.8,2709
95,1980,Predators,30,160.5,119.8,174.5
95,1980,Prey,30,2439,2162.4,2844.3
95,1990,Predators,30,158.5,121.7,176.60000000000002
95,1990,Prey,30,2527.5,2269.3,2997.1000000000004
95,2000,Predators,30,159.5,123.7,182.1
95,2000,Prey,30,2629,2379.7,3143.4
95,2010,Predators,30,176.5,137.9,198.39999999999998
95,2010,Prey,30,1567,1421.8,1921.5
95,2020,Predators,30,185,146,210.20000000000002
95,2020,Prey,30,491,444,574.0999999999999
95,2030,Predators,30,188.5,148.9,213.4
95,2030,Prey,30,315.5,279,356.3
95,2040,Predators,30,186,151.70000000000002,217.10000000000002
95,2040,Prey,30,204,170.9,245.10000000000002
95,2050,Predators,30,184.5,154.6,219
95,2050,Prey,30,126.5,102.89999999999999,170.20000000000002
95,2060,Predators,30,184,153.9,214.29999999999998
95,2060,Prey,30,87.5,63.400000000000006,118.70000000000002
95,2070,Predators,30,180.5,153.5,209.4
95,2070,Prey,30,55,36.9,84.10000000000001
95,2080,Predators,30,170.5,139,194.50000000000003
95,2080,Prey,30,36.5,21.8,61.1
95,2090,Predators,30,106,89.6,123
95,2090,Prey,30,25,13.8,44.300000000000004
95,2100,Predators,30,82.5,67.7,95.1
95,2100,Prey,30,19,9,37.1
95,2110,Predators,30,62.5,50.800000000000004,71.1
95,2110,Prey,30,14.5,7.600000000000001,28.1
95,2120,Predators,30,44,37.800000000000004,56.1
95,2120,Prey,30,11,5,26.1
95,2130,Predators,30,30.5,22.800000000000004,38.1
95,2130,Prey,30,9.5,3.9000000000000004,24
95,2140,Predators,30,20,15.700000000000001,27
95,2140,Prey,30,9,2.9000000000000004,25.200000000000003
95,2150,Predators,30,14,6.9,17
95,2150,Prey,30,8.5,2.9000000000000004,23.500000000000007
95,2151,Predators,1,17,17,17
95,2151,Prey,1,0,0,0
95,2156,Predators,1,6,6,6
95,2156,Prey,1,0,0,0
95,2160,Predators,28,9,2.7,12
95,2160,Prey,28,7,2,24.100000000000005
95,2167,Predators,1,0,0,0
95,2167,Prey,1,12,12,12
95,2170,Predators,27,4,1,8.400000000000002
95,2170,Prey,27,5,1.6,25.60000000000002
95,2171,Predators,1,0,0,0
95,2171,Prey,1,32,32,32
95,2179,Predators,1,0,0,0
95,2179,Prey,1,2,2,2
95,2180,Predators,25,2,1,5.600000000000001
95,2180,Prey,25,5,1,20.800000000000004
95,2185,Predators,1,0,0,0
95,2185,Prey,1,27,27,27
95,2186,Predators,3,0,0,0
95,2186,Prey,3,17,7.3999999999999995,35.4
95,2190,Predators,21,2,1,4
95,2190,Prey,21,5,1,16
95,2192,Predators,1,0,0,0
95,2192,Prey,1,7,7,7
95,2194,Predators,2,0.5,0.10000000000000009,0.8999999999999999
95,2194,Prey,2,9.5,1.9000000000000017,17.099999999999998
95,2197,Predators,1,0,0,0
95,2197,Prey,1,5,5,5
95,2198,Predators,1,0,0,0
95,2198,Prey,1,7,7,7
95,2200,Predators,15,2,1,3.5999999999999996
95,2200,Prey,15,5,1,15.799999999999999
95,2201,Predators,1,0,0,0
95,2201,Prey,1,3,3,3
95,2205,Predators,1,0,0,0
95,2205,Prey,1,7,7,7
95,2206,Predators,1,0,0,0
95,2206,Prey,1,1,1,1
95,2207,Predators,1,0,0,0
95,2207,Prey,1,1,1,1
95,2209,Predators,1,0,0,0
95,2209,Prey,1,15,15,15
95,2210,Predators,10,1.5,0.8999999999999999,2.0999999999999996
95,2210,Prey,10,6,1,16.299999999999997
95,2220,Predators,9,1,1,2.1999999999999993
95,2220,Prey,9,8,1,15.799999999999997
95,2221,Predators,1,0,0,0
95,2221,Prey,1,1,1,1
95,2222,Predators,1,0,0,0
95,2222,Prey,1,9,9,9
95,2223,Predators,1,0,0,0
95,2223,Prey,1,4,4,4
95,2230,Predators,6,1,0.5,2
95,2230,Prey,6,10.5,2.5,18.5
95,2233,Predators,1,0,0,0
95,2233,Prey,1,4,4,4
95,2234,Predators,1,0,0,0
95,2234,Prey,1,8,8,8
95,2240,Predators,3,1,1,1
95,2240,Prey,3,14,14,20.4
95,2250,Predators,3,1,1,1
95,2250,Prey,3,16,11.2,20
95,2260,Predators,3,1,1,1
95,2260,Prey,3,22,10.799999999999999,22
95,2262,Predators,1,0,0,0
95,2262,Prey,1,22,22,22
95,2263,Predators,1,0,0,0
95,2263,Prey,1,8,8,8
95,2270,Predators,1,1,1,1
95,2270,Prey,1,20,20,20
95,2277,Predators,1,0,0,0
95,2277,Prey,1,20,20,20
100,0,Predators,30,10,10,10
100,0,Prey,30,100,100,100
100,10,Predators,30,10,10,10
100,10,Prey,30,109,105,113.10000000000001
100,20,Predators,30,10,10,11
100,20,Prey,30,140.5,131.9,149.4
100,30,Predators,30,10,10,11
100,30,Prey,30,199.5,181.9,210.70000000000002
100,40,Predators,30,10,10,11
100,40,Prey,30,285,260.4,307.3
100,50,Predators,30,10,10,11.100000000000001
100,50,Prey,30,406,374.4,446.1
100,60,Predators,30,10,10,11.100000000000001
100,60,Prey,30,579.5,532.8000000000001,635.4000000000001
100,70,Predators,30,10.5,10,12
100,70,Prey,30,824,744,904.4
100,80,Predators,30,8,6,10.100000000000001
100,80,Prey,30,1164.5,1039.7,1256.1000000000001
100,90,Predators,30,8,6,10.100000000000001
100,90,Prey,30,1603,1428.3000000000002,1717.9
100,100,Predators,30,8,6,10.100000000000001
100,100,Prey,30,2200,2006.6000000000001,2359.4
100,110,Predators,30,9,6,11
100,110,Prey,30,2956,2744,3182.6000000000004
100,120,Predators,30,9,6.9,11.100000000000001
100,120,Prey,30,3924,3585.8,4200.4000000000005
100,130,Predators,30,9,6.9,12.300000000000004
100,130,Prey,30,5079,4649.6,5414.3
100,140,Predators,30,9.5,7.9,13.200000000000003
100,140,Prey,30,6390,5915.5,6719.8
100,150,Predators,30,10,7.9,16
100,150,Prey,30,7747.5,7252,8163.4
100,160,Predators,30,11,7.9,16.1
100,160,Prey,30,9087,8555.1,9555
100,170,Predators,30,11,7,17
100,170,Prey,30,10317.5,9829.1,10891.300000000001
100,180,Predators,30,11,7,17.1
100,180,Prey,30,11462.5,10994.4,11955.6
100,190,Predators,30,12.5,7.9,17.1
100,190,Prey,30,12322,11868.4,12695
100,200,Predators,30,13,7.9,18
100,200,Prey,30,12872,12591.5,13183.9
100,210,Predators,30,13,7.9,19
100,210,Prey,30,13177,12895.6,13396.2
100,220,Predators,30,13,7.9,20
100,220,Prey,30,13219.5,13009.9,13414.599999999999
100,230,Predators,30,13.5,8,20.1
100,230,Prey,30,13092,12920.9,13314.699999999999
100,240,Predators,30,14,8.9,20.300000000000004
100,240,Prey,30,12879.5,12573.8,13073.3
100,250,Predators,30,14.5,9,21.300000000000004
100,250,Prey,30,12564,12256.4,12743.1
100,260,Predators,30,15,9,24
100,260,Prey,30,12150,11847.300000000001,12357
100,270,Predators,30,15,9.9,24.200000000000003
100,270,Prey,30,11673.5,11434.3,11901.5
100,280,Predators,30,16,10,26
100,280,Prey,30,11211,10951.300000000001,11421.9
100,290,Predators,30,16.5,10,25.200000000000003
100,290,Prey,30,10658.5,10440.6,10897.4
100,300,Predators,30,16.5,10.9,25.300000000000004
100,300,Prey,30,10103.5,9847.1,10354.6
100,310,Predators,30,16.5,10.8,26.200000000000003
100,310,Prey,30,9524,9288.1,9772.4
100,320,Predators,30,17,10.9,27.300000000000004
100,320,Prey,30,8930,8700.1,9248.300000000001
100,330,Predators,30,18,10.9,30
100,330,Prey,30,8384.5,8185,8604
100,340,Predators,30,19,11,31
100,340,Prey,30,7834.5,7613.4000000000005,8075.4
100,350,Predators,30,19,12,32.1
100,350,Prey,30,7285,7053.1,7478
100,360,Predators,30,20,11.9,33
100,360,Prey,30,6751,6504.6,6946.1
100,370,Predators,30,20,12,34
100,370,Prey,30,6204,5970.1,6442.5
100,380,Predators,30,20,12.9,34.1
100,380,Prey,30,5703,5455.8,5914.2
100,390,Predators,30,21.5,13.8,33.1
100,390,Prey,30,5217.5,5002.3,5446
100,400,Predators,30,22,13.8,34.2
100,400,Prey,30,4771.5,4531.3,4944.1
100,410,Predators,30,21,13.8,34.300000000000004
100,410,Prey,30,4314.5,4143.6,4476.8
100,420,Predators,30,22,13.8,36.1
100,420,Prey,30,3916.5,3751.2,4125.4000000000005
100,430,Predators,30,22.5,13.8,36.1
100,430,Prey,30,3539,3370.6,3712.1
100,440,Predators,30,23,14.8,36.2
100,440,Prey,30,3197.5,3006.9,3334.2
100,450,Predators,30,23.5,14.8,36.300000000000004
100,450,Prey,30,2884,2726.1000000000004,3018.3999999999996
100,460,Predators,30,23,14,37.2
100,460,Prey,30,2589.5,2452.3,2751.4
100,470,Predators,30,24,13.9,37
100,470,Prey,30,2328.5,2163.8,2460.7
100,480,Predators,30,24.5,14,37
100,480,Prey,30,2103.5,1927.2,2209.4
100,490,Predators,30,25.5,14,38.1
100,490,Prey,30,1904,1734.4,1983.5
100,500,Predators,30,25.5,14,38.2
100,500,Prey,30,1733,1551.2,1822.1000000000001
100,510,Predators,30,27,14.9,40.1
100,510,Prey,30,1558.5,1373.7,1646.8000000000002
100,520,Predators,30,28,15.9,41.1
100,520,Prey,30,1415.5,1260,1501.5
100,530,Predators,30,28,15.8,41
100,530,Prey,30,1298.5,1151.5,1379.6000000000001
100,540,Predators,30,28.5,15,41.1
100,540,Prey,30,1182.5,1050.5,1286.1000000000001
100,550,Predators,30,29.5,14.9,42.1
100,550,Prey,30,1088.5,967.4,1185.3000000000002
100,560,Predators,30,31.5,14.9,43
100,560,Prey,30,997,874.6,1103.6000000000001
100,570,Predators,30,31.5,15.8,44.1
100,570,Prey,30,926.5,823.6,1041
100,580,Predators,30,31.5,16.700000000000003,45
100,580,Prey,30,867,770.3000000000001,959.9000000000001
100,590,Predators,30,32,15.700000000000001,45.1
100,590,Prey,30,813.5,735.2,917.7
100,600,Predators,30,32,16.700000000000003,46
100,600,Prey,30,769,703.4,874.4000000000001
100,610,Predators,30,31.5,15.8,48
100,610,Prey,30,736,670.8,828.1000000000001
100,620,Predators,30,31.5,14.9,48.1
100,620,Prey,30,705,649.3,816.6
100,630,Predators,30,31.5,15.9,49
100,630,Prey,30,680.5,617.8000000000001,793.8000000000001
100,640,Predators,30,32.5,16.8,51.1
100,640,Prey,30,668,602.6999999999999,769.9
100,650,Predators,30,33.5,16.9,50
100,650,Prey,30,663,603.8000000000001,762.1
100,660,Predators,30,33.5,17.9,51.1
100,660,Prey,30,657.5,606.8000000000001,748.7
100,670,Predators,30,32.5,17.8,50.2
100,670,Prey,30,663.5,615.8000000000001,753.5
100,680,Predators,30,32,16.9,51.300000000000004
100,680,Prey,30,691,626.5,761.4
100,690,Predators,30,32.5,16,51.2
100,690,Prey,30,714.5,644.7,781.2
100,700,Predators,30,32.5,16,54
100,700,Prey,30,762,691.9,813.0000000000001
100,710,Predators,30,33,17,55
100,710,Prey,30,817,725.5,878.5
100,720,Predators,30,34,17,54.1
100,720,Prey,30,874,789.7,946.2
100,730,Predators,30,33.5,17.9,55
100,730,Prey,30,963,858.6999999999999,1045.4
100,740,Predators,30,34,18.900000000000002,56.1
100,740,Prey,30,1075,971.5,1179.1
100,750,Predators,30,35,19,57.1
100,750,Prey,30,1194.5,1077.7,1325
100,760,Predators,30,34.5,19.9,56.1
100,760,Prey,30,1363.5,1193.7,1488.6000000000001
100,770,Predators,30,35,19.9,58.1
100,770,Prey,30,1540,1331.8,1686.1000000000001
100,780,Predators,30,36.5,20.9,58.300000000000004
100,780,Prey,30,1746,1519.9,1922.3000000000002
100,790,Predators,30,38,20.9,60.60000000000001
100,790,Prey,30,1991.5,1728.8,2171.1000000000004
100,800,Predators,30,39,21.8,61.70000000000001
100,800,Prey,30,2222.5,1958.3,2479.4000000000005
100,810,Predators,30,40,21.8,65.70000000000002
100,810,Prey,30,2498,2205.6,2791.0000000000005
100,820,Predators,30,42.5,22.700000000000003,66.80000000000001
100,820,Prey,30,2784,2466.9,3122.4000000000005
100,830,Predators,30,43,23.9,67.9
100,830,Prey,30,3074.5,2746,3452.6000000000004
100,840,Predators,30,46,25.700000000000003,68.80000000000001
100,840,Prey,30,3388.5,3102.3999999999996,3769.1000000000004
100,850,Predators,30,47.5,26.6,71.60000000000001
100,850,Prey,30,3669,3435,4112.8
100,860,Predators,30,49,26.700000000000003,72.70000000000002
100,860,Prey,30,3939.5,3728.5,4435.9000000000005
100,870,Predators,30,50,27.700000000000003,72.9
100,870,Prey,30,4195,3972.8,4699.200000000001
100,880,Predators,30,50.5,27.700000000000003,74.80000000000001
100,880,Prey,30,4468.5,4138.9,4866
100,890,Predators,30,53,27.8,76.80000000000001
100,890,Prey,30,4647,4274.8,4967.5
100,900,Predators,30,54,29.700000000000003,79.4
100,900,Prey,30,4738.5,4418.8,5024.9
100,910,Predators,30,54,29,78.5
100,910,Prey,30,4771.5,4394.7,5028.7
100,920,Predators,30,53,29.9,76.60000000000001
100,920,Prey,30,4745.5,4371.9000000000005,4958.9000000000005
100,930,Predators,30,53.5,31,78.9
100,930,Prey,30,4646.5,4346.6,4868.700000000001
100,940,Predators,30,54.5,34.900000000000006,80.70000000000002
100,940,Prey,30,4548.5,4280.2,4702.1
100,950,Predators,30,58,34,79.10000000000002
100,950,Prey,30,4369,4087.7999999999997,4547.3
100,960,Predators,30,58,34.800000000000004,82.70000000000002
100,960,Prey,30,4174,3886.6,4390
100,970,Predators,30,59.5,35.8,81.90000000000002
100,970,Prey,30,3952,3673.9,4195.8
100,980,Predators,30,62,35,82.80000000000001
100,980,Prey,30,3728.5,3467.2,3946.9
100,990,Predators,30,63,34.900000000000006,86.70000000000002
100,990,Prey,30,3465,3209.5,3699.8999999999996
100,1000,Predators,30,65,36.9,86.60000000000001
100,1000,Prey,30,3234,2993.2,3478.8
100,1010,Predators,30,65,37.900000000000006,84.80000000000001
100,1010,Prey,30,3017.5,2793.7,3225
100,1020,Predators,30,64,37.7,86.5
100,1020,Prey,30,2839,2613,3018.4
100,1030,Predators,30,65.5,38.6,85.80000000000001
100,1030,Prey,30,2655,2431.2000000000003,2826
100,1040,Predators,30,66.5,40.6,89.60000000000002
100,1040,Prey,30,2457,2223,2656
100,1050,Predators,30,67,41.599999999999994,89.60000000000002
100,1050,Prey,30,2274.5,2036.5,2478.6
100,1060,Predators,30,66.5,41.699999999999996,88.70000000000002
100,1060,Prey,30,2109,1873.6,2314.3
100,1070,Predators,30,67.5,44.2,89.70000000000002
100,1070,Prey,30,1953,1742,2163.7
100,1080,Predators,30,69.5,46.400000000000006,92
100,1080,Prey,30,1821,1605.6000000000001,2023.2
100,1090,Predators,30,71,46.400000000000006,92.4
100,1090,Prey,30,1692.5,1475.1,1890.1
100,1100,Predators,30,73,45.400000000000006,94.4
100,1100,Prey,30,1578.5,1376.6000000000001,1779.3
100,1110,Predators,30,73,46.5,94.80000000000001
100,1110,Prey,30,1475,1273.1999999999998,1690.3
100,1120,Predators,30,74,47.300000000000004,97.60000000000002
100,1120,Prey,30,1388.5,1175.8999999999999,1584.3
100,1130,Predators,30,74,48.4,98.80000000000001
100,1130,Prey,30,1305.5,1107.6000000000001,1500.0000000000002
100,1140,Predators,30,74.5,49.5,98.80000000000001
100,1140,Prey,30,1241,1030.2,1431.2000000000003
100,1150,Predators,30,76,49.5,97.10000000000002
100,1150,Prey,30,1186,1002.1,1359.2000000000003
100,1160,Predators,30,78,50.2,98.80000000000001
100,1160,Prey,30,1139.5,955.2,1318
100,1170,Predators,30,77,52.1,106.2
100,1170,Prey,30,1084.5,939.3,1279.6
100,1180,Predators,30,76.5,53.00000000000001,106.4
100,1180,Prey,30,1051.5,937.2,1232.7
100,1190,Predators,30,76.5,53.10000000000001,106.1
100,1190,Prey,30,1017,908.7,1206.8999999999999
100,1200,Predators,30,76.5,53.10000000000001,107.1
100,1200,Prey,30,997.5,900,1185.1000000000001
100,1210,Predators,30,77,53.10000000000001,109
100,1210,Prey,30,987,892.5999999999999,1164.1000000000001
100,1220,Predators,30,78.5,54.10000000000001,107.4
100,1220,Prey,30,981,884,1159.3999999999999
100,1230,Predators,30,79.5,54.10000000000001,108.60000000000001
100,1230,Prey,30,987,881.0999999999999,1174.3000000000002
100,1240,Predators,30,78.5,54.300000000000004,111.19999999999999
100,1240,Prey,30,1003,883.2,1179.3000000000002
100,1250,Predators,30,79.5,56.2,109.70000000000002
100,1250,Prey,30,1015.5,910.1,1201.4
100,1260,Predators,30,81,55.6,112.4
100,1260,Prey,30,1047.5,941.5,1224.9
100,1270,Predators,30,82.5,56.6,113.50000000000001
100,1270,Prey,30,1093.5,960.5,1256.8000000000002
100,1280,Predators,30,84.5,56.9,114.60000000000001
100,1280,Prey,30,1141,1040.2,1317
100,1290,Predators,30,84.5,56.8,116.30000000000001
100,1290,Prey,30,1217.5,1080.4,1405.8
100,1300,Predators,30,85.5,58.7,118.2
100,1300,Prey,30,1287.5,1131.9,1492.4
100,1310,Predators,30,88,58.800000000000004,119.19999999999999
100,1310,Prey,30,1373,1233.2,1576.1
100,1320,Predators,30,89,59,119.6
100,1320,Prey,30,1490.5,1301.1,1685.4
100,1330,Predators,30,90.5,58.900000000000006,118.70000000000002
100,1330,Prey,30,1616.5,1421.3999999999999,1791.4
100,1340,Predators,30,91.5,59.7,123.3
100,1340,Prey,30,1768,1549.3,1963.6
100,1350,Predators,30,94,60.7,123.4
100,1350,Prey,30,1897,1669.4,2104.8
100,1360,Predators,30,97,64.3,125.20000000000002
100,1360,Prey,30,2063,1817.3000000000002,2284.6000000000004
100,1370,Predators,30,98,63.6,126.30000000000001
100,1370,Prey,30,2218.5,1986.7,2495.8
100,1380,Predators,30,100.5,68.1,125.60000000000002
100,1380,Prey,30,2406.5,2122.5,2744.3999999999996
100,1390,Predators,30,102.5,68.7,124.9
100,1390,Prey,30,2576,2263.5,2995.2000000000003
100,1400,Predators,30,104,70.7,128.8
100,1400,Prey,30,2754.5,2450.4,3174
100,1410,Predators,30,105.5,75.30000000000001,132.60000000000002
100,1410,Prey,30,2926,2614.5,3413
100,1420,Predators,30,107.5,76.1,135.2
100,1420,Prey,30,3103,2766.2000000000003,3587.3
100,1430,Predators,30,109.5,80.7,138.3
100,1430,Prey,30,3282.5,2917.7999999999997,3806.6
100,1440,Predators,30,112,85.2,143
100,1440,Prey,30,3449,3062.6000000000004,3990.9
100,1450,Predators,30,114,86.5,146.10000000000002
100,1450,Prey,30,3590.5,3173.2000000000003,4105.700000000001
100,1460,Predators,30,115.5,88.3,148.1
100,1460,Prey,30,3665.5,3254.7999999999997,4143.3
100,1470,Predators,30,113.5,90.10000000000001,145.8
100,1470,Prey,30,3748,3351.7,4129.200000000001
100,1480,Predators,30,117.5,90.9,144.9
100,1480,Prey,30,3777.5,3385.7000000000003,4104.6
100,1490,Predators,30,118.5,91.9,149.20000000000002
100,1490,Prey,30,3779.5,3375.6,4024.1
100,1500,Predators,30,120,92.10000000000001,151.6
100,1500,Prey,30,3769,3431.9,4001.3999999999996
100,1510,Predators,30,120.5,96,150.9
100,1510,Prey,30,3755,3387.5,3895.2
100,1520,Predators,30,122,95.20000000000002,151.6
100,1520,Prey,30,3700.5,3329.5,3854.6000000000004
100,1530,Predators,30,122.5,92.50000000000001,153.4
100,1530,Prey,30,3594,3257.1,3806.3
100,1540,Predators,30,124,93.6,153.3
100,1540,Prey,30,3476,3148.1,3731.5
100,1550,Predators,30,127,97.9,156.1
100,1550,Prey,30,3341.5,3042.5,3627.7
100,1560,Predators,30,126,96.70000000000002,157.20000000000002
100,1560,Prey,30,3213,2921.7,3508.1
100,1570,Predators,30,125.5,95.80000000000001,155.5
100,1570,Prey,30,3040.5,2801.5,3391.3
100,1580,Predators,30,126.5,96.80000000000001,157.60000000000002
100,1580,Prey,30,2881,2657.8999999999996,3259.2999999999997
100,1590,Predators,30,127,95.80000000000001,160.5
100,1590,Prey,30,2752.5,2522.9,3119.8
100,1600,Predators,30,128,97.6,158.7
100,1600,Prey,30,2612.5,2383,3005.6
100,1610,Predators,30,131,97.5,160.4
100,1610,Prey,30,2497,2253,2906
100,1620,Predators,30,130.5,96.50000000000001,162.3
100,1620,Prey,30,2380.5,2136.2,2781.1
100,1630,Predators,30,130,98.7,159.6
100,1630,Prey,30,2277,2028.2,2652.8999999999996
100,1640,Predators,30,132,96,159.7
100,1640,Prey,30,2168.5,1906.2,2509.9
100,1650,Predators,30,132.5,95.20000000000002,159.4
100,1650,Prey,30,2070.5,1822.8,2388.5
100,1660,Predators,30,134,94.5,162.10000000000002
100,1660,Prey,30,1995.5,1750.1,2278.4
100,1670,Predators,30,134.5,95.50000000000001,162
100,1670,Prey,30,1944,1648.3000000000002,2160.2000000000003
100,1680,Predators,30,134,96.4,161.3
100,1680,Prey,30,1861,1538.7,2101
100,1690,Predators,30,133,97.4,157.70000000000002
100,1690,Prey,30,1757.5,1437.7,2047.5
100,1700,Predators,30,136,96.4,156.4
100,1700,Prey,30,1659.5,1355.8000000000002,1963
100,1710,Predators,30,132.5,101,158.5
100,1710,Prey,30,1594.5,1306.7,1904.6
100,1720,Predators,30,133,101.1,158
100,1720,Prey,30,1533,1259.8,1838.5
100,1730,Predators,30,134.5,103.00000000000001,160.1
100,1730,Prey,30,1466.5,1218.1,1807.4
100,1740,Predators,30,134.5,102.10000000000001,160
100,1740,Prey,30,1426,1189,1769.6
100,1750,Predators,30,137,99.2,162
100,1750,Prey,30,1391.5,1178.9,1714.8
100,1760,Predators,30,138,100.4,163.2
100,1760,Prey,30,1366,1154.3000000000002,1658.4
100,1770,Predators,30,137.5,102.60000000000001,163.1
100,1770,Prey,30,1345.5,1122.2,1620
100,1780,Predators,30,137.5,102.80000000000001,165
100,1780,Prey,30,1332.5,1128.3,1586.6
100,1790,Predators,30,139,103.9,164.2
100,1790,Prey,30,1319,1132.8000000000002,1566.7
100,1800,Predators,30,140,105,165
100,1800,Prey,30,1341,1123.2,1547.3000000000002
100,1810,Predators,30,138.5,104.2,164.2
100,1810,Prey,30,1343.5,1159.3999999999999,1546.7
100,1820,Predators,30,140.5,103.6,162.40000000000003
100,1820,Prey,30,1376.5,1186.3000000000002,1550.6999999999998
100,1830,Predators,30,140.5,101,165.20000000000002
100,1830,Prey,30,1396.5,1211.4,1542.2
100,1840,Predators,30,140,101,162.90000000000003
100,1840,Prey,30,1429.5,1224,1550.1
100,1850,Predators,30,142.5,101,163.9
100,1850,Prey,30,1456.5,1264.6,1570.3
100,1860,Predators,30,142,100,162.60000000000002
100,1860,Prey,30,1528,1268.8,1611.6000000000001
100,1870,Predators,30,142.5,102.89999999999999,162.60000000000002
100,1870,Prey,30,1548,1321.1,1671.7
100,1880,Predators,30,143.5,105.89999999999999,164.60000000000002
100,1880,Prey,30,1596,1373.1,1738.8000000000002
100,1890,Predators,30,146,112.30000000000001,164.70000000000002
100,1890,Prey,30,1647,1440.3,1843.2000000000003
100,1900,Predators,30,149.5,113.4,167.7
100,1900,Prey,30,1721,1520.9,2011.4
100,1910,Predators,30,148.5,115.5,171.4
100,1910,Prey,30,1787,1600.3000000000002,2126.2000000000003
100,1920,Predators,30,151,113.8,174.5
100,1920,Prey,30,1874.5,1654.8999999999999,2214.8
100,1930,Predators,30,153.5,113.8,172.5
100,1930,Prey,30,1938,1751.8000000000002,2292.5000000000005
100,1940,Predators,30,152,111.8,172.3
100,1940,Prey,30,2030,1799.9,2376.1000000000004
100,1950,Predators,30,153,113.8,171.1
100,1950,Prey,30,2142,1899.6,2470.3
100,1960,Predators,30,154.5,118.69999999999999,170.50000000000003
100,1960,Prey,30,2241.5,2020.8000000000002,2587.3
100,1970,Predators,30,159,119.6,174.2
100,1970,Prey,30,2336,2100.8,2709
100,1980,Predators,30,160.5,119.8,174.5
100,1980,Prey,30,2439,2162.4,2844.3
100,1990,Predators,30,158.5,121.7,176.60000000000002
100,1990,Prey,30,2527.5,2269.3,2997.1000000000004
100,2000,Predators,30,159.5,123.7,182.1
100,2000,Prey,30,2629,2379.7,3143.4
100,2010,Predators,30,178,141,199.1
100,2010,Prey,30,1543.5,1394,1915.5
100,2014,Predators,30,182.5,141.9,202.10000000000002
100,2014,Prey,30,0,0,0
